compartment,trajectory,lineage,gene,n_supported_metacells,n_supported_donors,early_mean_log1p_cp10k,late_mean_log1p_cp10k,late_minus_early,direction_descriptive,peak_bin,trough_bin,transient_shape_descriptive,n_donors_with_early_late,donor_median_late_minus_early,donor_wilcoxon_p,donor_wilcoxon_q,donor_supported_fdr_0_05,association_p,association_q,start_end_p,start_end_q,start_end_logFC,module,association_fdr_0_05,start_end_fdr_0_05,trajectory_robustness,direction_concordant,association_sig,start_end_sig,donor_sig,abs_effect,support_score
PT,PT,Lineage3,CFB,2613,197,0.0788584412903738,0.695943350347126,0.6170849090567521,increasing,10,1,True,26,0.2309371962586,0.0001259557185277,0.0011587926104556,True,0.0,0.0,0.0,0.0,3.46405019690174,alternative,True,True,strong,True,True,True,True,0.6170849090567521,5.617084909056752
PT,PT,Lineage3,C3,2613,197,0.0623331218166901,0.5709471460863748,0.5086140242696846,increasing,10,1,True,26,0.0537933970455652,0.0032159320975066,0.0123277397071086,True,0.0,0.0,0.0,0.0,5.58631010817289,alternative,True,True,strong,True,True,True,True,0.5086140242696846,5.508614024269685
PT,PT,Lineage3,CD46,2613,197,0.6887084778766636,1.0323874695923607,0.3436789917156971,increasing,10,6,True,26,0.373196566252267,8.156895637512207e-05,0.0010867863893508,True,0.0,0.0,2.2851387293521e-07,1.40879953884974e-06,0.510648161310417,regulator,True,True,strong,True,True,True,True,0.3436789917156971,5.343678991715697
PT,PT,Lineage6,CD59,1972,137,0.4337163040229727,0.719531184289928,0.2858148802669553,increasing,10,2,True,31,0.2965603263278465,9.313225746154783e-10,2.142041921615601e-08,True,0.0,0.0,0.0001612508095215,0.0027003902954643,0.711376116945175,regulator,True,True,strong,True,True,True,True,0.2858148802669553,5.285814880266956
PT,PT,Lineage3,C1R,2613,197,0.0334931075381312,0.1997660715282678,0.1662729639901365,increasing,10,2,True,26,0.0470611269006706,0.0018439083987014,0.0084819786340264,True,0.0,0.0,3.7583859169299e-07,2.212556990488208e-06,2.19084447115436,classical,True,True,strong,True,True,True,True,0.1662729639901365,5.166272963990137
PT,PT,Lineage3,C9,2613,197,0.1964364987043436,0.0520583463634148,-0.1443781523409288,decreasing,3,9,True,26,-0.1658942274665052,2.694129943847656e-05,0.0006196498870849,True,0.0,0.0,0.0001285753112899,0.0004280576118685,-1.23516633344415,terminal,True,True,strong,True,True,True,True,0.1443781523409288,5.144378152340929
PT,PT,Lineage2,C5AR1,2527,197,0.1503308784277239,0.0568178373692902,-0.0935130410584337,decreasing,4,8,True,37,-0.0790638719973157,8.218921720981598e-07,1.260234663883845e-05,True,0.0,0.0,0.0012661588157945,0.003023405948706,-2.20793394440447,receptor,True,True,strong,True,True,True,True,0.0935130410584337,5.093513041058434
PT,PT,Lineage2,C1S,2527,197,0.136747510634168,0.0591622979161973,-0.0775852127179707,decreasing,5,10,True,37,-0.0896871186170638,0.000880575767951,0.0032487673480933,True,0.0,0.0,2.5249378143854504e-09,1.3689117447518817e-08,-2.83821460345483,classical,True,True,strong,True,True,True,True,0.0775852127179707,5.07758521271797
PT,PT,Lineage2,C2,2527,197,0.1374983108014699,0.0664548785374559,-0.0710434322640139,decreasing,3,10,True,37,-0.0926690063514023,6.170429385609796e-05,0.0004054853596257,True,0.0,0.0,1.57570254026851e-05,5.1759093599543145e-05,-2.01830673554135,classical,True,True,strong,True,True,True,True,0.0710434322640139,5.071043432264014
PT,PT,Lineage3,MASP1,2613,197,0.1469427362909749,0.0952369313093029,-0.051705804981672,decreasing,5,8,True,26,-0.0931928130196013,0.0046893656253814,0.0165931399051959,True,0.0,0.0,0.0092922577886912,0.0191829309594111,0.710310727989832,lectin,True,True,strong,False,True,True,True,0.051705804981672,5.051705804981672
PT,PT,Lineage7,C7,2346,144,0.1312227035604729,0.1084544092491743,-0.0227682943112985,decreasing,1,10,True,37,-0.0133847919289386,0.0062638480953786,0.0315566732431761,True,0.0002673600688066,0.0008388834278213,0.0014596938643317,0.0146306965957761,-1.71550567438971,terminal,True,True,strong,True,True,True,True,0.0227682943112985,4.407305592439439
Glomerular,podocyte_PEC,Lineage1,CR1,410,146,1.6577703945625577,0.0843814842068398,-1.5733889103557177,decreasing,1,8,True,8,-1.710775797987727,0.0078125,0.0671875,False,0.0,0.0,0.0,0.0,-4.12639738906222,receptor,True,True,strong,True,True,True,False,1.5733889103557177,2.5733889103557175
FIB,contractile,Lineage1,C3,340,138,0.0889080963248666,1.5052072114608988,1.4162991151360322,increasing,8,1,True,0,,,,False,0.0,0.0,3.25902468345518e-08,8.890076165685154e-06,6.874716800917,alternative,True,True,strong,True,True,True,False,1.4162991151360322,2.4162991151360322
FIB,outer_medullary,Lineage1,SERPING1,262,57,0.58246494213107,1.665130058313467,1.082665116182397,increasing,10,2,True,0,,,,False,0.0,0.0,5.79186264504372e-08,5.687116192952504e-07,1.51638173968085,regulator,True,True,strong,True,True,True,False,1.082665116182397,2.082665116182397
Glomerular,endothelial_mesangial,Lineage3,CFH,197,117,0.1123622338165919,0.8505709579057609,0.7382087240891689,increasing,9,1,True,0,,,,False,2.49011811170874e-10,2.9470547852072936e-08,3.57824880836688e-13,1.165510530464803e-10,4.52610218193538,regulator,True,True,strong,True,True,True,False,0.7382087240891689,1.6795351979167141
PT,PT,Lineage1,CFI,3026,205,1.0545161322507,0.4402802841640963,-0.6142358480866037,decreasing,2,10,True,3,-0.7372697683787354,,,False,0.0,0.0,0.0,0.0,-1.29884351510579,regulator,True,True,strong,True,True,True,False,0.6142358480866037,1.6142358480866037
FIB,contractile,Lineage3,CD55,391,135,0.4229450626472383,0.7064424838164096,0.2834974211691712,increasing,10,3,True,0,,,,False,3.42070816117257e-12,2.7750494957512473e-10,0.0005344866517109,0.0133644120684206,1.18278551018039,regulator,True,True,strong,True,True,True,False,0.2834974211691712,1.2834974211691712
Glomerular,endothelial_mesangial,Lineage2,FCN3,174,81,0.6247456836666399,1.4271971534492658,0.8024514697826259,increasing,10,4,True,1,0.2202278208991352,,,False,5.97723100378422e-05,0.0016023677350319,0.0003965672398182,0.0039617123829484,2.10199861115336,lectin,True,True,caution,True,True,True,False,0.8024514697826259,1.1518561958446862
PT,PT,Lineage1,C5,3026,205,0.1795748840951471,0.0343534836328662,-0.1452214004622808,decreasing,2,9,True,3,-0.02123197369605,,,False,0.0,0.0,9.9512953433134e-11,6.338758674003566e-10,-1.73624416909969,terminal,True,True,strong,True,True,True,False,0.1452214004622808,1.1452214004622807
PT,PT,Lineage5,C6,2085,175,0.0823091602140044,0.1544119820640663,0.0721028218500619,increasing,6,4,True,14,0.0110624223592895,0.11585149752593,0.2369689722121297,False,4.39173142297022e-11,2.6037895333121743e-10,0.0090980638270415,0.0405835823655803,1.84357285588926,terminal,True,True,strong,True,True,True,False,0.0721028218500619,1.072102821850062
PT,PT,Lineage1,CR2,3026,205,0.0704235580398649,0.0033001269949072,-0.0671234310449577,decreasing,1,8,True,3,-0.0224712520470824,,,False,0.0,0.0,1.2222195477917801e-09,6.82615917542471e-09,-3.79650807353676,receptor,True,True,strong,True,True,True,False,0.0671234310449577,1.0671234310449578
PT,PT,Lineage1,C1QA,3026,205,0.0170009473376879,0.005796138026816,-0.0112048093108718,decreasing,7,10,True,3,0.0294218951251241,,,False,3.4416913763379904e-15,5.955557943403678e-15,2.76642048713249e-07,1.143397519667386e-06,-3.48170931135582,classical,True,True,strong,True,True,True,False,0.0112048093108718,1.0112048093108719
PT,PT,Lineage1,C8A,3026,205,0.0034206335615922,0.0131292454828546,0.0097086119212624,increasing,10,8,True,3,0.0,,,False,3.52978757334199e-10,5.36850763014605e-10,0.0009903826513126,0.0023015112122192,2.94375542755468,terminal,True,True,strong,True,True,True,False,0.0097086119212624,1.0097086119212624
PT,PT,Lineage1,C1QB,3026,205,0.00956341771099,0.0036118355658536,-0.0059515821451364,decreasing,6,9,True,3,0.0,,,False,1.95399252334028e-13,3.24119855945988e-13,3.51533519959979e-07,1.4319043942730725e-06,-4.62916612693413,classical,True,True,strong,True,True,True,False,0.0059515821451364,1.0059515821451364
FIB,outer_medullary,Lineage1,CFD,262,57,0.1175637606741937,0.4487134718682634,0.3311497111940696,increasing,10,1,True,0,,,,False,6.57874867279196e-05,0.0002118114910111,3.73901724248782e-07,2.9756513584967244e-06,2.2001869676722,alternative,True,True,strong,True,True,True,False,0.3311497111940696,0.7904060215223647
PT,PT,Lineage3,C8G,2613,197,0.0056633280938531,0.0316912207780456,0.0260278926841924,increasing,9,1,True,26,-0.0007128416455632,0.2859791906640567,0.3869130226631356,False,1.83022561843771e-05,3.022624174305844e-05,0.025849407017328,0.0467615535575171,1.96200016646384,terminal,True,True,strong,True,True,True,False,0.0260278926841924,0.590979873756525
PT,PT,Lineage2,CD46,2527,197,0.6889898655455281,0.8532050312802493,0.1642151657347211,increasing,8,10,True,37,0.2353915796198452,0.0001753965334501,0.0008068240538705,True,0.0,0.0,3.58213458895307e-12,2.7902536499860897e-11,-1.05545731097791,regulator,True,True,strong,False,True,True,True,0.1642151657347211,5.1642151657347215
PT,PT,Lineage9,CD59,1034,66,0.441992743593781,0.7269525358898653,0.2849597922960843,increasing,10,2,True,9,0.2695140406853266,0.00390625,0.0359375,True,1.82351468513975e-06,2.5796727207441073e-05,0.0005157318774176,0.0076254703501317,0.793706605536331,regulator,True,True,strong,True,True,True,True,0.2849597922960843,4.858514215901009
PT,PT,Lineage7,C1R,2346,144,0.0250418673698894,0.0177844349905166,-0.0072574323793727,decreasing,4,9,True,37,-0.0070613899401238,0.0040398244190993,0.0232289904098215,True,0.0088306269106768,0.0214845205758761,0.006098078943991,0.0411255226957346,-1.75053545201271,classical,True,True,strong,True,True,True,True,0.0072574323793727,4.215741724016076
FIB,outer_medullary,Lineage1,C1R,262,57,0.7548660802492866,1.7551401310148047,1.000274050765518,increasing,10,1,True,0,,,,False,0.0,0.0,2.7605895347449e-10,4.598345051983251e-09,1.56049743276925,classical,True,True,strong,True,True,True,False,1.000274050765518,2.000274050765518
Glomerular,podocyte_PEC,Lineage2,C1R,234,116,0.2838241863661155,0.7444175545521285,0.460593368186013,increasing,7,1,True,1,0.4706644350415326,,,False,5.55111512312578e-16,1.022416565948798e-14,0.0021026428328956,0.0207221950427055,1.5687447142486,classical,True,True,strong,True,True,True,False,0.460593368186013,1.460593368186013
FIB,outer_medullary,Lineage1,CD46,262,57,1.8013827554728383,1.38899779339967,-0.4123849620731685,decreasing,4,8,True,0,,,,False,0.0,0.0,5.47291921892956e-07,4.182931099085422e-06,-0.81348517831079,regulator,True,True,strong,True,True,True,False,0.4123849620731685,1.4123849620731685
Glomerular,podocyte_PEC,Lineage2,CD46,234,116,0.890033602419773,1.2268380657855642,0.3368044633657912,increasing,7,1,True,1,0.3808461371233681,,,False,3.55490858972018e-10,3.156134412589892e-09,0.0015481307987291,0.016714009475759,0.761150451029573,regulator,True,True,strong,True,True,True,False,0.3368044633657912,1.3368044633657912
PT,PT,Lineage1,C5AR1,3026,205,0.196827968575291,0.4688678021814746,0.2720398336061836,increasing,10,1,True,3,-0.1245754218247965,,,False,0.0,0.0,4.44089209850063e-16,4.9656414744328505e-15,2.55059179094437,receptor,True,True,strong,True,True,True,False,0.2720398336061836,1.2720398336061836
FIB,contractile,Lineage4,CFH,254,93,1.4138469596862957,0.6807973051386531,-0.7330496545476426,decreasing,2,10,True,2,-1.0634978744527577,,,False,6.73437183407177e-06,0.0001103786578679,1.24678934843026e-07,1.3695437091112795e-05,-1.19575788351355,regulator,True,True,caution,True,True,True,False,0.7330496545476426,1.2276890159194884
PT,PT,Lineage1,C3,3026,205,0.1166811322091133,0.3195378440891236,0.2028567118800102,increasing,7,1,True,3,0.7624217511528185,,,False,0.0,0.0,0.014530791796353,0.0260556274908539,1.26263316726124,alternative,True,True,strong,True,True,True,False,0.2028567118800102,1.2028567118800102
PT,PT,Lineage1,CD46,3026,205,0.7224653297007883,0.9217882725662384,0.1993229428654502,increasing,6,1,True,3,0.1786773085281475,,,False,0.0,0.0,5.50706500623832e-07,2.1864803716596627e-06,0.472312150563003,regulator,True,True,strong,True,True,True,False,0.1993229428654502,1.1993229428654502
PT,PT,Lineage1,C9,3026,205,0.1752460732291779,0.0402185418031561,-0.1350275314260218,decreasing,2,10,True,3,-0.0851267368302429,,,False,0.0,0.0,3.3850700020821e-13,2.816991818168936e-12,-1.78628967455139,terminal,True,True,strong,True,True,True,False,0.1350275314260218,1.1350275314260219
PT,PT,Lineage5,C5AR1,2085,175,0.1209556021636356,0.2458747567213124,0.1249191545576768,increasing,6,1,True,14,0.0732355514749045,0.463134765625,0.5729682450713307,False,0.0,0.0,0.0016316217369379,0.0109499049363407,1.42108184271394,receptor,True,True,strong,True,True,True,False,0.1249191545576768,1.1249191545576769
PT,PT,Lineage8,CFB,1530,173,0.0605626483268769,0.1765273014110769,0.1159646530841999,increasing,10,1,True,3,-0.1189460036910286,,,False,2.2204460492503099e-16,2.7543196182510427e-15,0.0012678079314613,0.0134776673511319,1.53271785583627,alternative,True,True,strong,True,True,True,False,0.1159646530841999,1.1159646530842
PT,PT,Lineage1,C7,3026,205,0.1301720173811037,0.0273217829825924,-0.1028502343985113,decreasing,6,10,True,3,-0.0034362217989757,,,False,0.0,0.0,0.0,0.0,-6.2062548213462,terminal,True,True,strong,True,True,True,False,0.1028502343985113,1.1028502343985114
PT,PT,Lineage1,CFB,3026,205,0.0915418471383497,0.1861485684607068,0.0946067213223571,increasing,7,1,True,3,0.0724709359929506,,,False,0.0,0.0,0.0228969381784547,0.0391831833157319,0.869916392527654,alternative,True,True,strong,True,True,True,False,0.0946067213223571,1.0946067213223571
PT,PT,Lineage5,CFB,2085,175,0.0640076296928498,0.1540101953036308,0.0900025656107809,increasing,10,1,True,14,0.0241617788449206,0.6697998046875,0.7225972202521005,False,0.0,0.0,8.2308682675003e-05,0.0010037305309889,2.06511755482987,alternative,True,True,strong,True,True,True,False,0.0900025656107809,1.090002565610781
PT,PT,Lineage1,C6,3026,205,0.0919267373260971,0.0262669813386361,-0.0656597559874609,decreasing,3,10,True,3,-0.0193700056610669,,,False,1.66533453693773e-15,2.900715329590918e-15,3.79265338046331e-06,1.3293654788899054e-05,-2.46414790347851,terminal,True,True,strong,True,True,True,False,0.0656597559874609,1.065659755987461
PT,PT,Lineage1,MASP1,3026,205,0.1858535270694067,0.1435621551423631,-0.0422913719270436,decreasing,3,8,True,3,-0.159359613193261,,,False,0.0,0.0,5.61898092370505e-05,0.0001645895061052,1.11743797685055,lectin,True,True,strong,False,True,True,False,0.0422913719270436,1.0422913719270437
PT,PT,Lineage1,C2,3026,205,0.1418011599367657,0.177813472763864,0.0360123128270982,increasing,10,7,True,3,-0.029964239918606,,,False,0.0,0.0,8.18482836728585e-07,3.1672362628407924e-06,1.02974791035803,classical,True,True,strong,True,True,True,False,0.0360123128270982,1.0360123128270982
