source,path,status,rows,columns
root_sensitivity,/Users/aumchampaneri/Research/hs-ckd-aki/data/trajectory/trajectory_root_sensitivity_lineages.csv,loaded,46,compartment;trajectory;sensitivity_root_subclass;sensitivity_original_root_cluster;sensitivity_mapped_root_cluster;primary_lineage;sensitivity_lineage;primary_terminal;sensitivity_terminal;match_method;path_jaccard;spearman_rho;n_overlap
representation_sensitivity,/Users/aumchampaneri/Research/hs-ckd-aki/data/trajectory/trajectory_representation_sensitivity_lineages.csv,loaded,42,compartment;trajectory;representation;primary_lineage;sensitivity_lineage;spearman_rho;n_overlap
dpt_comparison,/Users/aumchampaneri/Research/hs-ckd-aki/data/trajectory/trajectory_dpt_lineage_comparison.csv,loaded,26,compartment;trajectory;lineage;root_obs_id;root_subclass;original_root_cluster;spearman_rho;n_overlap
donor_subsampling,/Users/aumchampaneri/Research/hs-ckd-aki/data/trajectory/trajectory_donor_subsampling_lineage_stability.csv,loaded,26,compartment;trajectory;primary_lineage;n_successful_runs;n_runs_matched;match_fraction;spearman_median;spearman_q05;spearman_q25;spearman_q75;spearman_q95;spearman_min;spearman_max
donor_lineage_coverage,/Users/aumchampaneri/Research/hs-ckd-aki/data/trajectory/trajectory_donor_lineage_coverage.csv,loaded,26,compartment;trajectory;lineage;n_donors;n_donors_finite_weighted_pseudotime;fraction_donors_finite_weighted_pseudotime;n_donors_positive_lineage_support;fraction_donors_positive_lineage_support;median_metacells_per_donor;median_lineage_weight_sum;median_lineage_effective_metacells;robustness_match_fraction;robustness_spearman_median;robustness_spearman_q05
disease_pairwise,/Users/aumchampaneri/Research/hs-ckd-aki/data/trajectory/trajectory_disease_pairwise.csv,loaded,449,compartment;trajectory;lineage;endpoint;outcome;disease_1;disease_2;n_disease_1;n_disease_2;median_disease_1;median_disease_2;median_difference;mean_disease_1;mean_disease_2;mannwhitney_u;rank_biserial;pvalue;robustness_match_fraction;robustness_spearman_median;robustness_spearman_q05;pvalue_bh
disease_group_summary,/Users/aumchampaneri/Research/hs-ckd-aki/data/trajectory/trajectory_disease_group_summary.csv,loaded,128,compartment;trajectory;lineage;dominant_disease;n_donors_total;occupancy_n;occupancy_mean;occupancy_median;occupancy_q25;occupancy_q75;position_n;position_mean;position_median;position_q25;position_q75;robustness_match_fraction;robustness_spearman_median
disease_assay_adjusted,/Users/aumchampaneri/Research/hs-ckd-aki/data/trajectory/trajectory_disease_assay_adjusted.csv,loaded,186,compartment;trajectory;lineage;endpoint;outcome;disease;disease_reference;assay_reference;n_model_donors;n_disease;n_reference;coefficient;standard_error_hc3;ci95_low;ci95_high;pvalue;robustness_match_fraction;robustness_spearman_median;robustness_spearman_q05;pvalue_bh
disease_assay_concordance,/Users/aumchampaneri/Research/hs-ckd-aki/data/trajectory/trajectory_disease_assay_concordance.csv,loaded,186,compartment;trajectory;lineage;endpoint;disease;reference;unadjusted_rank_biserial;unadjusted_median_difference;unadjusted_pvalue;unadjusted_pvalue_bh;assay_adjusted_coefficient;assay_adjusted_pvalue;assay_adjusted_pvalue_bh;effect_direction_concordant;robustness_match_fraction;robustness_spearman_median;robustness_spearman_q05
existing_disease_de,/Users/aumchampaneri/Research/hs-ckd-aki/data/trajectory/complement/complement_existing_disease_de.csv,loaded,138,gene;comparison_id_join;comparison;deseq2_p_value;deseq2_q_value;is_de_primary_q_0_05;n_donors_group1;n_donors_group2;n_cells_group1;n_cells_group2
fit_test_audit,/Users/aumchampaneri/Research/hs-ckd-aki/data/trajectory/complement/complement_fit_test_audit.csv,loaded,235,compartment;trajectory;gene;module;in_tradeseq_filtered_matrix;fit_converged;total_counts;n_nonzero_metacells;keep_tradeseq
test_availability,/Users/aumchampaneri/Research/hs-ckd-aki/data/trajectory/complement/complement_tradeseq_test_availability.csv,loaded,230,compartment;trajectory;test;contrast;n_complement_rows;n_test_available;n_fdr_lt_0_05
