pseudotime_bin,pseudotime_midpoint,weighted_mean_expression,pooled_metacell_mean,donor_mean_expression,donor_sd,donor_sem,ci95_low,ci95_high,n_donors,n_metacells,sum_weight,compartment,trajectory,lineage,module
1,0.041666666666666664,0.17430560730545436,0.1721100508522005,0.17430560730545436,0.022658808273765995,0.007165344321016864,0.15809647232535012,0.1905147422855586,10,54,43.04673660049709,FIB,contractile,Lineage1,classical
2,0.125,0.21560824093579375,0.21560824093579375,0.1963588253576643,,,,,4,32,31.084123973193375,FIB,contractile,Lineage1,classical
3,0.20833333333333331,0.22002271624208894,0.19845496239340205,0.22002271624208894,0.06770221158846089,0.025589030724591816,0.15740861370277248,0.2826368187814054,7,34,29.88634665438988,FIB,contractile,Lineage1,classical
4,0.29166666666666663,0.1914493197985407,0.21550749487348986,0.1914493197985407,0.07821942171055841,0.018970996334550797,0.1512326041374241,0.23166603545965733,17,73,57.404074309754485,FIB,contractile,Lineage1,classical
5,0.375,0.2131271388624738,0.2214511128616056,0.2131271388624738,0.07635376991943713,0.01908844247985928,0.17244108681334247,0.25381319091160515,16,77,45.796275750160426,FIB,contractile,Lineage1,classical
6,0.4583333333333333,0.25390912515192976,0.25390912515192976,0.27050666429336245,,,,,4,34,33.13039340341358,FIB,contractile,Lineage1,classical
7,0.5416666666666666,0.2646029876981108,0.2646029876981108,,,,,,0,14,14.0,FIB,contractile,Lineage1,classical
8,0.625,0.2587195534095308,0.2587195534095308,0.27309593009249367,,,,,1,11,11.0,FIB,contractile,Lineage1,classical
9,0.7083333333333333,0.34687736227958915,0.34687736227958915,,,,,,0,6,6.0,FIB,contractile,Lineage1,classical
10,0.7916666666666666,0.3509989903762296,0.3509989903762296,,,,,,0,3,3.0,FIB,contractile,Lineage1,classical
11,0.875,0.425366182501351,0.425366182501351,,,,,,0,1,1.0,FIB,contractile,Lineage1,classical
12,0.9583333333333333,0.2039469524347039,0.2039469524347039,,,,,,0,1,1.0,FIB,contractile,Lineage1,classical
1,0.041666666666666664,0.006982023337555872,0.010067888360195516,0.006982023337555872,0.006372026411668873,0.0020150116771623355,0.0024237502388284437,0.0115402964362833,10,54,43.04673660049709,FIB,contractile,Lineage1,lectin
2,0.125,0.004226384393538213,0.004226384393538213,0.0019888109503892193,,,,,4,32,31.084123973193375,FIB,contractile,Lineage1,lectin
3,0.20833333333333331,0.0025428584688613545,0.004491186798527334,0.0025428584688613545,0.005086484896918576,0.0019225105835332231,-0.002161355461937719,0.007247072399660428,7,34,29.88634665438988,FIB,contractile,Lineage1,lectin
4,0.29166666666666663,0.008198389043236278,0.006444010493490805,0.008198389043236278,0.006450656104288751,0.001564513910148109,0.004881767714408316,0.01151501037206424,17,73,57.404074309754485,FIB,contractile,Lineage1,lectin
5,0.375,0.010579721298522415,0.008680067474188802,0.010579721298522415,0.007903892955368742,0.0019759732388421854,0.006368034036554855,0.014791408560489976,16,77,45.796275750160426,FIB,contractile,Lineage1,lectin
6,0.4583333333333333,0.010325327200536487,0.010325327200536487,0.005945077722547355,,,,,4,34,33.13039340341358,FIB,contractile,Lineage1,lectin
7,0.5416666666666666,0.012380587146589342,0.012380587146589342,,,,,,0,14,14.0,FIB,contractile,Lineage1,lectin
8,0.625,0.017341445045056678,0.017341445045056678,0.012287626066437254,,,,,1,11,11.0,FIB,contractile,Lineage1,lectin
9,0.7083333333333333,0.023513733689516866,0.023513733689516866,,,,,,0,6,6.0,FIB,contractile,Lineage1,lectin
10,0.7916666666666666,0.010110161685660528,0.010110161685660528,,,,,,0,3,3.0,FIB,contractile,Lineage1,lectin
11,0.875,0.018363813691361495,0.018363813691361495,,,,,,0,1,1.0,FIB,contractile,Lineage1,lectin
12,0.9583333333333333,0.0,0.0,,,,,,0,1,1.0,FIB,contractile,Lineage1,lectin
1,0.041666666666666664,0.02860650488360153,0.043859241085632224,0.02860650488360153,0.029966039425281518,0.009476093703829264,0.007170091635607535,0.050042918131595525,10,54,43.04673660049709,FIB,contractile,Lineage1,alternative
2,0.125,0.05577294701420538,0.05577294701420538,0.0530644333371436,,,,,4,32,31.084123973193375,FIB,contractile,Lineage1,alternative
3,0.20833333333333331,0.08851493256062216,0.07684096208180478,0.08851493256062216,0.054228890175212346,0.020496593896949394,0.038361574046071045,0.13866829107517328,7,34,29.88634665438988,FIB,contractile,Lineage1,alternative
4,0.29166666666666663,0.09576064068453709,0.11192781526368044,0.09576064068453709,0.07541099440707297,0.01828985266313085,0.05698788510199447,0.13453339626707972,17,73,57.404074309754485,FIB,contractile,Lineage1,alternative
5,0.375,0.11009140466976805,0.11772661569386825,0.11009140466976805,0.09737964418801834,0.024344911047004585,0.05820145508194799,0.1619813542575881,16,77,45.796275750160426,FIB,contractile,Lineage1,alternative
6,0.4583333333333333,0.16579975454013557,0.16579975454013557,0.1353829827841194,,,,,4,34,33.13039340341358,FIB,contractile,Lineage1,alternative
7,0.5416666666666666,0.2794020917695181,0.2794020917695181,,,,,,0,14,14.0,FIB,contractile,Lineage1,alternative
8,0.625,0.3206838417079206,0.3206838417079206,0.19710827408625833,,,,,1,11,11.0,FIB,contractile,Lineage1,alternative
9,0.7083333333333333,0.6443496566910587,0.6443496566910587,,,,,,0,6,6.0,FIB,contractile,Lineage1,alternative
10,0.7916666666666666,0.8908802468029862,0.8908802468029862,,,,,,0,3,3.0,FIB,contractile,Lineage1,alternative
11,0.875,0.7046579307114845,0.7046579307114845,,,,,,0,1,1.0,FIB,contractile,Lineage1,alternative
12,0.9583333333333333,0.20419177683779421,0.20419177683779421,,,,,,0,1,1.0,FIB,contractile,Lineage1,alternative
1,0.041666666666666664,0.5484646665517579,0.5576018445928441,0.5484646665517579,0.03501344284850751,0.011072222812541761,0.5234175584076499,0.5735117746958658,10,54,43.04673660049709,FIB,contractile,Lineage1,terminal
2,0.125,0.5853044269365338,0.5853044269365338,0.5903703740120174,,,,,4,32,31.084123973193375,FIB,contractile,Lineage1,terminal
3,0.20833333333333331,0.6140549713393469,0.5826654374957592,0.6140549713393469,0.06783288625057568,0.02563842110439369,0.5513200148943608,0.6767899277843331,7,34,29.88634665438988,FIB,contractile,Lineage1,terminal
4,0.29166666666666663,0.5234627811331187,0.5321287723677411,0.5234627811331187,0.09127932954085137,0.0221384892430878,0.4765312804699495,0.5703942817962879,17,73,57.404074309754485,FIB,contractile,Lineage1,terminal
5,0.375,0.5118332850693031,0.5105821115422152,0.5118332850693031,0.10582657145937004,0.02645664286484251,0.45544228565800926,0.568224284480597,16,77,45.796275750160426,FIB,contractile,Lineage1,terminal
6,0.4583333333333333,0.5322954456287062,0.5322954456287062,0.5501684835486713,,,,,4,34,33.13039340341358,FIB,contractile,Lineage1,terminal
7,0.5416666666666666,0.4845139008946097,0.4845139008946097,,,,,,0,14,14.0,FIB,contractile,Lineage1,terminal
8,0.625,0.5265537922519207,0.5265537922519207,0.4717252829549081,,,,,1,11,11.0,FIB,contractile,Lineage1,terminal
9,0.7083333333333333,0.45377693032871363,0.45377693032871363,,,,,,0,6,6.0,FIB,contractile,Lineage1,terminal
10,0.7916666666666666,0.42176066532142215,0.42176066532142215,,,,,,0,3,3.0,FIB,contractile,Lineage1,terminal
11,0.875,0.2996482012526404,0.2996482012526404,,,,,,0,1,1.0,FIB,contractile,Lineage1,terminal
12,0.9583333333333333,0.46398602689097507,0.46398602689097507,,,,,,0,1,1.0,FIB,contractile,Lineage1,terminal
1,0.041666666666666664,0.02699932766729655,0.030473206668479663,0.02699932766729655,0.016428381146279935,0.005195110269161243,0.01524717176009656,0.038751483574496544,10,54,43.04673660049709,FIB,contractile,Lineage1,receptor
2,0.125,0.02765440579071427,0.02765440579071427,0.025157672153884474,,,,,4,32,31.084123973193375,FIB,contractile,Lineage1,receptor
3,0.20833333333333331,0.03607563988905994,0.03408856225656527,0.03607563988905994,0.015853467068199886,0.005992047325801308,0.021413628274935204,0.05073765150318468,7,34,29.88634665438988,FIB,contractile,Lineage1,receptor
4,0.29166666666666663,0.04238700759275334,0.0428986230597007,0.04238700759275334,0.021195966573071094,0.0051407770010490185,0.031489047186116025,0.05328496799939065,17,73,57.404074309754485,FIB,contractile,Lineage1,receptor
5,0.375,0.04739258139049845,0.049566458915344634,0.04739258139049845,0.022060639655481395,0.005515159913870349,0.0356372962983925,0.0591478664826044,16,77,45.796275750160426,FIB,contractile,Lineage1,receptor
6,0.4583333333333333,0.05304456995157417,0.05304456995157417,0.05236555794850745,,,,,4,34,33.13039340341358,FIB,contractile,Lineage1,receptor
7,0.5416666666666666,0.07595195156851929,0.07595195156851929,,,,,,0,14,14.0,FIB,contractile,Lineage1,receptor
8,0.625,0.04580733403155346,0.04580733403155346,0.09061233542277426,,,,,1,11,11.0,FIB,contractile,Lineage1,receptor
9,0.7083333333333333,0.036187429077601696,0.036187429077601696,,,,,,0,6,6.0,FIB,contractile,Lineage1,receptor
10,0.7916666666666666,0.04472396709607995,0.04472396709607995,,,,,,0,3,3.0,FIB,contractile,Lineage1,receptor
11,0.875,0.04615847838786444,0.04615847838786444,,,,,,0,1,1.0,FIB,contractile,Lineage1,receptor
12,0.9583333333333333,0.014530126913071019,0.014530126913071019,,,,,,0,1,1.0,FIB,contractile,Lineage1,receptor
1,0.041666666666666664,0.7349654100564902,0.7240521430798241,0.7349654100564902,0.15834364776992654,0.05007265799724093,0.621693188104888,0.8482376320080923,10,54,43.04673660049709,FIB,contractile,Lineage1,regulator
2,0.125,0.6907156401939648,0.6907156401939648,0.7024535262468592,,,,,4,32,31.084123973193375,FIB,contractile,Lineage1,regulator
3,0.20833333333333331,0.748800105308952,0.6901563464492111,0.748800105308952,0.08557369793921374,0.032343817645045715,0.6696576346020179,0.8279425760158862,7,34,29.88634665438988,FIB,contractile,Lineage1,regulator
4,0.29166666666666663,0.6922220054957603,0.7074046922902074,0.6922220054957603,0.18277564909770105,0.04432960629533239,0.598247438197904,0.7861965727936165,17,73,57.404074309754485,FIB,contractile,Lineage1,regulator
5,0.375,0.7299545868733506,0.7483383102162401,0.7299545868733506,0.1625423849162421,0.040635596229060524,0.6433418637573873,0.8165673099893138,16,77,45.796275750160426,FIB,contractile,Lineage1,regulator
6,0.4583333333333333,0.7618338656283807,0.7618338656283807,0.820518180654717,,,,,4,34,33.13039340341358,FIB,contractile,Lineage1,regulator
7,0.5416666666666666,0.7402266247512628,0.7402266247512628,,,,,,0,14,14.0,FIB,contractile,Lineage1,regulator
8,0.625,0.7780664512768145,0.7780664512768145,0.6866368421974655,,,,,1,11,11.0,FIB,contractile,Lineage1,regulator
9,0.7083333333333333,0.8864058725741635,0.8864058725741635,,,,,,0,6,6.0,FIB,contractile,Lineage1,regulator
10,0.7916666666666666,0.8899139898851356,0.8899139898851356,,,,,,0,3,3.0,FIB,contractile,Lineage1,regulator
11,0.875,0.8366001950973998,0.8366001950973998,,,,,,0,1,1.0,FIB,contractile,Lineage1,regulator
12,0.9583333333333333,0.7383922828254058,0.7383922828254058,,,,,,0,1,1.0,FIB,contractile,Lineage1,regulator
1,0.041666666666666664,0.010055893521900412,0.008634979029881362,0.010055893521900412,0.01576566418762406,0.004985540765824022,-0.0012221832322095103,0.021333970276010333,10,54,43.04673660049709,FIB,contractile,Lineage1,cfhr
2,0.125,0.014142688666738401,0.014142688666738401,0.011896721334488054,,,,,4,32,31.084123973193375,FIB,contractile,Lineage1,cfhr
3,0.20833333333333331,0.03280742675965624,0.0373246182018021,0.03280742675965624,0.024882121206683722,0.009404557829235929,0.009795302752520642,0.05581955076679184,7,34,29.88634665438988,FIB,contractile,Lineage1,cfhr
4,0.29166666666666663,0.05058817408486733,0.05376527957968536,0.05058817408486733,0.04763507537761978,0.011553202780363848,0.026096478287799086,0.07507986988193557,17,73,57.404074309754485,FIB,contractile,Lineage1,cfhr
5,0.375,0.0491942053324383,0.05437842919226752,0.0491942053324383,0.0546394389434265,0.013659859735856626,0.0200789035060426,0.078309507158834,16,77,45.796275750160426,FIB,contractile,Lineage1,cfhr
6,0.4583333333333333,0.05955365654969992,0.05955365654969992,0.09199007243177883,,,,,4,34,33.13039340341358,FIB,contractile,Lineage1,cfhr
7,0.5416666666666666,0.07198141284502042,0.07198141284502042,,,,,,0,14,14.0,FIB,contractile,Lineage1,cfhr
8,0.625,0.0315000134786479,0.0315000134786479,0.02346236694592698,,,,,1,11,11.0,FIB,contractile,Lineage1,cfhr
9,0.7083333333333333,0.042049215529443594,0.042049215529443594,,,,,,0,6,6.0,FIB,contractile,Lineage1,cfhr
10,0.7916666666666666,0.022061006793560548,0.022061006793560548,,,,,,0,3,3.0,FIB,contractile,Lineage1,cfhr
11,0.875,0.0,0.0,,,,,,0,1,1.0,FIB,contractile,Lineage1,cfhr
12,0.9583333333333333,0.04649640612182726,0.04649640612182726,,,,,,0,1,1.0,FIB,contractile,Lineage1,cfhr
1,0.041666666666666664,0.17156967662642808,0.17156967662642808,0.1647331310367037,,,,,3,15,14.685482662493543,FIB,outer_medullary,Lineage1,classical
2,0.125,0.15189636635714587,0.15189636635714587,0.14674090147255658,,,,,2,26,25.697597034740912,FIB,outer_medullary,Lineage1,classical
3,0.20833333333333331,0.2110957055212604,0.2110957055212604,0.23515041395217307,,,,,4,20,17.637613887789,FIB,outer_medullary,Lineage1,classical
4,0.29166666666666663,0.2081285878908871,0.20944992656791558,0.2081285878908871,0.0499677374804076,0.0203992434047235,0.155690663333981,0.2605665124477932,6,24,22.688337766486306,FIB,outer_medullary,Lineage1,classical
5,0.375,0.21880093888703722,0.2134393646527472,0.21880093888703722,0.04302280330998854,0.015210857983073969,0.18283297521272682,0.25476890256134765,8,54,43.755943314972896,FIB,outer_medullary,Lineage1,classical
6,0.4583333333333333,0.25936621381006564,0.2720367170743505,0.25936621381006564,0.045198753955763754,0.01598017271165142,0.22157910987145346,0.2971533177486778,8,51,49.16386675317636,FIB,outer_medullary,Lineage1,classical
7,0.5416666666666666,0.26911227327620757,0.24771658655073236,0.26911227327620757,0.06077651000644363,0.02297136157592549,0.2129033763991393,0.32532117015327583,7,32,32.0,FIB,outer_medullary,Lineage1,classical
8,0.625,0.24544424611177976,0.24544424611177976,0.22653742249695558,,,,,2,19,19.0,FIB,outer_medullary,Lineage1,classical
9,0.7083333333333333,0.2825942412667666,0.2825942412667666,,,,,,0,5,5.0,FIB,outer_medullary,Lineage1,classical
10,0.7916666666666666,0.1398329105028532,0.1398329105028532,,,,,,0,1,1.0,FIB,outer_medullary,Lineage1,classical
11,0.875,0.6933221509361905,0.6933221509361905,,,,,,0,1,1.0,FIB,outer_medullary,Lineage1,classical
12,0.9583333333333333,0.44990076959013864,0.44990076959013864,0.48192256142858403,,,,,1,14,14.0,FIB,outer_medullary,Lineage1,classical
1,0.041666666666666664,0.004146786503798074,0.004146786503798074,0.00320106637024118,,,,,3,15,14.685482662493543,FIB,outer_medullary,Lineage1,lectin
2,0.125,0.005021007219555127,0.005021007219555127,0.007375614368170535,,,,,2,26,25.697597034740912,FIB,outer_medullary,Lineage1,lectin
3,0.20833333333333331,0.007479799206113324,0.007479799206113324,0.00676057977290667,,,,,4,20,17.637613887789,FIB,outer_medullary,Lineage1,lectin
4,0.29166666666666663,0.002872775773808437,0.003683567362683068,0.002872775773808437,0.002005373743197831,0.0008186904024016324,0.0007682650963850165,0.004977286451231858,6,24,22.688337766486306,FIB,outer_medullary,Lineage1,lectin
5,0.375,0.0053159972021490295,0.005595444295664448,0.0053159972021490295,0.002395066889448657,0.0008467840194622583,0.0033136711738673574,0.007318323230430702,8,54,43.755943314972896,FIB,outer_medullary,Lineage1,lectin
6,0.4583333333333333,0.0037834486597795075,0.006274303331034132,0.0037834486597795075,0.005083100122233681,0.001797147282940802,-0.00046612938914639265,0.008033026708705407,8,51,49.16386675317636,FIB,outer_medullary,Lineage1,lectin
7,0.5416666666666666,0.007433311036276016,0.006248595077097871,0.007433311036276016,0.009271236584324815,0.0035041980497381962,-0.0011411527003874654,0.016007774772939496,7,32,32.0,FIB,outer_medullary,Lineage1,lectin
8,0.625,0.0016841935015833838,0.0016841935015833838,0.0026153687784499285,,,,,2,19,19.0,FIB,outer_medullary,Lineage1,lectin
9,0.7083333333333333,0.0036091518260056243,0.0036091518260056243,,,,,,0,5,5.0,FIB,outer_medullary,Lineage1,lectin
10,0.7916666666666666,0.0320079018354732,0.0320079018354732,,,,,,0,1,1.0,FIB,outer_medullary,Lineage1,lectin
11,0.875,0.0192634346225223,0.0192634346225223,,,,,,0,1,1.0,FIB,outer_medullary,Lineage1,lectin
12,0.9583333333333333,0.03694426774521793,0.03694426774521793,0.030683810953599417,,,,,1,14,14.0,FIB,outer_medullary,Lineage1,lectin
1,0.041666666666666664,0.05036340475174235,0.05036340475174235,0.04344744705628245,,,,,3,15,14.685482662493543,FIB,outer_medullary,Lineage1,alternative
2,0.125,0.02913472795195567,0.02913472795195567,0.035885185953511735,,,,,2,26,25.697597034740912,FIB,outer_medullary,Lineage1,alternative
3,0.20833333333333331,0.07606776696743367,0.07606776696743367,0.07281258666582337,,,,,4,20,17.637613887789,FIB,outer_medullary,Lineage1,alternative
4,0.29166666666666663,0.08343285383029563,0.07350762909953681,0.08343285383029563,0.05267248972025934,0.021503453882771275,0.02815646587580061,0.13870924178479063,6,24,22.688337766486306,FIB,outer_medullary,Lineage1,alternative
5,0.375,0.10372369661736436,0.08460628785581874,0.10372369661736436,0.04962203687150314,0.017544039384064382,0.06223863561890679,0.14520875761582192,8,54,43.755943314972896,FIB,outer_medullary,Lineage1,alternative
6,0.4583333333333333,0.12000477541097031,0.13736490661599854,0.12000477541097031,0.03320090690480729,0.01173829320696625,0.09224812262147107,0.14776142820046953,8,51,49.16386675317636,FIB,outer_medullary,Lineage1,alternative
7,0.5416666666666666,0.09081343543797175,0.09230920836362141,0.09081343543797175,0.051121243544414316,0.019322013875840916,0.043534170697189074,0.13809270017875444,7,32,32.0,FIB,outer_medullary,Lineage1,alternative
8,0.625,0.13475981049122707,0.13475981049122707,0.10014334517601405,,,,,2,19,19.0,FIB,outer_medullary,Lineage1,alternative
9,0.7083333333333333,0.12541878056700173,0.12541878056700173,,,,,,0,5,5.0,FIB,outer_medullary,Lineage1,alternative
10,0.7916666666666666,0.025508367300616862,0.025508367300616862,,,,,,0,1,1.0,FIB,outer_medullary,Lineage1,alternative
11,0.875,0.28387519810425854,0.28387519810425854,,,,,,0,1,1.0,FIB,outer_medullary,Lineage1,alternative
12,0.9583333333333333,0.4433116508659683,0.4433116508659683,0.39943629907249156,,,,,1,14,14.0,FIB,outer_medullary,Lineage1,alternative
1,0.041666666666666664,0.5314711864896068,0.5314711864896068,0.5304980937487427,,,,,3,15,14.685482662493543,FIB,outer_medullary,Lineage1,terminal
2,0.125,0.5364464851439349,0.5364464851439349,0.5167527098922493,,,,,2,26,25.697597034740912,FIB,outer_medullary,Lineage1,terminal
3,0.20833333333333331,0.531277137145884,0.531277137145884,0.5611973672681682,,,,,4,20,17.637613887789,FIB,outer_medullary,Lineage1,terminal
4,0.29166666666666663,0.47811234225327487,0.4941077014225102,0.47811234225327487,0.04405312933250283,0.01798461473957774,0.4318814182827992,0.5243432662237505,6,24,22.688337766486306,FIB,outer_medullary,Lineage1,terminal
5,0.375,0.47145346938561516,0.47491407301827976,0.47145346938561516,0.047105577617192015,0.01665433668241286,0.4320722209721904,0.5108347177990399,8,54,43.755943314972896,FIB,outer_medullary,Lineage1,terminal
6,0.4583333333333333,0.4449934740402681,0.4552125283436566,0.4449934740402681,0.0524320707932006,0.01853753640476263,0.4011591658927823,0.48882778218775397,8,51,49.16386675317636,FIB,outer_medullary,Lineage1,terminal
7,0.5416666666666666,0.5264193534375435,0.5177823936736408,0.5264193534375435,0.03603431696259589,0.013619691621015012,0.49309316860114205,0.559745538273945,7,32,32.0,FIB,outer_medullary,Lineage1,terminal
8,0.625,0.5420686485698764,0.5420686485698764,0.5602405331469261,,,,,2,19,19.0,FIB,outer_medullary,Lineage1,terminal
9,0.7083333333333333,0.4716318599285544,0.4716318599285544,,,,,,0,5,5.0,FIB,outer_medullary,Lineage1,terminal
10,0.7916666666666666,0.4671187713021133,0.4671187713021133,,,,,,0,1,1.0,FIB,outer_medullary,Lineage1,terminal
11,0.875,0.7310746859527263,0.7310746859527263,,,,,,0,1,1.0,FIB,outer_medullary,Lineage1,terminal
12,0.9583333333333333,0.467750516127773,0.467750516127773,0.4572431041532046,,,,,1,14,14.0,FIB,outer_medullary,Lineage1,terminal
1,0.041666666666666664,0.014535832158047171,0.014535832158047171,0.014192780711904265,,,,,3,15,14.685482662493543,FIB,outer_medullary,Lineage1,receptor
2,0.125,0.01951672305057394,0.01951672305057394,0.018212632876241835,,,,,2,26,25.697597034740912,FIB,outer_medullary,Lineage1,receptor
3,0.20833333333333331,0.011556524279350446,0.011556524279350446,0.014396759803540247,,,,,4,20,17.637613887789,FIB,outer_medullary,Lineage1,receptor
4,0.29166666666666663,0.008294015914524222,0.01019698058868536,0.008294015914524222,0.004298252100051,0.0017547540718285302,0.0037832769714729424,0.012804754857575502,6,24,22.688337766486306,FIB,outer_medullary,Lineage1,receptor
5,0.375,0.012761853761512844,0.013931090243072269,0.012761853761512844,0.006634058291822198,0.00234549380246716,0.007215642234238422,0.018308065288787267,8,54,43.755943314972896,FIB,outer_medullary,Lineage1,receptor
6,0.4583333333333333,0.012077290259038524,0.01685887787752156,0.012077290259038524,0.005621418711932729,0.00198747164554829,0.00737766660662202,0.016776913911455027,8,51,49.16386675317636,FIB,outer_medullary,Lineage1,receptor
7,0.5416666666666666,0.02153448163889348,0.02387912405869875,0.02153448163889348,0.0075939568074217135,0.0028702458827719814,0.014511242972638665,0.028557720305148297,7,32,32.0,FIB,outer_medullary,Lineage1,receptor
8,0.625,0.027803333385935897,0.027803333385935897,0.033545979034584214,,,,,2,19,19.0,FIB,outer_medullary,Lineage1,receptor
9,0.7083333333333333,0.057790656889807966,0.057790656889807966,,,,,,0,5,5.0,FIB,outer_medullary,Lineage1,receptor
10,0.7916666666666666,0.04488357608944764,0.04488357608944764,,,,,,0,1,1.0,FIB,outer_medullary,Lineage1,receptor
11,0.875,0.04334272790067518,0.04334272790067518,,,,,,0,1,1.0,FIB,outer_medullary,Lineage1,receptor
12,0.9583333333333333,0.07605481440949431,0.07605481440949431,0.08061608066115152,,,,,1,14,14.0,FIB,outer_medullary,Lineage1,receptor
1,0.041666666666666664,0.5924492003676664,0.5924492003676664,0.5450237148853879,,,,,3,15,14.685482662493543,FIB,outer_medullary,Lineage1,regulator
2,0.125,0.5508164163063339,0.5508164163063339,0.5952369596945932,,,,,2,26,25.697597034740912,FIB,outer_medullary,Lineage1,regulator
3,0.20833333333333331,0.6908345102794078,0.6908345102794078,0.6740388203462212,,,,,4,20,17.637613887789,FIB,outer_medullary,Lineage1,regulator
4,0.29166666666666663,0.7084725200239269,0.7086086627991804,0.7084725200239269,0.12207485869357174,0.04983685237026831,0.5803628125756266,0.8365822274722272,6,24,22.688337766486306,FIB,outer_medullary,Lineage1,regulator
5,0.375,0.731213007790113,0.7111465790811262,0.731213007790113,0.08740526317985735,0.030902427152935993,0.6581403791112012,0.8042856364690248,8,54,43.755943314972896,FIB,outer_medullary,Lineage1,regulator
6,0.4583333333333333,0.7737911961715002,0.8082285482665504,0.7737911961715002,0.085030282501608,0.030062744681547425,0.7027041010280711,0.8448782913149292,8,51,49.16386675317636,FIB,outer_medullary,Lineage1,regulator
7,0.5416666666666666,0.7486346919972756,0.6942719957285751,0.7486346919972756,0.15738540670251572,0.05948609230365925,0.6030774677611482,0.894191916233403,7,32,32.0,FIB,outer_medullary,Lineage1,regulator
8,0.625,0.7278849866207795,0.7278849866207795,0.7208702921706879,,,,,2,19,19.0,FIB,outer_medullary,Lineage1,regulator
9,0.7083333333333333,0.7273418206362636,0.7273418206362636,,,,,,0,5,5.0,FIB,outer_medullary,Lineage1,regulator
10,0.7916666666666666,0.6641668974762006,0.6641668974762006,,,,,,0,1,1.0,FIB,outer_medullary,Lineage1,regulator
11,0.875,1.3685229887697812,1.3685229887697812,,,,,,0,1,1.0,FIB,outer_medullary,Lineage1,regulator
12,0.9583333333333333,1.389261458935668,1.389261458935668,1.520197283356341,,,,,1,14,14.0,FIB,outer_medullary,Lineage1,regulator
1,0.041666666666666664,0.0,0.0,0.0,,,,,3,15,14.685482662493543,FIB,outer_medullary,Lineage1,cfhr
2,0.125,0.0031216691422080453,0.0031216691422080453,0.0029961632294887015,,,,,2,26,25.697597034740912,FIB,outer_medullary,Lineage1,cfhr
3,0.20833333333333331,0.005161407060566783,0.005161407060566783,0.00601772918885368,,,,,4,20,17.637613887789,FIB,outer_medullary,Lineage1,cfhr
4,0.29166666666666663,0.006372652399276469,0.00517681787749152,0.006372652399276469,0.0043547616435331985,0.001777823996350031,0.0018026103273007191,0.010942694471252219,6,24,22.688337766486306,FIB,outer_medullary,Lineage1,cfhr
5,0.375,0.0029851561915985756,0.002910169691740279,0.0029851561915985756,0.003348585531309054,0.001183903768285895,0.00018566862955766376,0.0057846437536394875,8,54,43.755943314972896,FIB,outer_medullary,Lineage1,cfhr
6,0.4583333333333333,0.004555081639973655,0.004970849264016035,0.004555081639973655,0.004039791138552505,0.0014282818543238996,0.001177731729129449,0.00793243155081786,8,51,49.16386675317636,FIB,outer_medullary,Lineage1,cfhr
7,0.5416666666666666,0.01031974827521492,0.008856169828917456,0.01031974827521492,0.01782625702804228,0.006737691843331032,-0.006166789745594575,0.026806286296024415,7,32,32.0,FIB,outer_medullary,Lineage1,cfhr
8,0.625,0.03373592791291305,0.03373592791291305,0.049552265863613665,,,,,2,19,19.0,FIB,outer_medullary,Lineage1,cfhr
9,0.7083333333333333,0.020272323708524616,0.020272323708524616,,,,,,0,5,5.0,FIB,outer_medullary,Lineage1,cfhr
10,0.7916666666666666,0.0,0.0,,,,,,0,1,1.0,FIB,outer_medullary,Lineage1,cfhr
11,0.875,0.24018099511759927,0.24018099511759927,,,,,,0,1,1.0,FIB,outer_medullary,Lineage1,cfhr
12,0.9583333333333333,0.04217557771183097,0.04217557771183097,0.046237913314703324,,,,,1,14,14.0,FIB,outer_medullary,Lineage1,cfhr
1,0.041666666666666664,0.07920885657246941,0.07920885657246941,0.09259427867959855,,,,,4,34,26.260602261443292,Glomerular,podocyte_PEC,Lineage2,classical
2,0.125,0.07627811993989912,0.07627811993989912,0.08670719008104721,,,,,3,30,27.349457196571123,Glomerular,podocyte_PEC,Lineage2,classical
3,0.20833333333333331,0.07954645461709459,0.07786859122679123,0.07954645461709459,0.020689644673820222,0.008446512068391875,0.057834004119603516,0.10125890511458566,6,31,29.556675444999858,Glomerular,podocyte_PEC,Lineage2,classical
4,0.29166666666666663,0.09923048823889298,0.10064558734676253,0.09923048823889298,0.0397203465603908,0.014043263201966045,0.06602344750002354,0.13243752897776243,8,35,34.82727758366223,Glomerular,podocyte_PEC,Lineage2,classical
5,0.375,0.1199872083594403,0.1199872083594403,0.1282743998687283,,,,,2,19,19.0,Glomerular,podocyte_PEC,Lineage2,classical
6,0.4583333333333333,0.17565033734728713,0.17565033734728713,0.1725221195328919,,,,,1,15,15.0,Glomerular,podocyte_PEC,Lineage2,classical
7,0.5416666666666666,0.12167353330182959,0.12167353330182959,,,,,,0,19,19.0,Glomerular,podocyte_PEC,Lineage2,classical
8,0.625,0.182171742815365,0.182171742815365,,,,,,0,12,12.0,Glomerular,podocyte_PEC,Lineage2,classical
9,0.7083333333333333,0.17672363953343606,0.17672363953343606,0.26367037953140016,,,,,2,23,23.0,Glomerular,podocyte_PEC,Lineage2,classical
10,0.7916666666666666,0.1336893867189156,0.1336893867189156,0.17009589946690024,,,,,2,11,11.0,Glomerular,podocyte_PEC,Lineage2,classical
11,0.875,0.06571596378667606,0.06571596378667606,,,,,,0,2,2.0,Glomerular,podocyte_PEC,Lineage2,classical
12,0.9583333333333333,0.12368023521229322,0.12368023521229322,,,,,,0,3,3.0,Glomerular,podocyte_PEC,Lineage2,classical
1,0.041666666666666664,0.003536148949318256,0.003536148949318256,0.0020185750410856807,,,,,4,34,26.260602261443292,Glomerular,podocyte_PEC,Lineage2,lectin
2,0.125,0.00446126201134109,0.00446126201134109,0.004727924984017948,,,,,3,30,27.349457196571123,Glomerular,podocyte_PEC,Lineage2,lectin
3,0.20833333333333331,0.005303800075093093,0.004446897386264903,0.005303800075093093,0.006215388015748957,0.002537421531999094,-0.0012188496244162463,0.011826449774602434,6,31,29.556675444999858,Glomerular,podocyte_PEC,Lineage2,lectin
4,0.29166666666666663,0.005234927068179383,0.004832879207956575,0.005234927068179383,0.004938960439308394,0.0017461862093235275,0.0011058528098160953,0.00936400132654267,8,35,34.82727758366223,Glomerular,podocyte_PEC,Lineage2,lectin
5,0.375,0.009395729026845634,0.009395729026845634,0.0025914253597030274,,,,,2,19,19.0,Glomerular,podocyte_PEC,Lineage2,lectin
6,0.4583333333333333,0.025469725166208837,0.025469725166208837,0.053200241214558575,,,,,1,15,15.0,Glomerular,podocyte_PEC,Lineage2,lectin
7,0.5416666666666666,0.030302644847169328,0.030302644847169328,,,,,,0,19,19.0,Glomerular,podocyte_PEC,Lineage2,lectin
8,0.625,0.016538360734387938,0.016538360734387938,,,,,,0,12,12.0,Glomerular,podocyte_PEC,Lineage2,lectin
9,0.7083333333333333,0.00823362008981111,0.00823362008981111,0.0061954684387572085,,,,,2,23,23.0,Glomerular,podocyte_PEC,Lineage2,lectin
10,0.7916666666666666,0.006149035050879434,0.006149035050879434,0.004185453150137058,,,,,2,11,11.0,Glomerular,podocyte_PEC,Lineage2,lectin
11,0.875,0.0,0.0,,,,,,0,2,2.0,Glomerular,podocyte_PEC,Lineage2,lectin
12,0.9583333333333333,0.010164947046841703,0.010164947046841703,,,,,,0,3,3.0,Glomerular,podocyte_PEC,Lineage2,lectin
1,0.041666666666666664,0.01737304924929007,0.01737304924929007,0.017712633555522495,,,,,4,34,26.260602261443292,Glomerular,podocyte_PEC,Lineage2,alternative
2,0.125,0.02274763061404477,0.02274763061404477,0.03163721523319595,,,,,3,30,27.349457196571123,Glomerular,podocyte_PEC,Lineage2,alternative
3,0.20833333333333331,0.009223878121936436,0.018140596226793815,0.009223878121936436,0.009118855318497205,0.0037227570947637894,-0.0003457736443495778,0.01879352988822245,6,31,29.556675444999858,Glomerular,podocyte_PEC,Lineage2,alternative
4,0.29166666666666663,0.02314547994677281,0.023173572054196852,0.02314547994677281,0.015163125327186106,0.005360974371417391,0.010468789935951864,0.035822169957593755,8,35,34.82727758366223,Glomerular,podocyte_PEC,Lineage2,alternative
5,0.375,0.029633920410137595,0.029633920410137595,0.03224722389606284,,,,,2,19,19.0,Glomerular,podocyte_PEC,Lineage2,alternative
6,0.4583333333333333,0.0852574340912833,0.0852574340912833,0.0667586185533657,,,,,1,15,15.0,Glomerular,podocyte_PEC,Lineage2,alternative
7,0.5416666666666666,0.22278312108351095,0.22278312108351095,,,,,,0,19,19.0,Glomerular,podocyte_PEC,Lineage2,alternative
8,0.625,0.11342001703091252,0.11342001703091252,,,,,,0,12,12.0,Glomerular,podocyte_PEC,Lineage2,alternative
9,0.7083333333333333,0.06857730933321769,0.06857730933321769,0.10130593531090026,,,,,2,23,23.0,Glomerular,podocyte_PEC,Lineage2,alternative
10,0.7916666666666666,0.09561299938360754,0.09561299938360754,0.033724842601052504,,,,,2,11,11.0,Glomerular,podocyte_PEC,Lineage2,alternative
11,0.875,0.0714204610461443,0.0714204610461443,,,,,,0,2,2.0,Glomerular,podocyte_PEC,Lineage2,alternative
12,0.9583333333333333,0.03962819764692831,0.03962819764692831,,,,,,0,3,3.0,Glomerular,podocyte_PEC,Lineage2,alternative
1,0.041666666666666664,0.0700211232176801,0.0700211232176801,0.077593895183624,,,,,4,34,26.260602261443292,Glomerular,podocyte_PEC,Lineage2,terminal
2,0.125,0.0809090429892867,0.0809090429892867,0.10851246955115185,,,,,3,30,27.349457196571123,Glomerular,podocyte_PEC,Lineage2,terminal
3,0.20833333333333331,0.07917278267274953,0.0652203992852643,0.07917278267274953,0.03186750146375358,0.013009852993932052,0.04572989088224908,0.11261567446324999,6,31,29.556675444999858,Glomerular,podocyte_PEC,Lineage2,terminal
4,0.29166666666666663,0.06459049460905095,0.07051165534633523,0.06459049460905095,0.01864263921545159,0.006591168304230038,0.04900485819053891,0.08017613102756299,8,35,34.82727758366223,Glomerular,podocyte_PEC,Lineage2,terminal
5,0.375,0.09823259482631215,0.09823259482631215,0.13917895067023586,,,,,2,19,19.0,Glomerular,podocyte_PEC,Lineage2,terminal
6,0.4583333333333333,0.15175217031279026,0.15175217031279026,0.186858154850837,,,,,1,15,15.0,Glomerular,podocyte_PEC,Lineage2,terminal
7,0.5416666666666666,0.11400972744240934,0.11400972744240934,,,,,,0,19,19.0,Glomerular,podocyte_PEC,Lineage2,terminal
8,0.625,0.13690687134196244,0.13690687134196244,,,,,,0,12,12.0,Glomerular,podocyte_PEC,Lineage2,terminal
9,0.7083333333333333,0.1235469847868163,0.1235469847868163,0.19436416520188857,,,,,2,23,23.0,Glomerular,podocyte_PEC,Lineage2,terminal
10,0.7916666666666666,0.07144781718572456,0.07144781718572456,0.06702523901099544,,,,,2,11,11.0,Glomerular,podocyte_PEC,Lineage2,terminal
11,0.875,0.05493900384348427,0.05493900384348427,,,,,,0,2,2.0,Glomerular,podocyte_PEC,Lineage2,terminal
12,0.9583333333333333,0.060951834198416356,0.060951834198416356,,,,,,0,3,3.0,Glomerular,podocyte_PEC,Lineage2,terminal
1,0.041666666666666664,0.2450822090249817,0.2450822090249817,0.2496853484009907,,,,,4,34,26.260602261443292,Glomerular,podocyte_PEC,Lineage2,receptor
2,0.125,0.2292353156505654,0.2292353156505654,0.19157820428098704,,,,,3,30,27.349457196571123,Glomerular,podocyte_PEC,Lineage2,receptor
3,0.20833333333333331,0.2343309645567617,0.2403689129472323,0.2343309645567617,0.04687778780297579,0.019137776731292595,0.18513574331683763,0.28352618579668576,6,31,29.556675444999858,Glomerular,podocyte_PEC,Lineage2,receptor
4,0.29166666666666663,0.2678280232199889,0.2604336116243328,0.2678280232199889,0.021748053883010557,0.007689098189143595,0.24964619516906178,0.286009851270916,8,35,34.82727758366223,Glomerular,podocyte_PEC,Lineage2,receptor
5,0.375,0.23989287124776829,0.23989287124776829,0.24592435680939018,,,,,2,19,19.0,Glomerular,podocyte_PEC,Lineage2,receptor
6,0.4583333333333333,0.208679619104298,0.208679619104298,0.20490980608621406,,,,,1,15,15.0,Glomerular,podocyte_PEC,Lineage2,receptor
7,0.5416666666666666,0.11259716580442931,0.11259716580442931,,,,,,0,19,19.0,Glomerular,podocyte_PEC,Lineage2,receptor
8,0.625,0.2109962579304704,0.2109962579304704,,,,,,0,12,12.0,Glomerular,podocyte_PEC,Lineage2,receptor
9,0.7083333333333333,0.22074384752399356,0.22074384752399356,0.1995534457710646,,,,,2,23,23.0,Glomerular,podocyte_PEC,Lineage2,receptor
10,0.7916666666666666,0.22964643899373502,0.22964643899373502,0.21054868766916557,,,,,2,11,11.0,Glomerular,podocyte_PEC,Lineage2,receptor
11,0.875,0.21714483968526233,0.21714483968526233,,,,,,0,2,2.0,Glomerular,podocyte_PEC,Lineage2,receptor
12,0.9583333333333333,0.2034266634174494,0.2034266634174494,,,,,,0,3,3.0,Glomerular,podocyte_PEC,Lineage2,receptor
1,0.041666666666666664,0.3224763298668794,0.3224763298668794,0.3114476762276386,,,,,4,34,26.260602261443292,Glomerular,podocyte_PEC,Lineage2,regulator
2,0.125,0.42233326947601046,0.42233326947601046,0.491485874551939,,,,,3,30,27.349457196571123,Glomerular,podocyte_PEC,Lineage2,regulator
3,0.20833333333333331,0.41181804709037656,0.41206679651876954,0.41181804709037656,0.07982560867202514,0.032588668275591585,0.3280462083735634,0.4955898858071897,6,31,29.556675444999858,Glomerular,podocyte_PEC,Lineage2,regulator
4,0.29166666666666663,0.5245789271652677,0.5305405578220144,0.5245789271652677,0.1331753146343259,0.047084584032291946,0.41324157788635174,0.6359162764441836,8,35,34.82727758366223,Glomerular,podocyte_PEC,Lineage2,regulator
5,0.375,0.6893338627126732,0.6893338627126732,0.8200148239822462,,,,,2,19,19.0,Glomerular,podocyte_PEC,Lineage2,regulator
6,0.4583333333333333,0.8933822600791359,0.8933822600791359,0.9469575853563528,,,,,1,15,15.0,Glomerular,podocyte_PEC,Lineage2,regulator
7,0.5416666666666666,0.7965247097063548,0.7965247097063548,,,,,,0,19,19.0,Glomerular,podocyte_PEC,Lineage2,regulator
8,0.625,0.8871740870688559,0.8871740870688559,,,,,,0,12,12.0,Glomerular,podocyte_PEC,Lineage2,regulator
9,0.7083333333333333,0.7496045671437525,0.7496045671437525,0.9076226882615273,,,,,2,23,23.0,Glomerular,podocyte_PEC,Lineage2,regulator
10,0.7916666666666666,0.6865183334147404,0.6865183334147404,0.8224590777862371,,,,,2,11,11.0,Glomerular,podocyte_PEC,Lineage2,regulator
11,0.875,0.3780044190057282,0.3780044190057282,,,,,,0,2,2.0,Glomerular,podocyte_PEC,Lineage2,regulator
12,0.9583333333333333,0.7404133788121747,0.7404133788121747,,,,,,0,3,3.0,Glomerular,podocyte_PEC,Lineage2,regulator
1,0.041666666666666664,0.0010099355729282292,0.0010099355729282292,0.0014303772166022756,,,,,4,34,26.260602261443292,Glomerular,podocyte_PEC,Lineage2,cfhr
2,0.125,0.0005136510724831638,0.0005136510724831638,0.0,,,,,3,30,27.349457196571123,Glomerular,podocyte_PEC,Lineage2,cfhr
3,0.20833333333333331,0.0013499717273234193,0.0014795318349031404,0.0013499717273234193,0.0017238502992023353,0.0007037589376649722,-0.00045909821450486744,0.003159041669151706,6,31,29.556675444999858,Glomerular,podocyte_PEC,Lineage2,cfhr
4,0.29166666666666663,0.001578766488773488,0.0016026522722099536,0.001578766488773488,0.002930293742724829,0.0010360152881746176,-0.0008710203866651002,0.004028553364212076,8,35,34.82727758366223,Glomerular,podocyte_PEC,Lineage2,cfhr
5,0.375,0.0017065948546531701,0.0017065948546531701,0.002753529733615979,,,,,2,19,19.0,Glomerular,podocyte_PEC,Lineage2,cfhr
6,0.4583333333333333,0.007305984703395242,0.007305984703395242,0.0,,,,,1,15,15.0,Glomerular,podocyte_PEC,Lineage2,cfhr
7,0.5416666666666666,0.007242136094495165,0.007242136094495165,,,,,,0,19,19.0,Glomerular,podocyte_PEC,Lineage2,cfhr
8,0.625,0.0017479458490621263,0.0017479458490621263,,,,,,0,12,12.0,Glomerular,podocyte_PEC,Lineage2,cfhr
9,0.7083333333333333,0.000398782021158528,0.000398782021158528,0.0015264952038507654,,,,,2,23,23.0,Glomerular,podocyte_PEC,Lineage2,cfhr
10,0.7916666666666666,0.0,0.0,0.0,,,,,2,11,11.0,Glomerular,podocyte_PEC,Lineage2,cfhr
11,0.875,0.0,0.0,,,,,,0,2,2.0,Glomerular,podocyte_PEC,Lineage2,cfhr
12,0.9583333333333333,0.0,0.0,,,,,,0,3,3.0,Glomerular,podocyte_PEC,Lineage2,cfhr
1,0.041666666666666664,0.029565947291886687,0.03400296261324906,0.029565947291886687,0.006578838229573565,0.002685799460461715,0.02266187998466199,0.03647001459911139,6,30,22.476921530889623,Glomerular,endothelial_mesangial,Lineage3,classical
2,0.125,0.03803004992945235,0.03803004992945235,0.03125235396070585,,,,,2,22,17.669055507340637,Glomerular,endothelial_mesangial,Lineage3,classical
3,0.20833333333333331,0.029931008589402577,0.0457540401115417,0.029931008589402577,0.016545425615411592,0.0067546417224887915,0.012567649271341706,0.04729436790746345,6,40,28.238567594414135,Glomerular,endothelial_mesangial,Lineage3,classical
4,0.29166666666666663,0.047365843786847626,0.054225717954017864,0.047365843786847626,0.022440116138785687,0.009161139051469801,0.023816386147400864,0.07091530142629439,6,44,33.67303065470877,Glomerular,endothelial_mesangial,Lineage3,classical
5,0.375,0.0686700777345805,0.0686700777345805,0.04267549725526976,,,,,2,21,19.36816563085013,Glomerular,endothelial_mesangial,Lineage3,classical
6,0.4583333333333333,0.06576938711820982,0.06576938711820982,,,,,,0,7,6.253402703634662,Glomerular,endothelial_mesangial,Lineage3,classical
7,0.5416666666666666,0.08183449237171384,0.08183449237171384,,,,,,0,7,7.0,Glomerular,endothelial_mesangial,Lineage3,classical
8,0.625,0.04289426729330544,0.04289426729330544,,,,,,0,4,4.0,Glomerular,endothelial_mesangial,Lineage3,classical
9,0.7083333333333333,0.048095643047327566,0.048095643047327566,,,,,,0,7,7.0,Glomerular,endothelial_mesangial,Lineage3,classical
10,0.7916666666666666,0.1292102677946738,0.1292102677946738,,,,,,0,5,5.0,Glomerular,endothelial_mesangial,Lineage3,classical
11,0.875,0.059406547542551626,0.059406547542551626,,,,,,0,3,3.0,Glomerular,endothelial_mesangial,Lineage3,classical
12,0.9583333333333333,0.07714491194003495,0.07714491194003495,,,,,,0,7,7.0,Glomerular,endothelial_mesangial,Lineage3,classical
1,0.041666666666666664,0.13238359551602955,0.11055813805174625,0.13238359551602955,0.0754136141632858,0.030787479059862802,0.053241861079712835,0.21152532995234624,6,30,22.476921530889623,Glomerular,endothelial_mesangial,Lineage3,lectin
2,0.125,0.1247579675964463,0.1247579675964463,0.09469733399430943,,,,,2,22,17.669055507340637,Glomerular,endothelial_mesangial,Lineage3,lectin
3,0.20833333333333331,0.08827472503467233,0.10833863611213644,0.08827472503467233,0.07322705544676242,0.02989482020184327,0.011427643244200494,0.16512180682514416,6,40,28.238567594414135,Glomerular,endothelial_mesangial,Lineage3,lectin
4,0.29166666666666663,0.12535546522592222,0.14470077527525682,0.12535546522592222,0.046832278065533806,0.019119197458782447,0.07620800352643209,0.17450292692541236,6,44,33.67303065470877,Glomerular,endothelial_mesangial,Lineage3,lectin
5,0.375,0.16312091086177577,0.16312091086177577,0.1539164206540852,,,,,2,21,19.36816563085013,Glomerular,endothelial_mesangial,Lineage3,lectin
6,0.4583333333333333,0.16819713063194708,0.16819713063194708,,,,,,0,7,6.253402703634662,Glomerular,endothelial_mesangial,Lineage3,lectin
7,0.5416666666666666,0.12786571716237474,0.12786571716237474,,,,,,0,7,7.0,Glomerular,endothelial_mesangial,Lineage3,lectin
8,0.625,0.19308401353474325,0.19308401353474325,,,,,,0,4,4.0,Glomerular,endothelial_mesangial,Lineage3,lectin
9,0.7083333333333333,0.07616613982223762,0.07616613982223762,,,,,,0,7,7.0,Glomerular,endothelial_mesangial,Lineage3,lectin
10,0.7916666666666666,0.06349751742035847,0.06349751742035847,,,,,,0,5,5.0,Glomerular,endothelial_mesangial,Lineage3,lectin
11,0.875,0.06083001608842475,0.06083001608842475,,,,,,0,3,3.0,Glomerular,endothelial_mesangial,Lineage3,lectin
12,0.9583333333333333,0.013378581993460153,0.013378581993460153,,,,,,0,7,7.0,Glomerular,endothelial_mesangial,Lineage3,lectin
1,0.041666666666666664,0.012301271877532804,0.01587204982412219,0.012301271877532804,0.014037305933770018,0.005730706150179851,-0.002429977257488832,0.02703252101255444,6,30,22.476921530889623,Glomerular,endothelial_mesangial,Lineage3,alternative
2,0.125,0.02478017948631707,0.02478017948631707,0.011567970302422317,,,,,2,22,17.669055507340637,Glomerular,endothelial_mesangial,Lineage3,alternative
3,0.20833333333333331,0.014082515937246768,0.0408302157055526,0.014082515937246768,0.01117617523541255,0.0045626544337817355,0.0023538393274819477,0.02581119254701159,6,40,28.238567594414135,Glomerular,endothelial_mesangial,Lineage3,alternative
4,0.29166666666666663,0.02042700406183501,0.045320380114516626,0.02042700406183501,0.024234192642997025,0.009893567717275462,-0.005005221401831125,0.045859229525501144,6,44,33.67303065470877,Glomerular,endothelial_mesangial,Lineage3,alternative
5,0.375,0.031406657495155366,0.031406657495155366,0.028447854467795623,,,,,2,21,19.36816563085013,Glomerular,endothelial_mesangial,Lineage3,alternative
6,0.4583333333333333,0.06508895832532158,0.06508895832532158,,,,,,0,7,6.253402703634662,Glomerular,endothelial_mesangial,Lineage3,alternative
7,0.5416666666666666,0.04214804941284145,0.04214804941284145,,,,,,0,7,7.0,Glomerular,endothelial_mesangial,Lineage3,alternative
8,0.625,0.042280813998776756,0.042280813998776756,,,,,,0,4,4.0,Glomerular,endothelial_mesangial,Lineage3,alternative
9,0.7083333333333333,0.03160433758443676,0.03160433758443676,,,,,,0,7,7.0,Glomerular,endothelial_mesangial,Lineage3,alternative
10,0.7916666666666666,0.19105501034818137,0.19105501034818137,,,,,,0,5,5.0,Glomerular,endothelial_mesangial,Lineage3,alternative
11,0.875,0.024139293174100965,0.024139293174100965,,,,,,0,3,3.0,Glomerular,endothelial_mesangial,Lineage3,alternative
12,0.9583333333333333,0.14175564851893255,0.14175564851893255,,,,,,0,7,7.0,Glomerular,endothelial_mesangial,Lineage3,alternative
1,0.041666666666666664,0.04112569154528135,0.0482972494872124,0.04112569154528135,0.023608249167982643,0.009638027363673831,0.016350353472855645,0.06590102961770705,6,30,22.476921530889623,Glomerular,endothelial_mesangial,Lineage3,terminal
2,0.125,0.057793513703470745,0.057793513703470745,0.024779898490354016,,,,,2,22,17.669055507340637,Glomerular,endothelial_mesangial,Lineage3,terminal
3,0.20833333333333331,0.06595174618445611,0.09557806864963087,0.06595174618445611,0.02259566649253326,0.009224642217468297,0.042239048459988215,0.089664443908924,6,40,28.238567594414135,Glomerular,endothelial_mesangial,Lineage3,terminal
4,0.29166666666666663,0.08014894449458011,0.09371987788414896,0.08014894449458011,0.04006887373131238,0.016358049201620668,0.03809924035044891,0.12219864863871131,6,44,33.67303065470877,Glomerular,endothelial_mesangial,Lineage3,terminal
5,0.375,0.11743322973617377,0.11743322973617377,0.07673861906664574,,,,,2,21,19.36816563085013,Glomerular,endothelial_mesangial,Lineage3,terminal
6,0.4583333333333333,0.16047088708690677,0.16047088708690677,,,,,,0,7,6.253402703634662,Glomerular,endothelial_mesangial,Lineage3,terminal
7,0.5416666666666666,0.07128925355695867,0.07128925355695867,,,,,,0,7,7.0,Glomerular,endothelial_mesangial,Lineage3,terminal
8,0.625,0.04575069216846449,0.04575069216846449,,,,,,0,4,4.0,Glomerular,endothelial_mesangial,Lineage3,terminal
9,0.7083333333333333,0.11976496567816311,0.11976496567816311,,,,,,0,7,7.0,Glomerular,endothelial_mesangial,Lineage3,terminal
10,0.7916666666666666,0.16064948513266514,0.16064948513266514,,,,,,0,5,5.0,Glomerular,endothelial_mesangial,Lineage3,terminal
11,0.875,0.03366511241534039,0.03366511241534039,,,,,,0,3,3.0,Glomerular,endothelial_mesangial,Lineage3,terminal
12,0.9583333333333333,0.05048605144709913,0.05048605144709913,,,,,,0,7,7.0,Glomerular,endothelial_mesangial,Lineage3,terminal
1,0.041666666666666664,0.01304733073928191,0.01704088243611761,0.01304733073928191,0.009514398027133142,0.0038842367293698563,0.00306258235745235,0.02303207912111147,6,30,22.476921530889623,Glomerular,endothelial_mesangial,Lineage3,receptor
2,0.125,0.01663545419727217,0.01663545419727217,0.01565315392410401,,,,,2,22,17.669055507340637,Glomerular,endothelial_mesangial,Lineage3,receptor
3,0.20833333333333331,0.008993454798967146,0.018235851550252112,0.008993454798967146,0.007628178856653325,0.003114190977581305,0.0009881720392941468,0.016998737558640144,6,40,28.238567594414135,Glomerular,endothelial_mesangial,Lineage3,receptor
4,0.29166666666666663,0.02933152426163557,0.0273660512806846,0.02933152426163557,0.015348458078636199,0.006265981771859496,0.013224305336465302,0.04543874318680584,6,44,33.67303065470877,Glomerular,endothelial_mesangial,Lineage3,receptor
5,0.375,0.016997390030785292,0.016997390030785292,0.011780142025601745,,,,,2,21,19.36816563085013,Glomerular,endothelial_mesangial,Lineage3,receptor
6,0.4583333333333333,0.030200617831210315,0.030200617831210315,,,,,,0,7,6.253402703634662,Glomerular,endothelial_mesangial,Lineage3,receptor
7,0.5416666666666666,0.04652304185822359,0.04652304185822359,,,,,,0,7,7.0,Glomerular,endothelial_mesangial,Lineage3,receptor
8,0.625,0.0610318073292053,0.0610318073292053,,,,,,0,4,4.0,Glomerular,endothelial_mesangial,Lineage3,receptor
9,0.7083333333333333,0.0991030398103901,0.0991030398103901,,,,,,0,7,7.0,Glomerular,endothelial_mesangial,Lineage3,receptor
10,0.7916666666666666,0.08595710445342113,0.08595710445342113,,,,,,0,5,5.0,Glomerular,endothelial_mesangial,Lineage3,receptor
11,0.875,0.01648463769211084,0.01648463769211084,,,,,,0,3,3.0,Glomerular,endothelial_mesangial,Lineage3,receptor
12,0.9583333333333333,0.05494772860269787,0.05494772860269787,,,,,,0,7,7.0,Glomerular,endothelial_mesangial,Lineage3,receptor
1,0.041666666666666664,0.3082372014884035,0.31788308955621986,0.3082372014884035,0.0930197315277589,0.037975146375615075,0.21061898000961718,0.4058554229671898,6,30,22.476921530889623,Glomerular,endothelial_mesangial,Lineage3,regulator
2,0.125,0.4072598860936019,0.4072598860936019,0.28982676738953006,,,,,2,22,17.669055507340637,Glomerular,endothelial_mesangial,Lineage3,regulator
3,0.20833333333333331,0.39815652786530714,0.4586605461843547,0.39815652786530714,0.10931494797243896,0.04462764063189434,0.28343752548965445,0.5128755302409599,6,40,28.238567594414135,Glomerular,endothelial_mesangial,Lineage3,regulator
4,0.29166666666666663,0.37580978422382655,0.4787788371402344,0.37580978422382655,0.15395465456710147,0.06285172453597375,0.21424428279323518,0.537375285654418,6,44,33.67303065470877,Glomerular,endothelial_mesangial,Lineage3,regulator
5,0.375,0.5635301651995744,0.5635301651995744,0.4963355623649601,,,,,2,21,19.36816563085013,Glomerular,endothelial_mesangial,Lineage3,regulator
6,0.4583333333333333,0.5706233817882241,0.5706233817882241,,,,,,0,7,6.253402703634662,Glomerular,endothelial_mesangial,Lineage3,regulator
7,0.5416666666666666,0.47605569362293354,0.47605569362293354,,,,,,0,7,7.0,Glomerular,endothelial_mesangial,Lineage3,regulator
8,0.625,0.7518147551626041,0.7518147551626041,,,,,,0,4,4.0,Glomerular,endothelial_mesangial,Lineage3,regulator
9,0.7083333333333333,0.456089004807768,0.456089004807768,,,,,,0,7,7.0,Glomerular,endothelial_mesangial,Lineage3,regulator
10,0.7916666666666666,0.75885399205663,0.75885399205663,,,,,,0,5,5.0,Glomerular,endothelial_mesangial,Lineage3,regulator
11,0.875,0.4754297086861093,0.4754297086861093,,,,,,0,3,3.0,Glomerular,endothelial_mesangial,Lineage3,regulator
12,0.9583333333333333,0.5829977236593862,0.5829977236593862,,,,,,0,7,7.0,Glomerular,endothelial_mesangial,Lineage3,regulator
1,0.041666666666666664,0.005052233999003773,0.0027950436708222906,0.005052233999003773,0.008466317341148485,0.0034563595810484277,-0.003832621157466856,0.0139370891554744,6,30,22.476921530889623,Glomerular,endothelial_mesangial,Lineage3,cfhr
2,0.125,0.00014017299099701233,0.00014017299099701233,0.0,,,,,2,22,17.669055507340637,Glomerular,endothelial_mesangial,Lineage3,cfhr
3,0.20833333333333331,0.0,0.0018243189755398682,0.0,0.0,0.0,0.0,0.0,6,40,28.238567594414135,Glomerular,endothelial_mesangial,Lineage3,cfhr
4,0.29166666666666663,0.00024761147378206345,0.0005589214499458416,0.00024761147378206345,0.0006065217652245902,0.00024761147378206345,-0.0003888940830172463,0.0008841170305813732,6,44,33.67303065470877,Glomerular,endothelial_mesangial,Lineage3,cfhr
5,0.375,0.002359179606013817,0.002359179606013817,0.0,,,,,2,21,19.36816563085013,Glomerular,endothelial_mesangial,Lineage3,cfhr
6,0.4583333333333333,0.01522971345244146,0.01522971345244146,,,,,,0,7,6.253402703634662,Glomerular,endothelial_mesangial,Lineage3,cfhr
7,0.5416666666666666,0.0,0.0,,,,,,0,7,7.0,Glomerular,endothelial_mesangial,Lineage3,cfhr
8,0.625,0.0,0.0,,,,,,0,4,4.0,Glomerular,endothelial_mesangial,Lineage3,cfhr
9,0.7083333333333333,0.0,0.0,,,,,,0,7,7.0,Glomerular,endothelial_mesangial,Lineage3,cfhr
10,0.7916666666666666,0.005362392716194764,0.005362392716194764,,,,,,0,5,5.0,Glomerular,endothelial_mesangial,Lineage3,cfhr
11,0.875,0.0,0.0,,,,,,0,3,3.0,Glomerular,endothelial_mesangial,Lineage3,cfhr
12,0.9583333333333333,0.0,0.0,,,,,,0,7,7.0,Glomerular,endothelial_mesangial,Lineage3,cfhr
1,0.041666666666666664,0.03411883233038528,0.03314990903180902,0.03411883233038528,0.012160984569768917,0.0013769603540936142,0.03137695397302083,0.03686071068774974,78,922,753.7461180962096,PT,PT,Lineage1,classical
2,0.125,0.04109113696446652,0.03943005458368441,0.04109113696446652,0.020246382777633812,0.0020882549356739635,0.036944276524388545,0.0452379974045445,94,750,485.1596408443711,PT,PT,Lineage1,classical
3,0.20833333333333331,0.0418268502235957,0.04396987464263388,0.0418268502235957,0.021116564590537238,0.00274914254769827,0.0363238435194605,0.04732985692773091,59,317,224.32609140115898,PT,PT,Lineage1,classical
4,0.29166666666666663,0.04626422412750908,0.04566087263425167,0.04626422412750908,0.02076404228888767,0.00249969694445673,0.04127615653685556,0.0512522917181626,69,352,334.4765209137322,PT,PT,Lineage1,classical
5,0.375,0.05072603256315963,0.04865027567252663,0.05072603256315963,0.02188617882648826,0.0030646780326207025,0.04457044557508428,0.056881619551234976,51,219,217.61731535036586,PT,PT,Lineage1,classical
6,0.4583333333333333,0.06083313234067461,0.05755687643473691,0.06083313234067461,0.030379507339355544,0.005370388912191199,0.049880151941882486,0.07178611273946674,32,168,168.0,PT,PT,Lineage1,classical
7,0.5416666666666666,0.06737944524477803,0.0668233742971653,0.06737944524477803,0.03217573325051121,0.006435146650102241,0.054097955329766634,0.08066093515978942,25,124,124.0,PT,PT,Lineage1,classical
8,0.625,0.08331700074302678,0.07631052887179428,0.08331700074302678,0.031184564104993234,0.009402499853367973,0.06236692551414296,0.1042670759719106,11,75,75.0,PT,PT,Lineage1,classical
9,0.7083333333333333,0.06751169823139933,0.06751169823139933,0.04578023633010993,,,,,4,18,18.0,PT,PT,Lineage1,classical
10,0.7916666666666666,0.04070874403100757,0.04070874403100757,0.03802299534658703,,,,,1,12,12.0,PT,PT,Lineage1,classical
11,0.875,0.03350975929067565,0.03350975929067565,0.03350975929067565,,,,,1,37,37.0,PT,PT,Lineage1,classical
12,0.9583333333333333,0.033632018925196794,0.033632018925196794,0.033632018925196794,,,,,1,32,32.0,PT,PT,Lineage1,classical
1,0.041666666666666664,0.025576853537560354,0.023134263948511286,0.025576853537560354,0.012935763837740796,0.0014646868312592062,0.022660289446947975,0.028493417628172733,78,922,753.7461180962096,PT,PT,Lineage1,lectin
2,0.125,0.03426700619293554,0.03202599866791039,0.03426700619293554,0.015293940650756718,0.0015774495326211515,0.031134504049017485,0.03739950833685359,94,750,485.1596408443711,PT,PT,Lineage1,lectin
3,0.20833333333333331,0.05765753587901276,0.05177933379121358,0.05765753587901276,0.028053373951731485,0.0036522382041137337,0.050346786809575106,0.06496828494845042,59,317,224.32609140115898,PT,PT,Lineage1,lectin
4,0.29166666666666663,0.05018673171497804,0.046869506677351035,0.05018673171497804,0.02179734840563583,0.0026240923828202006,0.044950436891858625,0.055423026538097456,69,352,334.4765209137322,PT,PT,Lineage1,lectin
5,0.375,0.04970696642760417,0.048710141460685676,0.04970696642760417,0.02430605494024143,0.003403528465411069,0.04287077831510845,0.056543154540099894,51,219,217.61731535036586,PT,PT,Lineage1,lectin
6,0.4583333333333333,0.03566053139443072,0.039044288633821526,0.03566053139443072,0.018890746875706858,0.003339443804372726,0.02884969085192737,0.042471371936934066,32,168,168.0,PT,PT,Lineage1,lectin
7,0.5416666666666666,0.03670468792386092,0.03375308174146261,0.03670468792386092,0.022098206540134672,0.004419641308026934,0.027582996585312346,0.04582637926240949,25,124,124.0,PT,PT,Lineage1,lectin
8,0.625,0.031732886863320216,0.03125491999565515,0.031732886863320216,0.01572799949570733,0.0047421702754691045,0.021166673029914228,0.042299100696726204,11,75,75.0,PT,PT,Lineage1,lectin
9,0.7083333333333333,0.018472596625735874,0.018472596625735874,0.025312333275744132,,,,,4,18,18.0,PT,PT,Lineage1,lectin
10,0.7916666666666666,0.03490830613623806,0.03490830613623806,0.039946427624280134,,,,,1,12,12.0,PT,PT,Lineage1,lectin
11,0.875,0.028920498294103848,0.028920498294103848,0.028920498294103848,,,,,1,37,37.0,PT,PT,Lineage1,lectin
12,0.9583333333333333,0.021815059254542222,0.021815059254542222,0.021815059254542222,,,,,1,32,32.0,PT,PT,Lineage1,lectin
1,0.041666666666666664,0.02816422433779028,0.025749087520480985,0.02816422433779028,0.02825295122165176,0.0031990167815083787,0.02179416811069052,0.03453428056489004,78,922,753.7461180962096,PT,PT,Lineage1,alternative
2,0.125,0.057565022569845525,0.05211099954305516,0.057565022569845525,0.06654668814877768,0.006863766802480755,0.04393494200023261,0.07119510313945844,94,750,485.1596408443711,PT,PT,Lineage1,alternative
3,0.20833333333333331,0.08210343493985157,0.09139456620184307,0.08210343493985157,0.08384197512767538,0.010915295436353379,0.06025409722029232,0.10395277265941083,59,317,224.32609140115898,PT,PT,Lineage1,alternative
4,0.29166666666666663,0.10456565495917139,0.10369434655851786,0.10456565495917139,0.09310723795815323,0.011208794270051989,0.08219885423449379,0.12693245568384898,69,352,334.4765209137322,PT,PT,Lineage1,alternative
5,0.375,0.15676849568901774,0.150785584839633,0.15676849568901774,0.10738576833467206,0.015037015270708698,0.1265657616482375,0.186971229729798,51,219,217.61731535036586,PT,PT,Lineage1,alternative
6,0.4583333333333333,0.20737111454800025,0.18783557219890698,0.20737111454800025,0.1406222703722939,0.024858740241524287,0.156671379564936,0.2580708495310645,32,168,168.0,PT,PT,Lineage1,alternative
7,0.5416666666666666,0.2538045722428169,0.24235297350279766,0.2538045722428169,0.1519575393941541,0.03039150787883082,0.1910795828459913,0.31652956163964246,25,124,124.0,PT,PT,Lineage1,alternative
8,0.625,0.2997484818264479,0.3024198260072057,0.2997484818264479,0.18454834558530217,0.055643419817026245,0.17576721627593594,0.4237297473769599,11,75,75.0,PT,PT,Lineage1,alternative
9,0.7083333333333333,0.29249835543506575,0.29249835543506575,0.24013449912974055,,,,,4,18,18.0,PT,PT,Lineage1,alternative
10,0.7916666666666666,0.15072925736914491,0.15072925736914491,0.09741940910967213,,,,,1,12,12.0,PT,PT,Lineage1,alternative
11,0.875,0.09170987898023122,0.09170987898023122,0.09170987898023122,,,,,1,37,37.0,PT,PT,Lineage1,alternative
12,0.9583333333333333,0.0697114960121539,0.0697114960121539,0.0697114960121539,,,,,1,32,32.0,PT,PT,Lineage1,alternative
1,0.041666666666666664,0.09364162581056054,0.08730386340850553,0.09364162581056054,0.033968583874861624,0.003846184740392026,0.08598289354077919,0.10130035808034189,78,922,753.7461180962096,PT,PT,Lineage1,terminal
2,0.125,0.0965890041184706,0.09239270564144601,0.0965890041184706,0.04141728163555989,0.004271866424120062,0.08810592402280998,0.10507208421413122,94,750,485.1596408443711,PT,PT,Lineage1,terminal
3,0.20833333333333331,0.0820973642551156,0.08306559152720247,0.0820973642551156,0.0416534798590408,0.005422821181410202,0.07124240828289367,0.09295232022733753,59,317,224.32609140115898,PT,PT,Lineage1,terminal
4,0.29166666666666663,0.06888011544072603,0.06377186780263495,0.06888011544072603,0.03272765414523054,0.003939946563769589,0.06101807448123005,0.07674215640022201,69,352,334.4765209137322,PT,PT,Lineage1,terminal
5,0.375,0.07361085945421628,0.07196695020091272,0.07361085945421628,0.03642301109517931,0.005100241703691081,0.06336672250635125,0.0838549964020813,51,219,217.61731535036586,PT,PT,Lineage1,terminal
6,0.4583333333333333,0.0664471275233845,0.06969529876478105,0.0664471275233845,0.03268645975348815,0.005778204336168159,0.05466240208374351,0.07823185296302548,32,168,168.0,PT,PT,Lineage1,terminal
7,0.5416666666666666,0.07781286442793235,0.07463387681957413,0.07781286442793235,0.04859810327450938,0.009719620654901876,0.05775255333871036,0.09787317551715434,25,124,124.0,PT,PT,Lineage1,terminal
8,0.625,0.08700446643311789,0.07061640665811711,0.08700446643311789,0.04031186553555176,0.01215448478006222,0.059922586669044736,0.11408634619719105,11,75,75.0,PT,PT,Lineage1,terminal
9,0.7083333333333333,0.042203202397509375,0.042203202397509375,0.042254638594988965,,,,,4,18,18.0,PT,PT,Lineage1,terminal
10,0.7916666666666666,0.022421988583069274,0.022421988583069274,0.018710580049604988,,,,,1,12,12.0,PT,PT,Lineage1,terminal
11,0.875,0.017301206071937896,0.017301206071937896,0.017301206071937896,,,,,1,37,37.0,PT,PT,Lineage1,terminal
12,0.9583333333333333,0.012092807219487498,0.012092807219487498,0.012092807219487498,,,,,1,32,32.0,PT,PT,Lineage1,terminal
1,0.041666666666666664,0.03045953200292634,0.030241394640529103,0.03045953200292634,0.012796448692455829,0.0014489124973077374,0.027574378624129148,0.033344685381723534,78,922,753.7461180962096,PT,PT,Lineage1,receptor
2,0.125,0.039815517961228515,0.036284117361624575,0.039815517961228515,0.020968973136454773,0.002162784440516934,0.035520656695211074,0.044110379227245956,94,750,485.1596408443711,PT,PT,Lineage1,receptor
3,0.20833333333333331,0.059587252795100576,0.06048497793765604,0.059587252795100576,0.028935189578285815,0.003767040820220715,0.05204670132177596,0.06712780426842518,59,317,224.32609140115898,PT,PT,Lineage1,receptor
4,0.29166666666666663,0.05079013604721222,0.04769834422700217,0.05079013604721222,0.02655383548718936,0.003196706137824463,0.044411208266272414,0.057169063828152025,69,352,334.4765209137322,PT,PT,Lineage1,receptor
5,0.375,0.043612568350687254,0.04091397244190275,0.043612568350687254,0.019465697992697862,0.0027257429220878824,0.03813775256728348,0.04908738413409103,51,219,217.61731535036586,PT,PT,Lineage1,receptor
6,0.4583333333333333,0.039342639927144776,0.039461038972842,0.039342639927144776,0.0208553779752155,0.003686744797620862,0.03182347433896503,0.046861805515324526,32,168,168.0,PT,PT,Lineage1,receptor
7,0.5416666666666666,0.02925721673038415,0.02743055133949442,0.02925721673038415,0.014749354125589321,0.002949870825117864,0.023168982577434927,0.03534545088333337,25,124,124.0,PT,PT,Lineage1,receptor
8,0.625,0.029896020159376615,0.027588551290470758,0.029896020159376615,0.01676101631509079,0.005053636565652857,0.018635816183734822,0.041156224135018404,11,75,75.0,PT,PT,Lineage1,receptor
9,0.7083333333333333,0.03566545009336928,0.03566545009336928,0.053152705248580054,,,,,4,18,18.0,PT,PT,Lineage1,receptor
10,0.7916666666666666,0.04982693322763602,0.04982693322763602,0.05640270462158235,,,,,1,12,12.0,PT,PT,Lineage1,receptor
11,0.875,0.0668337240048966,0.0668337240048966,0.0668337240048966,,,,,1,37,37.0,PT,PT,Lineage1,receptor
12,0.9583333333333333,0.07504298655805418,0.07504298655805418,0.07504298655805418,,,,,1,32,32.0,PT,PT,Lineage1,receptor
1,0.041666666666666664,0.39159249607834007,0.3840152664900336,0.39159249607834007,0.06546011227154375,0.007411898177759581,0.3768335212537052,0.40635147090297496,78,922,753.7461180962096,PT,PT,Lineage1,regulator
2,0.125,0.4180595378557771,0.4126995738613277,0.4180595378557771,0.08752154281977409,0.009027157876966374,0.40013339136531106,0.43598568434624313,94,750,485.1596408443711,PT,PT,Lineage1,regulator
3,0.20833333333333331,0.46176990144532853,0.46607761931438674,0.46176990144532853,0.0942058092397726,0.01226455171299323,0.4372197338462266,0.4863200690444305,59,317,224.32609140115898,PT,PT,Lineage1,regulator
4,0.29166666666666663,0.46753156812964997,0.46443471060729596,0.46753156812964997,0.08918414111510947,0.010736508909864077,0.4461071981679965,0.48895593809130344,69,352,334.4765209137322,PT,PT,Lineage1,regulator
5,0.375,0.50257089857846,0.5115194629104203,0.50257089857846,0.1223869080769931,0.01713759499259802,0.4681490259965849,0.5369927711603352,51,219,217.61731535036586,PT,PT,Lineage1,regulator
6,0.4583333333333333,0.5981110150927686,0.5861781049965037,0.5981110150927686,0.1521560235695749,0.026897639016106638,0.5432529186431025,0.6529691115424348,32,168,168.0,PT,PT,Lineage1,regulator
7,0.5416666666666666,0.6898339009239228,0.674485279494922,0.6898339009239228,0.1738945166179264,0.03477890332358528,0.6180537723793752,0.7616140294684705,25,124,124.0,PT,PT,Lineage1,regulator
8,0.625,0.7141628663009315,0.6814635190806586,0.7141628663009315,0.11814383088349299,0.03562170530324989,0.6347927607415149,0.7935329718603481,11,75,75.0,PT,PT,Lineage1,regulator
9,0.7083333333333333,0.6288355087709165,0.6288355087709165,0.5821692410207848,,,,,4,18,18.0,PT,PT,Lineage1,regulator
10,0.7916666666666666,0.41245744344426366,0.41245744344426366,0.37208133712248653,,,,,1,12,12.0,PT,PT,Lineage1,regulator
11,0.875,0.31688283375214826,0.31688283375214826,0.31688283375214826,,,,,1,37,37.0,PT,PT,Lineage1,regulator
12,0.9583333333333333,0.30049893789496057,0.30049893789496057,0.30049893789496057,,,,,1,32,32.0,PT,PT,Lineage1,regulator
1,0.041666666666666664,0.0010788186632921623,0.0008793968364399842,0.0010788186632921623,0.0019380371122788664,0.00021943949135532715,0.0006418588116090759,0.0015157785149752488,78,922,753.7461180962096,PT,PT,Lineage1,cfhr
2,0.125,0.0011584599809803626,0.0011513086983843163,0.0011584599809803626,0.0019497185699520587,0.00020109811572738647,0.0007591189779073922,0.001557800984053333,94,750,485.1596408443711,PT,PT,Lineage1,cfhr
3,0.20833333333333331,0.0015214407789611638,0.001477851639406785,0.0015214407789611638,0.0031589881957813037,0.00041126523301004557,0.0006982039714238913,0.0023446775864984365,59,317,224.32609140115898,PT,PT,Lineage1,cfhr
4,0.29166666666666663,0.001057232981568484,0.0011275197088146543,0.001057232981568484,0.0027796735470302313,0.0003346333712591804,0.00038948248580116115,0.001724983477335807,69,352,334.4765209137322,PT,PT,Lineage1,cfhr
5,0.375,0.0007163816915666356,0.000907407939869753,0.0007163816915666356,0.0015533599344055402,0.00021751389794751335,0.00027949216983560267,0.0011532712132976686,51,219,217.61731535036586,PT,PT,Lineage1,cfhr
6,0.4583333333333333,0.0015725815063629602,0.001463612413196476,0.0015725815063629602,0.003238332023210803,0.0005724616333364777,0.0004050383076271639,0.0027401247050987563,32,168,168.0,PT,PT,Lineage1,cfhr
7,0.5416666666666666,0.0024394429813782525,0.001621387547459867,0.0024394429813782525,0.0037259107330473,0.0007451821466094601,0.0009014626208401068,0.003977423341916399,25,124,124.0,PT,PT,Lineage1,cfhr
8,0.625,0.0016395209270745345,0.0011093408528598378,0.0016395209270745345,0.0020152863758251343,0.0006076317048842845,0.0002856331177361665,0.0029934087364129024,11,75,75.0,PT,PT,Lineage1,cfhr
9,0.7083333333333333,0.0004963393130675465,0.0004963393130675465,0.0,,,,,4,18,18.0,PT,PT,Lineage1,cfhr
10,0.7916666666666666,0.00019533884791119596,0.00019533884791119596,0.0,,,,,1,12,12.0,PT,PT,Lineage1,cfhr
11,0.875,0.00025187291761782763,0.00025187291761782763,0.00025187291761782763,,,,,1,37,37.0,PT,PT,Lineage1,cfhr
12,0.9583333333333333,0.0004497013990232647,0.0004497013990232647,0.0004497013990232647,,,,,1,32,32.0,PT,PT,Lineage1,cfhr
