compartment,trajectory,lineage,module,n_supported_metacells,early_mean,late_mean,late_minus_early
FIB,contractile,Lineage1,classical,340,0.20089780698194773,0.3421431163402071,0.14124530935825938
FIB,contractile,Lineage1,lectin,340,0.00666796053332491,0.017252427353222206,0.010584466819897297
FIB,contractile,Lineage1,alternative,340,0.07664505037296289,0.67705348982769,0.6004084394547271
FIB,contractile,Lineage1,terminal,340,0.5594999000053685,0.4319616187345604,-0.12753828127080813
FIB,contractile,Lineage1,receptor,340,0.034909684465270624,0.037453189186798685,0.0025435047215280615
FIB,contractile,Lineage1,regulator,340,0.7079393093232377,0.8693790620930176,0.16143975276977995
FIB,contractile,Lineage1,cfhr,340,0.031141332457774198,0.03317951997083368,0.002038187513059484
FIB,outer_medullary,Lineage1,classical,262,0.1839835190830239,0.40689224009689606,0.22290872101387216
FIB,outer_medullary,Lineage1,lectin,262,0.005108680038171633,0.027930325905765455,0.02282164586759382
FIB,outer_medullary,Lineage1,alternative,262,0.05450465994352622,0.3401352657315925,0.28563060578806626
FIB,outer_medullary,Lineage1,terminal,262,0.52579911617238,0.48118380869935395,-0.044615307473026
FIB,outer_medullary,Lineage1,receptor,262,0.01422979282181548,0.06866414238914681,0.05443434956733133
FIB,outer_medullary,Lineage1,regulator,262,0.6320283023360515,1.1961456864060314,0.5641173840699799
FIB,outer_medullary,Lineage1,cfhr,262,0.0036271243886698648,0.044380985791707434,0.04075386140303757
Glomerular,podocyte_PEC,Lineage2,classical,234,0.08463403388783008,0.15481281016377774,0.07017877627594765
Glomerular,podocyte_PEC,Lineage2,lectin,234,0.004398738132539895,0.007371986891432165,0.0029732487588922697
Glomerular,podocyte_PEC,Lineage2,alternative,234,0.020472542989242844,0.07412170827991701,0.05364916529067417
Glomerular,podocyte_PEC,Lineage2,terminal,234,0.07127209352012304,0.10051897819030674,0.0292468846701837
Glomerular,podocyte_PEC,Lineage2,receptor,234,0.24473321836129702,0.22173817927194386,-0.02299503908935316
Glomerular,podocyte_PEC,Lineage2,regulator,234,0.42807449390599495,0.7120475817004214,0.2839730877944264
Glomerular,podocyte_PEC,Lineage2,cfhr,234,0.0011976309662537572,0.00023517914068323445,-0.0009624518255705228
Glomerular,endothelial_mesangial,Lineage3,classical,197,0.044673911547519374,0.07731613029602552,0.03264221874850615
Glomerular,endothelial_mesangial,Lineage3,lectin,197,0.12367359576220034,0.0512177585489523,-0.07245583721324804
Glomerular,endothelial_mesangial,Lineage3,alternative,197,0.034095065982788664,0.1018733106357634,0.06777824465297473
Glomerular,endothelial_mesangial,Lineage3,terminal,197,0.07805469471836946,0.09527272194482649,0.01721802722645703
Glomerular,endothelial_mesangial,Lineage3,receptor,197,0.020624930645287382,0.07079976428341155,0.05017483363812417
Glomerular,endothelial_mesangial,Lineage3,regulator,197,0.42577903085060237,0.5679166448005254,0.14213761394992303
Glomerular,endothelial_mesangial,Lineage3,cfhr,197,0.001333082888053977,0.0012187256173169917,-0.00011435727073698517
PT,PT,Lineage1,classical,3026,0.0383366442059162,0.04027870208739618,0.0019420578814799833
PT,PT,Lineage1,lectin,3026,0.033526467515011454,0.025182878100364497,-0.008343589414646958
PT,PT,Lineage1,alternative,3026,0.05408636053833363,0.12403508157223352,0.06994872103389989
PT,PT,Lineage1,terminal,3026,0.08413778333774902,0.01971506688006606,-0.06442271645768295
PT,PT,Lineage1,receptor,3026,0.03886856647254751,0.06250886349872922,0.023640297026181714
PT,PT,Lineage1,regulator,3026,0.41613883547091185,0.37258020534190717,-0.04355863012900468
PT,PT,Lineage1,cfhr,3026,0.0010579538014322467,0.00036445746386202377,-0.0006934963375702229
