compartment,trajectory,representation,primary_lineage,sensitivity_lineage,spearman_rho,n_overlap
PT,PT,X_decipher_z,Lineage1,Lineage8,0.9427901699421872,1456
PT,PT,X_decipher_z,Lineage10,Lineage6,0.902063441059858,616
PT,PT,X_decipher_z,Lineage11,Lineage10,0.3484867544706074,692
PT,PT,X_decipher_z,Lineage2,Lineage1,0.8822301078024859,1135
PT,PT,X_decipher_z,Lineage3,Lineage7,0.9341991891824832,1399
PT,PT,X_decipher_z,Lineage4,Lineage3,-0.2417595141839751,1860
PT,PT,X_decipher_z,Lineage5,Lineage2,0.8341051124680843,1064
PT,PT,X_decipher_z,Lineage6,Lineage9,0.9127958163364108,877
PT,PT,X_decipher_z,Lineage7,Lineage11,0.6837375472184003,579
PT,PT,X_decipher_z,Lineage8,Lineage5,0.8422735764397824,981
PT,PT,X_decipher_z,Lineage9,Lineage4,0.470855560993367,906
PT,PT,X_scVI,Lineage1,Lineage3,0.7263140643111071,2479
PT,PT,X_scVI,Lineage10,Lineage5,0.3694158416404466,724
PT,PT,X_scVI,Lineage11,Lineage6,0.1249646692679755,452
PT,PT,X_scVI,Lineage3,Lineage2,0.6517565128648501,1839
PT,PT,X_scVI,Lineage6,Lineage4,0.4541119654965413,1004
PT,PT,X_scVI,Lineage8,Lineage1,0.7594036734914732,1171
FIB,contractile,X_decipher_z,Lineage1,Lineage3,0.7128090855538352,280
FIB,contractile,X_decipher_z,Lineage2,Lineage5,-0.2005665743663559,148
FIB,contractile,X_decipher_z,Lineage3,Lineage4,0.7872290579253456,127
FIB,contractile,X_decipher_z,Lineage4,Lineage1,0.8582505472045162,231
FIB,contractile,X_decipher_z,Lineage5,Lineage2,0.5239296207620802,102
FIB,contractile,X_scVI,Lineage1,Lineage3,0.0688022299276997,198
FIB,contractile,X_scVI,Lineage3,Lineage2,0.16587606785441,324
FIB,contractile,X_scVI,Lineage4,Lineage1,0.5878137838655334,209
FIB,contractile,X_scVI,Lineage6,Lineage4,0.4640202919225559,101
FIB,outer_medullary,X_decipher_z,Lineage1,Lineage1,0.8311206858352297,207
FIB,outer_medullary,X_decipher_z,Lineage2,Lineage3,0.8764619034806478,111
FIB,outer_medullary,X_scVI,Lineage1,Lineage3,0.2695407479327471,177
FIB,outer_medullary,X_scVI,Lineage2,Lineage4,0.1910819899923998,87
Glomerular,podocyte_PEC,X_decipher_z,Lineage1,Lineage1,0.900496862995291,275
Glomerular,podocyte_PEC,X_decipher_z,Lineage2,Lineage2,0.7677792821551951,209
Glomerular,podocyte_PEC,X_decipher_z,Lineage3,Lineage4,0.4310660752635975,164
Glomerular,podocyte_PEC,X_scVI,Lineage1,Lineage1,0.9007560702347812,290
Glomerular,podocyte_PEC,X_scVI,Lineage2,Lineage2,0.7432137250604052,223
Glomerular,podocyte_PEC,X_scVI,Lineage3,Lineage3,0.2387034945233743,124
Glomerular,endothelial_mesangial,X_decipher_z,Lineage1,Lineage1,0.8532282733648288,131
Glomerular,endothelial_mesangial,X_decipher_z,Lineage2,Lineage3,0.7661122698019869,128
Glomerular,endothelial_mesangial,X_decipher_z,Lineage3,Lineage2,0.8477963235795039,128
Glomerular,endothelial_mesangial,X_decipher_z,Lineage4,Lineage5,0.8524887623195785,53
Glomerular,endothelial_mesangial,X_scVI,Lineage1,Lineage1,0.6456494618173022,170
Glomerular,endothelial_mesangial,X_scVI,Lineage2,Lineage2,-0.0022127366664667,84
