pseudotime_bin,pseudotime_midpoint,weighted_mean_expression_ckd,n_metacells_ckd,sum_lineage_weight_ckd,weighted_mean_expression_aki,n_metacells_aki,sum_lineage_weight_aki,compartment,trajectory,lineage,gene,module,difference_ckd_minus_aki
1,0.041666666666666664,1.0847581873310348,106,84.15520280198274,0.9923032749545417,16,12.863837657812805,PT,PT,Lineage1,CFI,regulator,0.09245491237649306
2,0.125,1.0535409991335005,262,175.4372192929864,1.4500719396859048,84,64.85184216261752,PT,PT,Lineage1,CFI,regulator,-0.39653094055240423
3,0.20833333333333331,1.1610555107961333,88,62.89308157740807,1.3579379161198206,39,29.475896196342827,PT,PT,Lineage1,CFI,regulator,-0.19688240532368728
4,0.29166666666666663,1.0910084873513475,111,102.0259532502107,1.2649593911455652,37,36.06040978409205,PT,PT,Lineage1,CFI,regulator,-0.17395090379421774
5,0.375,1.0291186174441103,97,96.69744623297491,1.1962145817790717,36,35.54159454710492,PT,PT,Lineage1,CFI,regulator,-0.16709596433496143
6,0.4583333333333333,1.0609164274191314,45,45.0,1.0560292512772538,39,39.0,PT,PT,Lineage1,CFI,regulator,0.004887176141877614
7,0.5416666666666666,1.2150089283228989,29,29.0,1.0133439028304712,31,31.0,PT,PT,Lineage1,CFI,regulator,0.2016650254924277
8,0.625,1.1499049365185996,15,15.0,1.0141787261748934,18,18.0,PT,PT,Lineage1,CFI,regulator,0.13572621034370624
9,0.7083333333333333,1.0637695246635286,1,1.0,0.9669731964071884,4,4.0,PT,PT,Lineage1,CFI,regulator,0.09679632825634021
10,0.7916666666666666,,0,0.0,0.9514647622593733,2,2.0,PT,PT,Lineage1,CFI,regulator,
11,0.875,,0,0.0,,0,0.0,PT,PT,Lineage1,CFI,regulator,
12,0.9583333333333333,,0,0.0,,0,0.0,PT,PT,Lineage1,CFI,regulator,
1,0.041666666666666664,0.08963401092795062,106,84.15520280198274,0.11050113330094352,16,12.863837657812805,PT,PT,Lineage1,C5AR1,receptor,-0.020867122372992902
2,0.125,0.15072016232700308,262,175.4372192929864,0.32894335464227886,84,64.85184216261752,PT,PT,Lineage1,C5AR1,receptor,-0.17822319231527578
3,0.20833333333333331,0.29841510955710143,88,62.89308157740807,0.4281594169618543,39,29.475896196342827,PT,PT,Lineage1,C5AR1,receptor,-0.12974430740475285
4,0.29166666666666663,0.2317961112049827,111,102.0259532502107,0.44159972258413005,37,36.06040978409205,PT,PT,Lineage1,C5AR1,receptor,-0.20980361137914735
5,0.375,0.21876291002654027,97,96.69744623297491,0.37739774808808624,36,35.54159454710492,PT,PT,Lineage1,C5AR1,receptor,-0.15863483806154596
6,0.4583333333333333,0.17291387105027092,45,45.0,0.35416823061631575,39,39.0,PT,PT,Lineage1,C5AR1,receptor,-0.18125435956604483
7,0.5416666666666666,0.11206917574485971,29,29.0,0.2404891353151417,31,31.0,PT,PT,Lineage1,C5AR1,receptor,-0.12841995957028202
8,0.625,0.07814236066940826,15,15.0,0.24847096244187553,18,18.0,PT,PT,Lineage1,C5AR1,receptor,-0.17032860177246728
9,0.7083333333333333,0.10699873206809457,1,1.0,0.09977473416415794,4,4.0,PT,PT,Lineage1,C5AR1,receptor,0.00722399790393663
10,0.7916666666666666,,0,0.0,0.09239775577119579,2,2.0,PT,PT,Lineage1,C5AR1,receptor,
11,0.875,,0,0.0,,0,0.0,PT,PT,Lineage1,C5AR1,receptor,
12,0.9583333333333333,,0,0.0,,0,0.0,PT,PT,Lineage1,C5AR1,receptor,
1,0.041666666666666664,0.07736008509817507,106,84.15520280198274,0.1676310828981885,16,12.863837657812805,PT,PT,Lineage1,C3,alternative,-0.09027099780001344
2,0.125,0.06821516146767251,262,175.4372192929864,0.3288532456726521,84,64.85184216261752,PT,PT,Lineage1,C3,alternative,-0.2606380842049796
3,0.20833333333333331,0.27887098785972914,88,62.89308157740807,0.5293746803745784,39,29.475896196342827,PT,PT,Lineage1,C3,alternative,-0.2505036925148492
4,0.29166666666666663,0.30320624925634654,111,102.0259532502107,0.6135974801167331,37,36.06040978409205,PT,PT,Lineage1,C3,alternative,-0.31039123086038656
5,0.375,0.48986244113041855,97,96.69744623297491,0.6464023082569829,36,35.54159454710492,PT,PT,Lineage1,C3,alternative,-0.1565398671265643
6,0.4583333333333333,0.6492642090457986,45,45.0,0.7542595502247871,39,39.0,PT,PT,Lineage1,C3,alternative,-0.10499534117898845
7,0.5416666666666666,0.9658298139063853,29,29.0,0.8249283828749875,31,31.0,PT,PT,Lineage1,C3,alternative,0.14090143103139785
8,0.625,1.1837143185398653,15,15.0,0.9950329979548651,18,18.0,PT,PT,Lineage1,C3,alternative,0.1886813205850002
9,0.7083333333333333,1.4205829904805007,1,1.0,1.230534217261022,4,4.0,PT,PT,Lineage1,C3,alternative,0.19004877321947866
10,0.7916666666666666,,0,0.0,1.2509943700217958,2,2.0,PT,PT,Lineage1,C3,alternative,
11,0.875,,0,0.0,,0,0.0,PT,PT,Lineage1,C3,alternative,
12,0.9583333333333333,,0,0.0,,0,0.0,PT,PT,Lineage1,C3,alternative,
1,0.041666666666666664,0.7234557278241259,106,84.15520280198274,0.7431586325697546,16,12.863837657812805,PT,PT,Lineage1,CD46,regulator,-0.019702904745628635
2,0.125,0.6673529978964192,262,175.4372192929864,0.7132348191199717,84,64.85184216261752,PT,PT,Lineage1,CD46,regulator,-0.045881821223552444
3,0.20833333333333331,0.7485569969966474,88,62.89308157740807,0.6409597258074197,39,29.475896196342827,PT,PT,Lineage1,CD46,regulator,0.10759727118922768
4,0.29166666666666663,0.7876187787600996,111,102.0259532502107,0.7080319434645433,37,36.06040978409205,PT,PT,Lineage1,CD46,regulator,0.07958683529555621
5,0.375,0.8099052424810443,97,96.69744623297491,0.8265056140840568,36,35.54159454710492,PT,PT,Lineage1,CD46,regulator,-0.01660037160301242
6,0.4583333333333333,0.9382827905707406,45,45.0,0.8412483627805807,39,39.0,PT,PT,Lineage1,CD46,regulator,0.09703442779015992
7,0.5416666666666666,1.0526079270178157,29,29.0,0.9351755230739174,31,31.0,PT,PT,Lineage1,CD46,regulator,0.11743240394389831
8,0.625,1.061355358392484,15,15.0,0.8987928798483797,18,18.0,PT,PT,Lineage1,CD46,regulator,0.16256247854410422
9,0.7083333333333333,0.991024349822073,1,1.0,0.9225728882418982,4,4.0,PT,PT,Lineage1,CD46,regulator,0.06845146158017479
10,0.7916666666666666,,0,0.0,1.0385740216190258,2,2.0,PT,PT,Lineage1,CD46,regulator,
11,0.875,,0,0.0,,0,0.0,PT,PT,Lineage1,CD46,regulator,
12,0.9583333333333333,,0,0.0,,0,0.0,PT,PT,Lineage1,CD46,regulator,
1,0.041666666666666664,0.28406556965837804,106,84.15520280198274,0.2319274500387224,16,12.863837657812805,PT,PT,Lineage1,C5,terminal,0.05213811961965564
2,0.125,0.2691497666681599,262,175.4372192929864,0.27692570053027576,84,64.85184216261752,PT,PT,Lineage1,C5,terminal,-0.007775933862115891
3,0.20833333333333331,0.15122037069014035,88,62.89308157740807,0.15438068342540945,39,29.475896196342827,PT,PT,Lineage1,C5,terminal,-0.003160312735269094
4,0.29166666666666663,0.1662858344185391,111,102.0259532502107,0.15222005911540565,37,36.06040978409205,PT,PT,Lineage1,C5,terminal,0.014065775303133465
5,0.375,0.13931261834537753,97,96.69744623297491,0.12941860861891516,36,35.54159454710492,PT,PT,Lineage1,C5,terminal,0.009894009726462372
6,0.4583333333333333,0.12139208645067888,45,45.0,0.15472847475300533,39,39.0,PT,PT,Lineage1,C5,terminal,-0.03333638830232645
7,0.5416666666666666,0.13510066718199612,29,29.0,0.12647596296123484,31,31.0,PT,PT,Lineage1,C5,terminal,0.008624704220761281
8,0.625,0.10940883138087722,15,15.0,0.13832607936190044,18,18.0,PT,PT,Lineage1,C5,terminal,-0.028917247981023228
9,0.7083333333333333,0.08649532898703227,1,1.0,0.10034361371239342,4,4.0,PT,PT,Lineage1,C5,terminal,-0.013848284725361149
10,0.7916666666666666,,0,0.0,0.0717385254270013,2,2.0,PT,PT,Lineage1,C5,terminal,
11,0.875,,0,0.0,,0,0.0,PT,PT,Lineage1,C5,terminal,
12,0.9583333333333333,,0,0.0,,0,0.0,PT,PT,Lineage1,C5,terminal,
1,0.041666666666666664,0.2100066727161514,106,84.15520280198274,0.2102759467597161,16,12.863837657812805,PT,PT,Lineage1,C9,terminal,-0.0002692740435646934
2,0.125,0.19883696462088388,262,175.4372192929864,0.2241708862457404,84,64.85184216261752,PT,PT,Lineage1,C9,terminal,-0.02533392162485651
3,0.20833333333333331,0.15317443652581866,88,62.89308157740807,0.20401454676358646,39,29.475896196342827,PT,PT,Lineage1,C9,terminal,-0.0508401102377678
4,0.29166666666666663,0.1538496574791092,111,102.0259532502107,0.20205287079061812,37,36.06040978409205,PT,PT,Lineage1,C9,terminal,-0.048203213311508925
5,0.375,0.14538999014663076,97,96.69744623297491,0.1718579986602885,36,35.54159454710492,PT,PT,Lineage1,C9,terminal,-0.026468008513657743
6,0.4583333333333333,0.12804077879442854,45,45.0,0.1235304557458621,39,39.0,PT,PT,Lineage1,C9,terminal,0.004510323048566439
7,0.5416666666666666,0.1102966328282657,29,29.0,0.08140441406312524,31,31.0,PT,PT,Lineage1,C9,terminal,0.028892218765140462
8,0.625,0.12783536842038878,15,15.0,0.10487320176310382,18,18.0,PT,PT,Lineage1,C9,terminal,0.02296216665728497
9,0.7083333333333333,0.044182553360210125,1,1.0,0.07166125928301581,4,4.0,PT,PT,Lineage1,C9,terminal,-0.027478705922805685
10,0.7916666666666666,,0,0.0,0.14155315995600415,2,2.0,PT,PT,Lineage1,C9,terminal,
11,0.875,,0,0.0,,0,0.0,PT,PT,Lineage1,C9,terminal,
12,0.9583333333333333,,0,0.0,,0,0.0,PT,PT,Lineage1,C9,terminal,
1,0.041666666666666664,0.310423640221842,106,84.15520280198274,0.23320215244530057,16,12.863837657812805,PT,PT,Lineage1,C7,terminal,0.07722148777654142
2,0.125,0.20444871580806592,262,175.4372192929864,0.11600961757253386,84,64.85184216261752,PT,PT,Lineage1,C7,terminal,0.08843909823553206
3,0.20833333333333331,0.23939983149668032,88,62.89308157740807,0.1170367903059917,39,29.475896196342827,PT,PT,Lineage1,C7,terminal,0.12236304119068861
4,0.29166666666666663,0.12451458657762365,111,102.0259532502107,0.13234126825073403,37,36.06040978409205,PT,PT,Lineage1,C7,terminal,-0.007826681673110375
5,0.375,0.13755452644720173,97,96.69744623297491,0.06464900521251873,36,35.54159454710492,PT,PT,Lineage1,C7,terminal,0.072905521234683
6,0.4583333333333333,0.24138589625232754,45,45.0,0.052781590696732154,39,39.0,PT,PT,Lineage1,C7,terminal,0.18860430555559538
7,0.5416666666666666,0.37415077892868615,29,29.0,0.13055091259897744,31,31.0,PT,PT,Lineage1,C7,terminal,0.2435998663297087
8,0.625,0.3720480059072308,15,15.0,0.10001901904988195,18,18.0,PT,PT,Lineage1,C7,terminal,0.2720289868573489
9,0.7083333333333333,0.7234672112171416,1,1.0,0.10088996299730967,4,4.0,PT,PT,Lineage1,C7,terminal,0.622577248219832
10,0.7916666666666666,,0,0.0,0.03417299041214518,2,2.0,PT,PT,Lineage1,C7,terminal,
11,0.875,,0,0.0,,0,0.0,PT,PT,Lineage1,C7,terminal,
12,0.9583333333333333,,0,0.0,,0,0.0,PT,PT,Lineage1,C7,terminal,
1,0.041666666666666664,0.06214901190360817,106,84.15520280198274,0.09429514710821542,16,12.863837657812805,PT,PT,Lineage1,CFB,alternative,-0.03214613520460725
2,0.125,0.09170162761444745,262,175.4372192929864,0.24159416983992246,84,64.85184216261752,PT,PT,Lineage1,CFB,alternative,-0.14989254222547502
3,0.20833333333333331,0.16241509367395715,88,62.89308157740807,0.196228823643136,39,29.475896196342827,PT,PT,Lineage1,CFB,alternative,-0.03381372996917886
4,0.29166666666666663,0.13747746659869528,111,102.0259532502107,0.18576613553186425,37,36.06040978409205,PT,PT,Lineage1,CFB,alternative,-0.048288668933168966
5,0.375,0.14363401565643283,97,96.69744623297491,0.17903871251553735,36,35.54159454710492,PT,PT,Lineage1,CFB,alternative,-0.03540469685910452
6,0.4583333333333333,0.24209349781485356,45,45.0,0.2137130426877863,39,39.0,PT,PT,Lineage1,CFB,alternative,0.028380455127067272
7,0.5416666666666666,0.41770326310826306,29,29.0,0.3812955888995665,31,31.0,PT,PT,Lineage1,CFB,alternative,0.03640767420869656
8,0.625,0.3759778102040111,15,15.0,0.43334022654373816,18,18.0,PT,PT,Lineage1,CFB,alternative,-0.05736241633972705
9,0.7083333333333333,0.7871329107438362,1,1.0,0.33343251669863827,4,4.0,PT,PT,Lineage1,CFB,alternative,0.4537003940451979
10,0.7916666666666666,,0,0.0,0.40210385526183656,2,2.0,PT,PT,Lineage1,CFB,alternative,
11,0.875,,0,0.0,,0,0.0,PT,PT,Lineage1,CFB,alternative,
12,0.9583333333333333,,0,0.0,,0,0.0,PT,PT,Lineage1,CFB,alternative,
1,0.041666666666666664,0.12366553912875064,106,84.15520280198274,0.05021377389813677,16,12.863837657812805,PT,PT,Lineage1,CR2,receptor,0.07345176523061386
2,0.125,0.10163486263777081,262,175.4372192929864,0.046167881744023614,84,64.85184216261752,PT,PT,Lineage1,CR2,receptor,0.0554669808937472
3,0.20833333333333331,0.048889843545671184,88,62.89308157740807,0.022244194784956747,39,29.475896196342827,PT,PT,Lineage1,CR2,receptor,0.026645648760714437
4,0.29166666666666663,0.05377993203050617,111,102.0259532502107,0.019223382192464143,37,36.06040978409205,PT,PT,Lineage1,CR2,receptor,0.03455654983804203
5,0.375,0.02543122782047793,97,96.69744623297491,0.020210128725375073,36,35.54159454710492,PT,PT,Lineage1,CR2,receptor,0.005221099095102856
6,0.4583333333333333,0.023426978482208247,45,45.0,0.03604136293417686,39,39.0,PT,PT,Lineage1,CR2,receptor,-0.012614384451968615
7,0.5416666666666666,0.03949756197210824,29,29.0,0.01724575216939271,31,31.0,PT,PT,Lineage1,CR2,receptor,0.02225180980271553
8,0.625,0.01587389052138556,15,15.0,0.0009237978911311663,18,18.0,PT,PT,Lineage1,CR2,receptor,0.014950092630254395
9,0.7083333333333333,0.0,1,1.0,0.0,4,4.0,PT,PT,Lineage1,CR2,receptor,0.0
10,0.7916666666666666,,0,0.0,0.0,2,2.0,PT,PT,Lineage1,CR2,receptor,
11,0.875,,0,0.0,,0,0.0,PT,PT,Lineage1,CR2,receptor,
12,0.9583333333333333,,0,0.0,,0,0.0,PT,PT,Lineage1,CR2,receptor,
1,0.041666666666666664,0.025518228734024134,106,84.15520280198274,0.009767055256542858,16,12.863837657812805,PT,PT,Lineage1,C6,terminal,0.015751173477481277
2,0.125,0.036298740782116784,262,175.4372192929864,0.028302298757017202,84,64.85184216261752,PT,PT,Lineage1,C6,terminal,0.007996442025099582
3,0.20833333333333331,0.07715848547602971,88,62.89308157740807,0.03235958634582671,39,29.475896196342827,PT,PT,Lineage1,C6,terminal,0.044798899130203004
4,0.29166666666666663,0.08665390362159854,111,102.0259532502107,0.06768573192637452,37,36.06040978409205,PT,PT,Lineage1,C6,terminal,0.018968171695224023
5,0.375,0.11952077791320426,97,96.69744623297491,0.08836905988250864,36,35.54159454710492,PT,PT,Lineage1,C6,terminal,0.03115171803069562
6,0.4583333333333333,0.11203563446608883,45,45.0,0.12435889035646021,39,39.0,PT,PT,Lineage1,C6,terminal,-0.012323255890371379
7,0.5416666666666666,0.11454771170993085,29,29.0,0.10775828279691095,31,31.0,PT,PT,Lineage1,C6,terminal,0.006789428913019896
8,0.625,0.04170385755020231,15,15.0,0.13861924995836966,18,18.0,PT,PT,Lineage1,C6,terminal,-0.09691539240816735
9,0.7083333333333333,0.022335269088039598,1,1.0,0.027782777934095518,4,4.0,PT,PT,Lineage1,C6,terminal,-0.00544750884605592
10,0.7916666666666666,,0,0.0,0.011652442700509401,2,2.0,PT,PT,Lineage1,C6,terminal,
11,0.875,,0,0.0,,0,0.0,PT,PT,Lineage1,C6,terminal,
12,0.9583333333333333,,0,0.0,,0,0.0,PT,PT,Lineage1,C6,terminal,
1,0.041666666666666664,0.1866002672634619,106,84.15520280198274,0.13795925600997233,16,12.863837657812805,PT,PT,Lineage1,MASP1,lectin,0.048641011253489574
2,0.125,0.21867098111794503,262,175.4372192929864,0.16332191013666167,84,64.85184216261752,PT,PT,Lineage1,MASP1,lectin,0.05534907098128336
3,0.20833333333333331,0.33842038828613347,88,62.89308157740807,0.24545235355270692,39,29.475896196342827,PT,PT,Lineage1,MASP1,lectin,0.09296803473342655
4,0.29166666666666663,0.3587288647899896,111,102.0259532502107,0.23750727972025668,37,36.06040978409205,PT,PT,Lineage1,MASP1,lectin,0.12122158506973293
5,0.375,0.35217901044962185,97,96.69744623297491,0.27349639785046426,36,35.54159454710492,PT,PT,Lineage1,MASP1,lectin,0.0786826125991576
6,0.4583333333333333,0.275441017018634,45,45.0,0.2554449105202599,39,39.0,PT,PT,Lineage1,MASP1,lectin,0.019996106498374078
7,0.5416666666666666,0.17282782159364507,29,29.0,0.21686782133335972,31,31.0,PT,PT,Lineage1,MASP1,lectin,-0.04403999973971465
8,0.625,0.165753897844021,15,15.0,0.18213920893897598,18,18.0,PT,PT,Lineage1,MASP1,lectin,-0.016385311094954974
9,0.7083333333333333,0.08649532898703227,1,1.0,0.09646256187418245,4,4.0,PT,PT,Lineage1,MASP1,lectin,-0.00996723288715018
10,0.7916666666666666,,0,0.0,0.05244602673883053,2,2.0,PT,PT,Lineage1,MASP1,lectin,
11,0.875,,0,0.0,,0,0.0,PT,PT,Lineage1,MASP1,lectin,
12,0.9583333333333333,,0,0.0,,0,0.0,PT,PT,Lineage1,MASP1,lectin,
1,0.041666666666666664,0.12818207819645036,106,84.15520280198274,0.1419857428683808,16,12.863837657812805,PT,PT,Lineage1,C2,classical,-0.013803664671930449
2,0.125,0.1632740708307736,262,175.4372192929864,0.18469757605366505,84,64.85184216261752,PT,PT,Lineage1,C2,classical,-0.021423505222891437
3,0.20833333333333331,0.15742873715776143,88,62.89308157740807,0.21310884064399538,39,29.475896196342827,PT,PT,Lineage1,C2,classical,-0.05568010348623395
4,0.29166666666666663,0.19567877157723065,111,102.0259532502107,0.23330443273390705,37,36.06040978409205,PT,PT,Lineage1,C2,classical,-0.0376256611566764
5,0.375,0.13909832546169568,97,96.69744623297491,0.18987720785686016,36,35.54159454710492,PT,PT,Lineage1,C2,classical,-0.05077888239516448
6,0.4583333333333333,0.15928820623767412,45,45.0,0.15160192457662353,39,39.0,PT,PT,Lineage1,C2,classical,0.007686281661050592
7,0.5416666666666666,0.16832191158761314,29,29.0,0.1687190826698627,31,31.0,PT,PT,Lineage1,C2,classical,-0.00039717108224957
8,0.625,0.13929960932757385,15,15.0,0.1135732151454438,18,18.0,PT,PT,Lineage1,C2,classical,0.025726394182130047
9,0.7083333333333333,0.14678589542723958,1,1.0,0.09008997274470332,4,4.0,PT,PT,Lineage1,C2,classical,0.05669592268253626
10,0.7916666666666666,,0,0.0,0.12186923482881323,2,2.0,PT,PT,Lineage1,C2,classical,
11,0.875,,0,0.0,,0,0.0,PT,PT,Lineage1,C2,classical,
12,0.9583333333333333,,0,0.0,,0,0.0,PT,PT,Lineage1,C2,classical,
1,0.041666666666666664,,0,0.0,,0,0.0,FIB,contractile,Lineage1,C3,alternative,
2,0.125,0.32411786820314437,1,1.0,,0,0.0,FIB,contractile,Lineage1,C3,alternative,
3,0.20833333333333331,0.11067979470581281,16,13.412132905190088,0.06406283509010213,4,2.900323653223011,FIB,contractile,Lineage1,C3,alternative,0.046616959615710676
4,0.29166666666666663,0.15720472713454386,44,35.437446841447596,0.1136654346819976,15,12.220611644518625,FIB,contractile,Lineage1,C3,alternative,0.04353929245254626
5,0.375,0.11820157866590157,49,24.543185784919224,0.2616104677208314,24,19.154945713920526,FIB,contractile,Lineage1,C3,alternative,-0.14340888905492982
6,0.4583333333333333,0.21641921262811675,14,13.130393403413576,0.5034433303062571,16,16.0,FIB,contractile,Lineage1,C3,alternative,-0.28702411767814034
7,0.5416666666666666,0.49711092858057804,8,8.0,1.3017104502287447,3,3.0,FIB,contractile,Lineage1,C3,alternative,-0.8045995216481666
8,0.625,0.5417255802842593,4,4.0,0.7947894943825285,5,5.0,FIB,contractile,Lineage1,C3,alternative,-0.2530639140982692
9,0.7083333333333333,0.9301397280008578,3,3.0,1.919383798155456,2,2.0,FIB,contractile,Lineage1,C3,alternative,-0.9892440701545983
10,0.7916666666666666,2.5348828146274065,1,1.0,2.860259514605101,1,1.0,FIB,contractile,Lineage1,C3,alternative,-0.32537669997769436
11,0.875,,0,0.0,2.0863545250430215,1,1.0,FIB,contractile,Lineage1,C3,alternative,
12,0.9583333333333333,,0,0.0,,0,0.0,FIB,contractile,Lineage1,C3,alternative,
1,0.041666666666666664,,0,0.0,,0,0.0,FIB,contractile,Lineage1,CFI,regulator,
2,0.125,0.42913892654086905,1,1.0,,0,0.0,FIB,contractile,Lineage1,CFI,regulator,
3,0.20833333333333331,0.30343436769871995,16,13.412132905190088,0.38974394925113376,4,2.900323653223011,FIB,contractile,Lineage1,CFI,regulator,-0.0863095815524138
4,0.29166666666666663,0.279391845688477,44,35.437446841447596,0.4249045988847215,15,12.220611644518625,FIB,contractile,Lineage1,CFI,regulator,-0.14551275319624446
5,0.375,0.3794720459876358,49,24.543185784919224,0.4414147866585831,24,19.154945713920526,FIB,contractile,Lineage1,CFI,regulator,-0.061942740670947294
6,0.4583333333333333,0.36972871051921574,14,13.130393403413576,0.5065266519144989,16,16.0,FIB,contractile,Lineage1,CFI,regulator,-0.13679794139528312
7,0.5416666666666666,0.39747756275972057,8,8.0,0.632665585961842,3,3.0,FIB,contractile,Lineage1,CFI,regulator,-0.2351880232021214
8,0.625,0.42097123136973447,4,4.0,0.5966088624912749,5,5.0,FIB,contractile,Lineage1,CFI,regulator,-0.1756376311215404
9,0.7083333333333333,0.4953713084678788,3,3.0,0.6663037192813166,2,2.0,FIB,contractile,Lineage1,CFI,regulator,-0.1709324108134378
10,0.7916666666666666,0.8846923514025781,1,1.0,0.8222172924990295,1,1.0,FIB,contractile,Lineage1,CFI,regulator,0.06247505890354854
11,0.875,,0,0.0,0.8535067789650598,1,1.0,FIB,contractile,Lineage1,CFI,regulator,
12,0.9583333333333333,,0,0.0,,0,0.0,FIB,contractile,Lineage1,CFI,regulator,
1,0.041666666666666664,,0,0.0,,0,0.0,FIB,contractile,Lineage1,CFB,alternative,
2,0.125,0.14247488055103402,1,1.0,,0,0.0,FIB,contractile,Lineage1,CFB,alternative,
3,0.20833333333333331,0.09152256122874786,16,13.412132905190088,0.0897480057997097,4,2.900323653223011,FIB,contractile,Lineage1,CFB,alternative,0.0017745554290381493
4,0.29166666666666663,0.08625017140352793,44,35.437446841447596,0.12584608779678327,15,12.220611644518625,FIB,contractile,Lineage1,CFB,alternative,-0.03959591639325534
5,0.375,0.14944918157193404,49,24.543185784919224,0.12502953064954844,24,19.154945713920526,FIB,contractile,Lineage1,CFB,alternative,0.0244196509223856
6,0.4583333333333333,0.1297630467021907,14,13.130393403413576,0.17194940892196725,16,16.0,FIB,contractile,Lineage1,CFB,alternative,-0.04218636221977656
7,0.5416666666666666,0.1583688743665309,8,8.0,0.2904559315373702,3,3.0,FIB,contractile,Lineage1,CFB,alternative,-0.1320870571708393
8,0.625,0.48283599460160914,4,4.0,0.14951281027909807,5,5.0,FIB,contractile,Lineage1,CFB,alternative,0.33332318432251107
9,0.7083333333333333,0.21330971417844524,3,3.0,0.5232430453583229,2,2.0,FIB,contractile,Lineage1,CFB,alternative,-0.30993333117987765
10,0.7916666666666666,0.2595139045082312,1,1.0,0.4572924404730191,1,1.0,FIB,contractile,Lineage1,CFB,alternative,-0.1977785359647879
11,0.875,,0,0.0,0.6670589277390612,1,1.0,FIB,contractile,Lineage1,CFB,alternative,
12,0.9583333333333333,,0,0.0,,0,0.0,FIB,contractile,Lineage1,CFB,alternative,
1,0.041666666666666664,,0,0.0,,0,0.0,FIB,contractile,Lineage1,C2,classical,
2,0.125,0.32411786820314437,1,1.0,,0,0.0,FIB,contractile,Lineage1,C2,classical,
3,0.20833333333333331,0.1152670490678082,16,13.412132905190088,0.06921389261791124,4,2.900323653223011,FIB,contractile,Lineage1,C2,classical,0.046053156449896965
4,0.29166666666666663,0.1599287025938566,44,35.437446841447596,0.05537068125565887,15,12.220611644518625,FIB,contractile,Lineage1,C2,classical,0.10455802133819775
5,0.375,0.1281313001117488,49,24.543185784919224,0.1059817633365669,24,19.154945713920526,FIB,contractile,Lineage1,C2,classical,0.022149536775181902
6,0.4583333333333333,0.1146535895442556,14,13.130393403413576,0.2050119230868275,16,16.0,FIB,contractile,Lineage1,C2,classical,-0.0903583335425719
7,0.5416666666666666,0.1634375116018506,8,8.0,0.14970907322653135,3,3.0,FIB,contractile,Lineage1,C2,classical,0.013728438375319257
8,0.625,0.11054026310894922,4,4.0,0.12369878869790037,5,5.0,FIB,contractile,Lineage1,C2,classical,-0.013158525588951142
9,0.7083333333333333,0.30626133720366916,3,3.0,0.20397138864607295,2,2.0,FIB,contractile,Lineage1,C2,classical,0.10228994855759621
10,0.7916666666666666,0.501901670030143,1,1.0,0.5942695698700902,1,1.0,FIB,contractile,Lineage1,C2,classical,-0.0923678998399472
11,0.875,,0,0.0,0.1395557258506958,1,1.0,FIB,contractile,Lineage1,C2,classical,
12,0.9583333333333333,,0,0.0,,0,0.0,FIB,contractile,Lineage1,C2,classical,
1,0.041666666666666664,,0,0.0,,0,0.0,FIB,contractile,Lineage1,MASP1,lectin,
2,0.125,0.0,1,1.0,,0,0.0,FIB,contractile,Lineage1,MASP1,lectin,
3,0.20833333333333331,0.00874900144784359,16,13.412132905190088,0.0,4,2.900323653223011,FIB,contractile,Lineage1,MASP1,lectin,0.00874900144784359
4,0.29166666666666663,0.015855824184237633,44,35.437446841447596,0.006077455152572906,15,12.220611644518625,FIB,contractile,Lineage1,MASP1,lectin,0.009778369031664727
5,0.375,0.00965791377235756,49,24.543185784919224,0.009276728539076528,24,19.154945713920526,FIB,contractile,Lineage1,MASP1,lectin,0.00038118523328103254
6,0.4583333333333333,0.022967760633068292,14,13.130393403413576,0.008793126371606392,16,16.0,FIB,contractile,Lineage1,MASP1,lectin,0.014174634261461901
7,0.5416666666666666,0.045131044916986454,8,8.0,0.0,3,3.0,FIB,contractile,Lineage1,MASP1,lectin,0.045131044916986454
8,0.625,0.04636780862438259,4,4.0,0.029185535185233515,5,5.0,FIB,contractile,Lineage1,MASP1,lectin,0.017182273439149076
9,0.7083333333333333,0.06622488495954597,3,3.0,0.11555779760668541,2,2.0,FIB,contractile,Lineage1,MASP1,lectin,-0.049332912647139446
10,0.7916666666666666,0.11200631421595213,1,1.0,0.0,1,1.0,FIB,contractile,Lineage1,MASP1,lectin,0.11200631421595213
11,0.875,,0,0.0,0.11018288214816897,1,1.0,FIB,contractile,Lineage1,MASP1,lectin,
12,0.9583333333333333,,0,0.0,,0,0.0,FIB,contractile,Lineage1,MASP1,lectin,
1,0.041666666666666664,,0,0.0,,0,0.0,FIB,contractile,Lineage1,C7,terminal,
2,0.125,4.190832060370657,1,1.0,,0,0.0,FIB,contractile,Lineage1,C7,terminal,
3,0.20833333333333331,3.433100345728051,16,13.412132905190088,3.8092530321776907,4,2.900323653223011,FIB,contractile,Lineage1,C7,terminal,-0.3761526864496396
4,0.29166666666666663,3.267404477302929,44,35.437446841447596,3.167388851237688,15,12.220611644518625,FIB,contractile,Lineage1,C7,terminal,0.10001562606524095
5,0.375,3.148791848373744,49,24.543185784919224,2.8909075177890355,24,19.154945713920526,FIB,contractile,Lineage1,C7,terminal,0.2578843305847083
6,0.4583333333333333,3.212515864945082,14,13.130393403413576,3.232624963272868,16,16.0,FIB,contractile,Lineage1,C7,terminal,-0.020109098327786068
7,0.5416666666666666,2.984311943077895,8,8.0,3.38205325386952,3,3.0,FIB,contractile,Lineage1,C7,terminal,-0.3977413107916252
8,0.625,3.2235402373076947,4,4.0,3.1986776171104,5,5.0,FIB,contractile,Lineage1,C7,terminal,0.02486262019729457
9,0.7083333333333333,2.8237593845288167,3,3.0,2.930577034528408,2,2.0,FIB,contractile,Lineage1,C7,terminal,-0.10681764999959142
10,0.7916666666666666,3.703414662997937,1,1.0,2.0885806401073066,1,1.0,FIB,contractile,Lineage1,C7,terminal,1.6148340228906304
11,0.875,,0,0.0,1.5102246266184083,1,1.0,FIB,contractile,Lineage1,C7,terminal,
12,0.9583333333333333,,0,0.0,,0,0.0,FIB,contractile,Lineage1,C7,terminal,
1,0.041666666666666664,,0,0.0,,0,0.0,FIB,contractile,Lineage1,CFD,alternative,
2,0.125,0.20675899221705835,1,1.0,,0,0.0,FIB,contractile,Lineage1,CFD,alternative,
3,0.20833333333333331,0.11072065647196808,16,13.412132905190088,0.15045220069556609,4,2.900323653223011,FIB,contractile,Lineage1,CFD,alternative,-0.03973154422359801
4,0.29166666666666663,0.18131998843674962,44,35.437446841447596,0.1734926993761687,15,12.220611644518625,FIB,contractile,Lineage1,CFD,alternative,0.007827289060580916
5,0.375,0.12088561042496086,49,24.543185784919224,0.16496494397904407,24,19.154945713920526,FIB,contractile,Lineage1,CFD,alternative,-0.04407933355408321
6,0.4583333333333333,0.1952201479523192,14,13.130393403413576,0.06531360633784336,16,16.0,FIB,contractile,Lineage1,CFD,alternative,0.12990654161447585
7,0.5416666666666666,0.4792077598343992,8,8.0,0.13138571299543142,3,3.0,FIB,contractile,Lineage1,CFD,alternative,0.3478220468389678
8,0.625,0.2041441142121473,4,4.0,0.13794542753171823,5,5.0,FIB,contractile,Lineage1,CFD,alternative,0.06619868668042905
9,0.7083333333333333,1.2562075120831793,3,3.0,0.4328031849845514,2,2.0,FIB,contractile,Lineage1,CFD,alternative,0.8234043270986279
10,0.7916666666666666,2.5488772251678324,1,1.0,0.6563095806825517,1,1.0,FIB,contractile,Lineage1,CFD,alternative,1.8925676444852808
11,0.875,,0,0.0,0.04871488370012178,1,1.0,FIB,contractile,Lineage1,CFD,alternative,
12,0.9583333333333333,,0,0.0,,0,0.0,FIB,contractile,Lineage1,CFD,alternative,
1,0.041666666666666664,,0,0.0,,0,0.0,FIB,contractile,Lineage1,C1R,classical,
2,0.125,1.6056762429246845,1,1.0,,0,0.0,FIB,contractile,Lineage1,C1R,classical,
3,0.20833333333333331,0.8825906389209532,16,13.412132905190088,0.7807644608689773,4,2.900323653223011,FIB,contractile,Lineage1,C1R,classical,0.10182617805197591
4,0.29166666666666663,0.7544716335546304,44,35.437446841447596,0.9203692947734123,15,12.220611644518625,FIB,contractile,Lineage1,C1R,classical,-0.1658976612187819
5,0.375,0.8841405237714763,49,24.543185784919224,0.6836067830421977,24,19.154945713920526,FIB,contractile,Lineage1,C1R,classical,0.20053374072927865
6,0.4583333333333333,1.0104410236621164,14,13.130393403413576,0.9315466252966262,16,16.0,FIB,contractile,Lineage1,C1R,classical,0.07889439836549017
7,0.5416666666666666,1.0357404613683894,8,8.0,1.6230588124952885,3,3.0,FIB,contractile,Lineage1,C1R,classical,-0.5873183511268991
8,0.625,1.0930385900664992,4,4.0,0.996335059715814,5,5.0,FIB,contractile,Lineage1,C1R,classical,0.09670353035068513
9,0.7083333333333333,1.3478021788380892,3,3.0,1.6782200800305713,2,2.0,FIB,contractile,Lineage1,C1R,classical,-0.33041790119248216
10,0.7916666666666666,2.0407495246394456,1,1.0,0.9644766267022524,1,1.0,FIB,contractile,Lineage1,C1R,classical,1.0762728979371932
11,0.875,,0,0.0,1.5742818121380178,1,1.0,FIB,contractile,Lineage1,C1R,classical,
12,0.9583333333333333,,0,0.0,,0,0.0,FIB,contractile,Lineage1,C1R,classical,
1,0.041666666666666664,,0,0.0,,0,0.0,FIB,contractile,Lineage1,C1S,classical,
2,0.125,1.8737185135617336,1,1.0,,0,0.0,FIB,contractile,Lineage1,C1S,classical,
3,0.20833333333333331,0.992147400116698,16,13.412132905190088,0.9230714932900422,4,2.900323653223011,FIB,contractile,Lineage1,C1S,classical,0.06907590682665576
4,0.29166666666666663,1.049728329258936,44,35.437446841447596,1.1140205338993214,15,12.220611644518625,FIB,contractile,Lineage1,C1S,classical,-0.06429220464038532
5,0.375,1.081779238633938,49,24.543185784919224,1.0375493098824295,24,19.154945713920526,FIB,contractile,Lineage1,C1S,classical,0.04422992875150844
6,0.4583333333333333,1.2771039405490872,14,13.130393403413576,1.2648730553236391,16,16.0,FIB,contractile,Lineage1,C1S,classical,0.012230885225448018
7,0.5416666666666666,1.1806919760545345,8,8.0,1.5414757441099194,3,3.0,FIB,contractile,Lineage1,C1S,classical,-0.3607837680553849
8,0.625,1.2274500761718592,4,4.0,1.312771510145096,5,5.0,FIB,contractile,Lineage1,C1S,classical,-0.08532143397323688
9,0.7083333333333333,1.496721630451231,3,3.0,1.7447500226466142,2,2.0,FIB,contractile,Lineage1,C1S,classical,-0.2480283921953832
10,0.7916666666666666,2.1220501678241104,1,1.0,1.44617247949224,1,1.0,FIB,contractile,Lineage1,C1S,classical,0.6758776883318705
11,0.875,,0,0.0,1.6081724477898092,1,1.0,FIB,contractile,Lineage1,C1S,classical,
12,0.9583333333333333,,0,0.0,,0,0.0,FIB,contractile,Lineage1,C1S,classical,
1,0.041666666666666664,,0,0.0,,0,0.0,FIB,contractile,Lineage1,SERPING1,regulator,
2,0.125,1.1454124125971354,1,1.0,,0,0.0,FIB,contractile,Lineage1,SERPING1,regulator,
3,0.20833333333333331,0.6517151241503037,16,13.412132905190088,0.5382666065971504,4,2.900323653223011,FIB,contractile,Lineage1,SERPING1,regulator,0.11344851755315333
4,0.29166666666666663,0.6512654930574437,44,35.437446841447596,0.7696776436120002,15,12.220611644518625,FIB,contractile,Lineage1,SERPING1,regulator,-0.11841215055455645
5,0.375,0.7132655190583972,49,24.543185784919224,0.5957241466289049,24,19.154945713920526,FIB,contractile,Lineage1,SERPING1,regulator,0.11754137242949225
6,0.4583333333333333,0.7398306220846858,14,13.130393403413576,0.6732855338111605,16,16.0,FIB,contractile,Lineage1,SERPING1,regulator,0.06654508827352523
7,0.5416666666666666,0.7180471693928043,8,8.0,1.1717828596874476,3,3.0,FIB,contractile,Lineage1,SERPING1,regulator,-0.4537356902946432
8,0.625,1.002858919428082,4,4.0,0.8779405232783869,5,5.0,FIB,contractile,Lineage1,SERPING1,regulator,0.12491839614969502
9,0.7083333333333333,1.1970736385851302,3,3.0,1.3437451661953679,2,2.0,FIB,contractile,Lineage1,SERPING1,regulator,-0.14667152761023772
10,0.7916666666666666,1.6270690367367724,1,1.0,1.1641518971772888,1,1.0,FIB,contractile,Lineage1,SERPING1,regulator,0.46291713955948355
11,0.875,,0,0.0,0.9798407456292858,1,1.0,FIB,contractile,Lineage1,SERPING1,regulator,
12,0.9583333333333333,,0,0.0,,0,0.0,FIB,contractile,Lineage1,SERPING1,regulator,
1,0.041666666666666664,,0,0.0,,0,0.0,FIB,contractile,Lineage1,CFH,regulator,
2,0.125,1.8255519990982676,1,1.0,,0,0.0,FIB,contractile,Lineage1,CFH,regulator,
3,0.20833333333333331,1.5000930491474316,16,13.412132905190088,1.522634386903478,4,2.900323653223011,FIB,contractile,Lineage1,CFH,regulator,-0.022541337756046387
4,0.29166666666666663,1.2957334677397048,44,35.437446841447596,1.453358961448073,15,12.220611644518625,FIB,contractile,Lineage1,CFH,regulator,-0.1576254937083683
5,0.375,1.4191861185201198,49,24.543185784919224,1.3763409442581487,24,19.154945713920526,FIB,contractile,Lineage1,CFH,regulator,0.0428451742619711
6,0.4583333333333333,1.6025995937254003,14,13.130393403413576,1.4981207465836535,16,16.0,FIB,contractile,Lineage1,CFH,regulator,0.10447884714174682
7,0.5416666666666666,1.2941722934552242,8,8.0,1.626722800699456,3,3.0,FIB,contractile,Lineage1,CFH,regulator,-0.33255050724423185
8,0.625,1.1601590333808907,4,4.0,1.3985139871491739,5,5.0,FIB,contractile,Lineage1,CFH,regulator,-0.2383549537682832
9,0.7083333333333333,1.3709545271334556,3,3.0,1.2883141040918873,2,2.0,FIB,contractile,Lineage1,CFH,regulator,0.08264042304156827
10,0.7916666666666666,2.056031602804995,1,1.0,1.1997127167951933,1,1.0,FIB,contractile,Lineage1,CFH,regulator,0.8563188860098019
11,0.875,,0,0.0,2.090477434644364,1,1.0,FIB,contractile,Lineage1,CFH,regulator,
12,0.9583333333333333,,0,0.0,,0,0.0,FIB,contractile,Lineage1,CFH,regulator,
1,0.041666666666666664,,0,0.0,,0,0.0,FIB,contractile,Lineage1,C6,terminal,
2,0.125,0.07377268351382997,1,1.0,,0,0.0,FIB,contractile,Lineage1,C6,terminal,
3,0.20833333333333331,0.3618723190189082,16,13.412132905190088,0.16852205245458451,4,2.900323653223011,FIB,contractile,Lineage1,C6,terminal,0.1933502665643237
4,0.29166666666666663,0.20870648913115666,44,35.437446841447596,0.1679779246837351,15,12.220611644518625,FIB,contractile,Lineage1,C6,terminal,0.04072856444742157
5,0.375,0.26058409541324645,49,24.543185784919224,0.19554321170163153,24,19.154945713920526,FIB,contractile,Lineage1,C6,terminal,0.06504088371161493
6,0.4583333333333333,0.22981641561159846,14,13.130393403413576,0.22311851209389763,16,16.0,FIB,contractile,Lineage1,C6,terminal,0.006697903517700832
7,0.5416666666666666,0.1561730723910525,8,8.0,0.21596865571838875,3,3.0,FIB,contractile,Lineage1,C6,terminal,-0.059795583327336255
8,0.625,0.10295850126959635,4,4.0,0.24496955111709234,5,5.0,FIB,contractile,Lineage1,C6,terminal,-0.142011049847496
9,0.7083333333333333,0.06575704209972766,3,3.0,0.09233520184059256,2,2.0,FIB,contractile,Lineage1,C6,terminal,-0.0265781597408649
10,0.7916666666666666,0.2595139045082312,1,1.0,0.0,1,1.0,FIB,contractile,Lineage1,C6,terminal,0.2595139045082312
11,0.875,,0,0.0,0.1820580503538581,1,1.0,FIB,contractile,Lineage1,C6,terminal,
12,0.9583333333333333,,0,0.0,,0,0.0,FIB,contractile,Lineage1,C6,terminal,
1,0.041666666666666664,,0,0.0,,0,0.0,FIB,outer_medullary,Lineage1,SERPING1,regulator,
2,0.125,,0,0.0,,0,0.0,FIB,outer_medullary,Lineage1,SERPING1,regulator,
3,0.20833333333333331,0.2920936037259201,1,0.658801319558931,,0,0.0,FIB,outer_medullary,Lineage1,SERPING1,regulator,
4,0.29166666666666663,0.5438718428247682,1,1.0,0.7558838212312801,4,4.0,FIB,outer_medullary,Lineage1,SERPING1,regulator,-0.21201197840651187
5,0.375,0.5073476055903038,3,3.0,0.8741964584453812,5,4.89775312524621,FIB,outer_medullary,Lineage1,SERPING1,regulator,-0.3668488528550774
6,0.4583333333333333,0.6360852342003945,2,2.0,0.7840619815942909,2,2.0,FIB,outer_medullary,Lineage1,SERPING1,regulator,-0.14797674739389632
7,0.5416666666666666,0.6230293416081347,21,21.0,0.73472203200293,4,4.0,FIB,outer_medullary,Lineage1,SERPING1,regulator,-0.11169269039479524
8,0.625,0.8494515842301379,10,10.0,0.893770831250951,3,3.0,FIB,outer_medullary,Lineage1,SERPING1,regulator,-0.044319247020813135
9,0.7083333333333333,0.5050173421025395,2,2.0,1.3774956579940025,1,1.0,FIB,outer_medullary,Lineage1,SERPING1,regulator,-0.8724783158914631
10,0.7916666666666666,,0,0.0,,0,0.0,FIB,outer_medullary,Lineage1,SERPING1,regulator,
11,0.875,1.835549022468233,1,1.0,,0,0.0,FIB,outer_medullary,Lineage1,SERPING1,regulator,
12,0.9583333333333333,1.5999218142987734,4,4.0,2.2085264467458345,10,10.0,FIB,outer_medullary,Lineage1,SERPING1,regulator,-0.6086046324470611
1,0.041666666666666664,,0,0.0,,0,0.0,FIB,outer_medullary,Lineage1,C1R,classical,
2,0.125,,0,0.0,,0,0.0,FIB,outer_medullary,Lineage1,C1R,classical,
3,0.20833333333333331,0.9489769570120966,1,0.658801319558931,,0,0.0,FIB,outer_medullary,Lineage1,C1R,classical,
4,0.29166666666666663,0.9054815076236759,1,1.0,0.9096710134991568,4,4.0,FIB,outer_medullary,Lineage1,C1R,classical,-0.004189505875480948
5,0.375,0.7027609612311384,3,3.0,0.815286623190985,5,4.89775312524621,FIB,outer_medullary,Lineage1,C1R,classical,-0.11252566195984659
6,0.4583333333333333,1.198422329691216,2,2.0,0.8710879076226672,2,2.0,FIB,outer_medullary,Lineage1,C1R,classical,0.3273344220685488
7,0.5416666666666666,0.9789713013865681,21,21.0,1.0965519804295152,4,4.0,FIB,outer_medullary,Lineage1,C1R,classical,-0.11758067904294711
8,0.625,0.9353352373536884,10,10.0,0.9890849620077211,3,3.0,FIB,outer_medullary,Lineage1,C1R,classical,-0.053749724654032716
9,0.7083333333333333,1.1164161082681403,2,2.0,1.443265575648186,1,1.0,FIB,outer_medullary,Lineage1,C1R,classical,-0.3268494673800457
10,0.7916666666666666,,0,0.0,,0,0.0,FIB,outer_medullary,Lineage1,C1R,classical,
11,0.875,2.3910102254370647,1,1.0,,0,0.0,FIB,outer_medullary,Lineage1,C1R,classical,
12,0.9583333333333333,1.6692943860505753,4,4.0,2.112436156524751,10,10.0,FIB,outer_medullary,Lineage1,C1R,classical,-0.4431417704741758
1,0.041666666666666664,,0,0.0,,0,0.0,FIB,outer_medullary,Lineage1,CD46,regulator,
2,0.125,,0,0.0,,0,0.0,FIB,outer_medullary,Lineage1,CD46,regulator,
3,0.20833333333333331,2.1489792916056825,1,0.658801319558931,,0,0.0,FIB,outer_medullary,Lineage1,CD46,regulator,
4,0.29166666666666663,1.6373292585474963,1,1.0,1.9636449351296292,4,4.0,FIB,outer_medullary,Lineage1,CD46,regulator,-0.3263156765821329
5,0.375,1.6738330871226692,3,3.0,2.1238410152987512,5,4.89775312524621,FIB,outer_medullary,Lineage1,CD46,regulator,-0.45000792817608204
6,0.4583333333333333,1.8790936532553155,2,2.0,1.9327496525227381,2,2.0,FIB,outer_medullary,Lineage1,CD46,regulator,-0.053655999267422594
7,0.5416666666666666,1.6146839757054938,21,21.0,1.5651863309020866,4,4.0,FIB,outer_medullary,Lineage1,CD46,regulator,0.04949764480340724
8,0.625,1.5645148395399089,10,10.0,1.4027162367001225,3,3.0,FIB,outer_medullary,Lineage1,CD46,regulator,0.16179860283978642
9,0.7083333333333333,1.0168472236646668,2,2.0,1.3429140654896656,1,1.0,FIB,outer_medullary,Lineage1,CD46,regulator,-0.3260668418249988
10,0.7916666666666666,,0,0.0,,0,0.0,FIB,outer_medullary,Lineage1,CD46,regulator,
11,0.875,1.3713329661304696,1,1.0,,0,0.0,FIB,outer_medullary,Lineage1,CD46,regulator,
12,0.9583333333333333,1.5191313873570993,4,4.0,1.392674896388392,10,10.0,FIB,outer_medullary,Lineage1,CD46,regulator,0.12645649096870737
1,0.041666666666666664,,0,0.0,,0,0.0,FIB,outer_medullary,Lineage1,CFD,alternative,
2,0.125,,0,0.0,,0,0.0,FIB,outer_medullary,Lineage1,CFD,alternative,
3,0.20833333333333331,0.0,1,0.658801319558931,,0,0.0,FIB,outer_medullary,Lineage1,CFD,alternative,
4,0.29166666666666663,0.36791291159556383,1,1.0,0.11834422568150307,4,4.0,FIB,outer_medullary,Lineage1,CFD,alternative,0.24956868591406076
5,0.375,0.26082253744826106,3,3.0,0.0749220439609568,5,4.89775312524621,FIB,outer_medullary,Lineage1,CFD,alternative,0.18590049348730425
6,0.4583333333333333,0.18575286427329546,2,2.0,0.11558935175547774,2,2.0,FIB,outer_medullary,Lineage1,CFD,alternative,0.07016351251781772
7,0.5416666666666666,0.1827941678119957,21,21.0,0.14409569400656702,4,4.0,FIB,outer_medullary,Lineage1,CFD,alternative,0.03869847380542868
8,0.625,0.197487224884718,10,10.0,0.41647665648831284,3,3.0,FIB,outer_medullary,Lineage1,CFD,alternative,-0.21898943160359483
9,0.7083333333333333,0.17035278351261596,2,2.0,0.15568973361316144,1,1.0,FIB,outer_medullary,Lineage1,CFD,alternative,0.014663049899454522
10,0.7916666666666666,,0,0.0,,0,0.0,FIB,outer_medullary,Lineage1,CFD,alternative,
11,0.875,0.9043395769467666,1,1.0,,0,0.0,FIB,outer_medullary,Lineage1,CFD,alternative,
12,0.9583333333333333,0.8110727395157762,4,4.0,0.408579294991672,10,10.0,FIB,outer_medullary,Lineage1,CFD,alternative,0.4024934445241042
1,0.041666666666666664,,0,0.0,,0,0.0,FIB,outer_medullary,Lineage1,C1QB,classical,
2,0.125,,0,0.0,,0,0.0,FIB,outer_medullary,Lineage1,C1QB,classical,
3,0.20833333333333331,0.10712746424564006,1,0.658801319558931,,0,0.0,FIB,outer_medullary,Lineage1,C1QB,classical,
4,0.29166666666666663,0.15423803098292993,1,1.0,0.05369388921330523,4,4.0,FIB,outer_medullary,Lineage1,C1QB,classical,0.1005441417696247
5,0.375,0.11158902214704793,3,3.0,0.07299122883559118,5,4.89775312524621,FIB,outer_medullary,Lineage1,C1QB,classical,0.03859779331145674
6,0.4583333333333333,0.1190058629646423,2,2.0,0.055876811193876184,2,2.0,FIB,outer_medullary,Lineage1,C1QB,classical,0.06312905177076611
7,0.5416666666666666,0.06338798940456807,21,21.0,0.09065871023829236,4,4.0,FIB,outer_medullary,Lineage1,C1QB,classical,-0.027270720833724296
8,0.625,0.05501862588937195,10,10.0,0.1249176142622096,3,3.0,FIB,outer_medullary,Lineage1,C1QB,classical,-0.06989898837283764
9,0.7083333333333333,0.022483982954414488,2,2.0,0.09628985169262243,1,1.0,FIB,outer_medullary,Lineage1,C1QB,classical,-0.07380586873820794
10,0.7916666666666666,,0,0.0,,0,0.0,FIB,outer_medullary,Lineage1,C1QB,classical,
11,0.875,0.4778632708674428,1,1.0,,0,0.0,FIB,outer_medullary,Lineage1,C1QB,classical,
12,0.9583333333333333,0.05650351488805229,4,4.0,0.3941624994996579,10,10.0,FIB,outer_medullary,Lineage1,C1QB,classical,-0.33765898461160565
1,0.041666666666666664,,0,0.0,,0,0.0,FIB,outer_medullary,Lineage1,CD59,regulator,
2,0.125,,0,0.0,,0,0.0,FIB,outer_medullary,Lineage1,CD59,regulator,
3,0.20833333333333331,0.5830715997220912,1,0.658801319558931,,0,0.0,FIB,outer_medullary,Lineage1,CD59,regulator,
4,0.29166666666666663,0.5911411105256471,1,1.0,0.8170313702893864,4,4.0,FIB,outer_medullary,Lineage1,CD59,regulator,-0.22589025976373933
5,0.375,0.6103477666640685,3,3.0,0.7807965094149963,5,4.89775312524621,FIB,outer_medullary,Lineage1,CD59,regulator,-0.1704487427509278
6,0.4583333333333333,1.0086792354790572,2,2.0,0.8293395752279242,2,2.0,FIB,outer_medullary,Lineage1,CD59,regulator,0.17933966025113302
7,0.5416666666666666,0.5889363036418919,21,21.0,0.462041862752807,4,4.0,FIB,outer_medullary,Lineage1,CD59,regulator,0.12689444088908486
8,0.625,0.7038886585488326,10,10.0,0.5641111154503103,3,3.0,FIB,outer_medullary,Lineage1,CD59,regulator,0.1397775430985223
9,0.7083333333333333,0.2949229351517409,2,2.0,1.4026689959916807,1,1.0,FIB,outer_medullary,Lineage1,CD59,regulator,-1.1077460608399399
10,0.7916666666666666,,0,0.0,,0,0.0,FIB,outer_medullary,Lineage1,CD59,regulator,
11,0.875,1.3071293639439856,1,1.0,,0,0.0,FIB,outer_medullary,Lineage1,CD59,regulator,
12,0.9583333333333333,1.0955354215785151,4,4.0,2.141859384345463,10,10.0,FIB,outer_medullary,Lineage1,CD59,regulator,-1.046323962766948
1,0.041666666666666664,,0,0.0,,0,0.0,FIB,outer_medullary,Lineage1,CFH,regulator,
2,0.125,,0,0.0,,0,0.0,FIB,outer_medullary,Lineage1,CFH,regulator,
3,0.20833333333333331,0.7019508669472945,1,0.658801319558931,,0,0.0,FIB,outer_medullary,Lineage1,CFH,regulator,
4,0.29166666666666663,0.8235432780439115,1,1.0,0.5164973534566732,4,4.0,FIB,outer_medullary,Lineage1,CFH,regulator,0.30704592458723823
5,0.375,0.24239303069430132,3,3.0,0.5252740010212886,5,4.89775312524621,FIB,outer_medullary,Lineage1,CFH,regulator,-0.28288097032698734
6,0.4583333333333333,0.33074327592320674,2,2.0,0.7046823399974373,2,2.0,FIB,outer_medullary,Lineage1,CFH,regulator,-0.3739390640742306
7,0.5416666666666666,0.2993269447894494,21,21.0,0.928162362896745,4,4.0,FIB,outer_medullary,Lineage1,CFH,regulator,-0.6288354181072957
8,0.625,0.6610668922488186,10,10.0,0.8181247637823293,3,3.0,FIB,outer_medullary,Lineage1,CFH,regulator,-0.1570578715335107
9,0.7083333333333333,0.3379703445825462,2,2.0,1.4272241665399321,1,1.0,FIB,outer_medullary,Lineage1,CFH,regulator,-1.089253821957386
10,0.7916666666666666,,0,0.0,,0,0.0,FIB,outer_medullary,Lineage1,CFH,regulator,
11,0.875,2.434895391435244,1,1.0,,0,0.0,FIB,outer_medullary,Lineage1,CFH,regulator,
12,0.9583333333333333,0.8886397573945932,4,4.0,1.5005629477345672,10,10.0,FIB,outer_medullary,Lineage1,CFH,regulator,-0.611923190339974
1,0.041666666666666664,,0,0.0,,0,0.0,FIB,outer_medullary,Lineage1,CFI,regulator,
2,0.125,,0,0.0,,0,0.0,FIB,outer_medullary,Lineage1,CFI,regulator,
3,0.20833333333333331,0.2920936037259201,1,0.658801319558931,,0,0.0,FIB,outer_medullary,Lineage1,CFI,regulator,
4,0.29166666666666663,0.5438718428247682,1,1.0,0.37941829041172126,4,4.0,FIB,outer_medullary,Lineage1,CFI,regulator,0.16445355241304693
5,0.375,0.45058431836481394,3,3.0,0.486099643071137,5,4.89775312524621,FIB,outer_medullary,Lineage1,CFI,regulator,-0.03551532470632307
6,0.4583333333333333,0.37211760767651686,2,2.0,0.6128391132174718,2,2.0,FIB,outer_medullary,Lineage1,CFI,regulator,-0.2407215055409549
7,0.5416666666666666,0.261933079939486,21,21.0,0.6044450920245478,4,4.0,FIB,outer_medullary,Lineage1,CFI,regulator,-0.34251201208506177
8,0.625,0.3542350969607441,10,10.0,0.4518245295572611,3,3.0,FIB,outer_medullary,Lineage1,CFI,regulator,-0.09758943259651698
9,0.7083333333333333,0.4552872161172813,2,2.0,0.431187147048575,1,1.0,FIB,outer_medullary,Lineage1,CFI,regulator,0.024100069068706265
10,0.7916666666666666,,0,0.0,,0,0.0,FIB,outer_medullary,Lineage1,CFI,regulator,
11,0.875,1.0430555067607066,1,1.0,,0,0.0,FIB,outer_medullary,Lineage1,CFI,regulator,
12,0.9583333333333333,0.9290562088048483,4,4.0,1.3676503233508854,10,10.0,FIB,outer_medullary,Lineage1,CFI,regulator,-0.43859411454603714
1,0.041666666666666664,,0,0.0,,0,0.0,FIB,outer_medullary,Lineage1,C1S,classical,
2,0.125,,0,0.0,,0,0.0,FIB,outer_medullary,Lineage1,C1S,classical,
3,0.20833333333333331,1.072368954526948,1,0.658801319558931,,0,0.0,FIB,outer_medullary,Lineage1,C1S,classical,
4,0.29166666666666663,1.0119899626768567,1,1.0,1.0883313533603254,4,4.0,FIB,outer_medullary,Lineage1,C1S,classical,-0.07634139068346868
5,0.375,0.9132913808234022,3,3.0,1.0571776470010246,5,4.89775312524621,FIB,outer_medullary,Lineage1,C1S,classical,-0.14388626617762235
6,0.4583333333333333,1.2162922228780584,2,2.0,1.0482323465385985,2,2.0,FIB,outer_medullary,Lineage1,C1S,classical,0.16805987633945985
7,0.5416666666666666,1.0122743151573084,21,21.0,1.1233831441819455,4,4.0,FIB,outer_medullary,Lineage1,C1S,classical,-0.11110882902463715
8,0.625,1.0160997605034032,10,10.0,1.182002018598368,3,3.0,FIB,outer_medullary,Lineage1,C1S,classical,-0.16590225809496473
9,0.7083333333333333,1.0427443410276953,2,2.0,1.3943480959269874,1,1.0,FIB,outer_medullary,Lineage1,C1S,classical,-0.3516037548992921
10,0.7916666666666666,,0,0.0,,0,0.0,FIB,outer_medullary,Lineage1,C1S,classical,
11,0.875,2.4131935275946326,1,1.0,,0,0.0,FIB,outer_medullary,Lineage1,C1S,classical,
12,0.9583333333333333,1.5039016282900797,4,4.0,1.5454649066597508,10,10.0,FIB,outer_medullary,Lineage1,C1S,classical,-0.04156327836967111
1,0.041666666666666664,,0,0.0,,0,0.0,FIB,outer_medullary,Lineage1,CFB,alternative,
2,0.125,,0,0.0,,0,0.0,FIB,outer_medullary,Lineage1,CFB,alternative,
3,0.20833333333333331,0.4481289984033333,1,0.658801319558931,,0,0.0,FIB,outer_medullary,Lineage1,CFB,alternative,
4,0.29166666666666663,0.08008974385933804,1,1.0,0.08025144948212382,4,4.0,FIB,outer_medullary,Lineage1,CFB,alternative,-0.00016170562278577938
5,0.375,0.0771010477625878,3,3.0,0.06525952723914981,5,4.89775312524621,FIB,outer_medullary,Lineage1,CFB,alternative,0.011841520523437996
6,0.4583333333333333,0.19566972529537685,2,2.0,0.08032959916325194,2,2.0,FIB,outer_medullary,Lineage1,CFB,alternative,0.11534012613212491
7,0.5416666666666666,0.133838804313099,21,21.0,0.14226279816144916,4,4.0,FIB,outer_medullary,Lineage1,CFB,alternative,-0.008423993848350159
8,0.625,0.21966209396424521,10,10.0,0.13661101547067617,3,3.0,FIB,outer_medullary,Lineage1,CFB,alternative,0.08305107849356905
9,0.7083333333333333,0.21543200079351044,2,2.0,0.21175822908908437,1,1.0,FIB,outer_medullary,Lineage1,CFB,alternative,0.0036737717044260654
10,0.7916666666666666,,0,0.0,,0,0.0,FIB,outer_medullary,Lineage1,CFB,alternative,
11,0.875,0.1155806077351338,1,1.0,,0,0.0,FIB,outer_medullary,Lineage1,CFB,alternative,
12,0.9583333333333333,0.38394251817548414,4,4.0,0.8401616401404832,10,10.0,FIB,outer_medullary,Lineage1,CFB,alternative,-0.4562191219649991
1,0.041666666666666664,,0,0.0,,0,0.0,FIB,outer_medullary,Lineage1,C3,alternative,
2,0.125,,0,0.0,,0,0.0,FIB,outer_medullary,Lineage1,C3,alternative,
3,0.20833333333333331,0.0,1,0.658801319558931,,0,0.0,FIB,outer_medullary,Lineage1,C3,alternative,
4,0.29166666666666663,0.0,1,1.0,0.009291537754436231,4,4.0,FIB,outer_medullary,Lineage1,C3,alternative,-0.009291537754436231
5,0.375,0.031212017489398215,3,3.0,0.01667139313545603,5,4.89775312524621,FIB,outer_medullary,Lineage1,C3,alternative,0.014540624353942183
6,0.4583333333333333,0.02004356710237341,2,2.0,0.05958205879032723,2,2.0,FIB,outer_medullary,Lineage1,C3,alternative,-0.039538491687953814
7,0.5416666666666666,0.01568377337642554,21,21.0,0.05248718823732046,4,4.0,FIB,outer_medullary,Lineage1,C3,alternative,-0.03680341486089492
8,0.625,0.10816908779783711,10,10.0,0.2441819766078752,3,3.0,FIB,outer_medullary,Lineage1,C3,alternative,-0.1360128888100381
9,0.7083333333333333,0.3111925094745893,2,2.0,0.09628985169262243,1,1.0,FIB,outer_medullary,Lineage1,C3,alternative,0.21490265778196688
10,0.7916666666666666,,0,0.0,,0,0.0,FIB,outer_medullary,Lineage1,C3,alternative,
11,0.875,0.1155806077351338,1,1.0,,0,0.0,FIB,outer_medullary,Lineage1,C3,alternative,
12,0.9583333333333333,1.016984863707381,4,4.0,0.3490042611578109,10,10.0,FIB,outer_medullary,Lineage1,C3,alternative,0.6679806025495701
1,0.041666666666666664,,0,0.0,,0,0.0,FIB,outer_medullary,Lineage1,C1QA,classical,
2,0.125,,0,0.0,,0,0.0,FIB,outer_medullary,Lineage1,C1QA,classical,
3,0.20833333333333331,0.0,1,0.658801319558931,,0,0.0,FIB,outer_medullary,Lineage1,C1QA,classical,
4,0.29166666666666663,0.130127696784513,1,1.0,0.047533555079549664,4,4.0,FIB,outer_medullary,Lineage1,C1QA,classical,0.08259414170496333
5,0.375,0.056112603974439706,3,3.0,0.07310834375907671,5,4.89775312524621,FIB,outer_medullary,Lineage1,C1QA,classical,-0.016995739784637004
6,0.4583333333333333,0.12235836394622246,2,2.0,0.07752268324304411,2,2.0,FIB,outer_medullary,Lineage1,C1QA,classical,0.04483568070317835
7,0.5416666666666666,0.043078596595861246,21,21.0,0.0690209729632766,4,4.0,FIB,outer_medullary,Lineage1,C1QA,classical,-0.02594237636741535
8,0.625,0.07276163626426044,10,10.0,0.10249136512850356,3,3.0,FIB,outer_medullary,Lineage1,C1QA,classical,-0.02972972886424312
9,0.7083333333333333,0.1497243268719377,2,2.0,0.15568973361316144,1,1.0,FIB,outer_medullary,Lineage1,C1QA,classical,-0.005965406741223728
10,0.7916666666666666,,0,0.0,,0,0.0,FIB,outer_medullary,Lineage1,C1QA,classical,
11,0.875,0.8534680481765377,1,1.0,,0,0.0,FIB,outer_medullary,Lineage1,C1QA,classical,
12,0.9583333333333333,0.1791154004756167,4,4.0,0.49248171398469437,10,10.0,FIB,outer_medullary,Lineage1,C1QA,classical,-0.3133663135090777
1,0.041666666666666664,0.27118929658959146,7,5.546953472543866,0.2535949652252826,1,0.385193247044332,Glomerular,podocyte_PEC,Lineage2,C1R,classical,0.01759433136430888
2,0.125,0.14013831221191797,9,8.424866261445331,0.18946742898252736,5,4.502170853458082,Glomerular,podocyte_PEC,Lineage2,C1R,classical,-0.04932911677060939
3,0.20833333333333331,0.15044985414851217,12,11.43320783181031,0.21460421612966926,3,3.0,Glomerular,podocyte_PEC,Lineage2,C1R,classical,-0.0641543619811571
4,0.29166666666666663,0.5269412666117389,11,11.0,0.23632977935338706,8,7.827277583662231,Glomerular,podocyte_PEC,Lineage2,C1R,classical,0.29061148725835184
5,0.375,0.33886360308142954,3,3.0,0.5415033027431428,4,4.0,Glomerular,podocyte_PEC,Lineage2,C1R,classical,-0.2026396996617133
6,0.4583333333333333,0.39578473842703116,2,2.0,0.554107164240548,2,2.0,Glomerular,podocyte_PEC,Lineage2,C1R,classical,-0.1583224258135168
7,0.5416666666666666,0.4845663109265984,7,7.0,0.5425890623960716,8,8.0,Glomerular,podocyte_PEC,Lineage2,C1R,classical,-0.05802275146947322
8,0.625,0.2935823336530373,2,2.0,0.9179930802558988,2,2.0,Glomerular,podocyte_PEC,Lineage2,C1R,classical,-0.6244107466028614
9,0.7083333333333333,0.5274889457302444,12,12.0,0.8587111720223765,1,1.0,Glomerular,podocyte_PEC,Lineage2,C1R,classical,-0.33122222629213205
10,0.7916666666666666,0.6510432543421885,2,2.0,0.9242762804989696,3,3.0,Glomerular,podocyte_PEC,Lineage2,C1R,classical,-0.27323302615678113
11,0.875,0.1561861707168213,2,2.0,,0,0.0,Glomerular,podocyte_PEC,Lineage2,C1R,classical,
12,0.9583333333333333,0.10663388379068169,1,1.0,,0,0.0,Glomerular,podocyte_PEC,Lineage2,C1R,classical,
1,0.041666666666666664,0.7656898057438006,7,5.546953472543866,0.6237699057882984,1,0.385193247044332,Glomerular,podocyte_PEC,Lineage2,CD46,regulator,0.14191989995550225
2,0.125,0.7466018206695463,9,8.424866261445331,0.8682137529438904,5,4.502170853458082,Glomerular,podocyte_PEC,Lineage2,CD46,regulator,-0.12161193227434408
3,0.20833333333333331,0.8050178774640799,12,11.43320783181031,0.8550175418192127,3,3.0,Glomerular,podocyte_PEC,Lineage2,CD46,regulator,-0.04999966435513281
4,0.29166666666666663,1.0472508943811134,11,11.0,0.8758127065881138,8,7.827277583662231,Glomerular,podocyte_PEC,Lineage2,CD46,regulator,0.17143818779299957
5,0.375,0.9787905556929003,3,3.0,1.0762172325541437,4,4.0,Glomerular,podocyte_PEC,Lineage2,CD46,regulator,-0.0974266768612434
6,0.4583333333333333,1.2774860147182467,2,2.0,1.1660225921749627,2,2.0,Glomerular,podocyte_PEC,Lineage2,CD46,regulator,0.11146342254328401
7,0.5416666666666666,1.05867259607918,7,7.0,0.888485910402307,8,8.0,Glomerular,podocyte_PEC,Lineage2,CD46,regulator,0.17018668567687312
8,0.625,0.9151889659328497,2,2.0,1.09372185791931,2,2.0,Glomerular,podocyte_PEC,Lineage2,CD46,regulator,-0.17853289198646027
9,0.7083333333333333,0.9804180467291363,12,12.0,1.522298617965185,1,1.0,Glomerular,podocyte_PEC,Lineage2,CD46,regulator,-0.5418805712360486
10,0.7916666666666666,1.034608363535859,2,2.0,1.147240088993754,3,3.0,Glomerular,podocyte_PEC,Lineage2,CD46,regulator,-0.11263172545789502
11,0.875,0.722155741383421,2,2.0,,0,0.0,Glomerular,podocyte_PEC,Lineage2,CD46,regulator,
12,0.9583333333333333,0.8545525057555079,1,1.0,,0,0.0,Glomerular,podocyte_PEC,Lineage2,CD46,regulator,
1,0.041666666666666664,0.3478872377361273,7,5.546953472543866,0.33425077604611514,1,0.385193247044332,Glomerular,podocyte_PEC,Lineage2,CD59,regulator,0.013636461690012147
2,0.125,0.4879025748563532,9,8.424866261445331,0.4369716817168549,5,4.502170853458082,Glomerular,podocyte_PEC,Lineage2,CD59,regulator,0.05093089313949828
3,0.20833333333333331,0.4264821503342105,12,11.43320783181031,0.5544085878558168,3,3.0,Glomerular,podocyte_PEC,Lineage2,CD59,regulator,-0.12792643752160632
4,0.29166666666666663,0.9294521391410083,11,11.0,0.6728421798989475,8,7.827277583662231,Glomerular,podocyte_PEC,Lineage2,CD59,regulator,0.25660995924206087
5,0.375,1.2232264372533939,3,3.0,0.8652054547303603,4,4.0,Glomerular,podocyte_PEC,Lineage2,CD59,regulator,0.3580209825230336
6,0.4583333333333333,1.005522976276828,2,2.0,1.0695399117884663,2,2.0,Glomerular,podocyte_PEC,Lineage2,CD59,regulator,-0.06401693551163823
7,0.5416666666666666,1.0100159169824057,7,7.0,0.8851324267310836,8,8.0,Glomerular,podocyte_PEC,Lineage2,CD59,regulator,0.12488349025132206
8,0.625,0.7711226376651374,2,2.0,1.6957119029375651,2,2.0,Glomerular,podocyte_PEC,Lineage2,CD59,regulator,-0.9245892652724277
9,0.7083333333333333,0.8835308361038066,12,12.0,1.7088605876777898,1,1.0,Glomerular,podocyte_PEC,Lineage2,CD59,regulator,-0.8253297515739833
10,0.7916666666666666,1.1900267329524823,2,2.0,1.6129744648776043,3,3.0,Glomerular,podocyte_PEC,Lineage2,CD59,regulator,-0.42294773192512203
11,0.875,0.28619963728110526,2,2.0,,0,0.0,Glomerular,podocyte_PEC,Lineage2,CD59,regulator,
12,0.9583333333333333,0.515909396309507,1,1.0,,0,0.0,Glomerular,podocyte_PEC,Lineage2,CD59,regulator,
1,0.041666666666666664,0.12020254855998921,7,5.546953472543866,0.16585852682989377,1,0.385193247044332,Glomerular,podocyte_PEC,Lineage2,SERPING1,regulator,-0.04565597826990456
2,0.125,0.12923590826022333,9,8.424866261445331,0.10419250851027632,5,4.502170853458082,Glomerular,podocyte_PEC,Lineage2,SERPING1,regulator,0.025043399749947
3,0.20833333333333331,0.10437468256606769,12,11.43320783181031,0.09449744167621747,3,3.0,Glomerular,podocyte_PEC,Lineage2,SERPING1,regulator,0.009877240889850217
4,0.29166666666666663,0.482545617749661,11,11.0,0.16208216351808757,8,7.827277583662231,Glomerular,podocyte_PEC,Lineage2,SERPING1,regulator,0.3204634542315734
5,0.375,0.11073791814489774,3,3.0,0.3772800881622028,4,4.0,Glomerular,podocyte_PEC,Lineage2,SERPING1,regulator,-0.26654217001730507
6,0.4583333333333333,0.45958130002536135,2,2.0,0.46511247653248183,2,2.0,Glomerular,podocyte_PEC,Lineage2,SERPING1,regulator,-0.005531176507120483
7,0.5416666666666666,0.4733264825864697,7,7.0,0.490022194486205,8,8.0,Glomerular,podocyte_PEC,Lineage2,SERPING1,regulator,-0.016695711899735288
8,0.625,0.15903006569945757,2,2.0,0.913527335576001,2,2.0,Glomerular,podocyte_PEC,Lineage2,SERPING1,regulator,-0.7544972698765434
9,0.7083333333333333,0.38807281361241097,12,12.0,0.42577567536025746,1,1.0,Glomerular,podocyte_PEC,Lineage2,SERPING1,regulator,-0.03770286174784648
10,0.7916666666666666,0.6354805583997662,2,2.0,0.6184413628233415,3,3.0,Glomerular,podocyte_PEC,Lineage2,SERPING1,regulator,0.017039195576424748
11,0.875,0.04299789875560091,2,2.0,,0,0.0,Glomerular,podocyte_PEC,Lineage2,SERPING1,regulator,
12,0.9583333333333333,0.0,1,1.0,,0,0.0,Glomerular,podocyte_PEC,Lineage2,SERPING1,regulator,
1,0.041666666666666664,1.8180705231778538,7,5.546953472543866,1.5774620512279385,1,0.385193247044332,Glomerular,podocyte_PEC,Lineage2,CR1,receptor,0.2406084719499153
2,0.125,1.636605343979565,9,8.424866261445331,1.7011924632919009,5,4.502170853458082,Glomerular,podocyte_PEC,Lineage2,CR1,receptor,-0.06458711931233596
3,0.20833333333333331,1.7956154658919548,12,11.43320783181031,1.9188543292604237,3,3.0,Glomerular,podocyte_PEC,Lineage2,CR1,receptor,-0.1232388633684689
4,0.29166666666666663,1.9009141621229744,11,11.0,1.953825920590393,8,7.827277583662231,Glomerular,podocyte_PEC,Lineage2,CR1,receptor,-0.05291175846741858
5,0.375,1.601739198928341,3,3.0,1.874021499324952,4,4.0,Glomerular,podocyte_PEC,Lineage2,CR1,receptor,-0.27228230039661105
6,0.4583333333333333,1.4923163244893676,2,2.0,1.492893793840428,2,2.0,Glomerular,podocyte_PEC,Lineage2,CR1,receptor,-0.0005774693510605111
7,0.5416666666666666,0.9450767413790137,7,7.0,0.7271528343693704,8,8.0,Glomerular,podocyte_PEC,Lineage2,CR1,receptor,0.21792390700964326
8,0.625,1.8211713790656874,2,2.0,1.2420844845262922,2,2.0,Glomerular,podocyte_PEC,Lineage2,CR1,receptor,0.5790868945393952
9,0.7083333333333333,1.561454393457697,12,12.0,1.7557961333991825,1,1.0,Glomerular,podocyte_PEC,Lineage2,CR1,receptor,-0.19434173994148551
10,0.7916666666666666,1.8560056129735591,2,2.0,1.2079743559135003,3,3.0,Glomerular,podocyte_PEC,Lineage2,CR1,receptor,0.6480312570600588
11,0.875,1.590431656131055,2,2.0,,0,0.0,Glomerular,podocyte_PEC,Lineage2,CR1,receptor,
12,0.9583333333333333,1.4930892215587708,1,1.0,,0,0.0,Glomerular,podocyte_PEC,Lineage2,CR1,receptor,
1,0.041666666666666664,0.27823681647109433,7,5.546953472543866,0.16585852682989377,1,0.385193247044332,Glomerular,podocyte_PEC,Lineage2,CD55,regulator,0.11237828964120056
2,0.125,0.26214811561001927,9,8.424866261445331,0.2959880249771718,5,4.502170853458082,Glomerular,podocyte_PEC,Lineage2,CD55,regulator,-0.03383990936715253
3,0.20833333333333331,0.31523016145188437,12,11.43320783181031,0.4172605009687634,3,3.0,Glomerular,podocyte_PEC,Lineage2,CD55,regulator,-0.10203033951687901
4,0.29166666666666663,0.3933062343268745,11,11.0,0.3295458823981767,8,7.827277583662231,Glomerular,podocyte_PEC,Lineage2,CD55,regulator,0.06376035192869778
5,0.375,0.4901423416605812,3,3.0,0.32650138365138887,4,4.0,Glomerular,podocyte_PEC,Lineage2,CD55,regulator,0.16364095800919232
6,0.4583333333333333,0.5535344180300692,2,2.0,0.4892901029824597,2,2.0,Glomerular,podocyte_PEC,Lineage2,CD55,regulator,0.06424431504760952
7,0.5416666666666666,0.46960448484278344,7,7.0,0.3428190706190648,8,8.0,Glomerular,podocyte_PEC,Lineage2,CD55,regulator,0.12678541422371864
8,0.625,0.2872749736707928,2,2.0,0.4156805247384544,2,2.0,Glomerular,podocyte_PEC,Lineage2,CD55,regulator,-0.1284055510676616
9,0.7083333333333333,0.4283366977404101,12,12.0,0.42577567536025746,1,1.0,Glomerular,podocyte_PEC,Lineage2,CD55,regulator,0.0025610223801526555
10,0.7916666666666666,0.3871192949076424,2,2.0,0.5492171938353084,3,3.0,Glomerular,podocyte_PEC,Lineage2,CD55,regulator,-0.16209789892766602
11,0.875,0.4090696732722506,2,2.0,,0,0.0,Glomerular,podocyte_PEC,Lineage2,CD55,regulator,
12,0.9583333333333333,0.29086245768659047,1,1.0,,0,0.0,Glomerular,podocyte_PEC,Lineage2,CD55,regulator,
1,0.041666666666666664,0.2988684523854949,7,5.546953472543866,0.2394964242024968,1,0.385193247044332,Glomerular,podocyte_PEC,Lineage2,C1S,classical,0.05937202818299811
2,0.125,0.3408789268929972,9,8.424866261445331,0.3042911631855,5,4.502170853458082,Glomerular,podocyte_PEC,Lineage2,C1S,classical,0.03658776370749722
3,0.20833333333333331,0.34544407933333077,12,11.43320783181031,0.39737005070164483,3,3.0,Glomerular,podocyte_PEC,Lineage2,C1S,classical,-0.05192597136831406
4,0.29166666666666663,0.49060865691430694,11,11.0,0.35809358497383825,8,7.827277583662231,Glomerular,podocyte_PEC,Lineage2,C1S,classical,0.1325150719404687
5,0.375,0.3286292767306103,3,3.0,0.4924450606226425,4,4.0,Glomerular,podocyte_PEC,Lineage2,C1S,classical,-0.16381578389203216
6,0.4583333333333333,0.46806523939968564,2,2.0,0.462774177881478,2,2.0,Glomerular,podocyte_PEC,Lineage2,C1S,classical,0.005291061518207629
7,0.5416666666666666,0.5706517393741527,7,7.0,0.5762253712247696,8,8.0,Glomerular,podocyte_PEC,Lineage2,C1S,classical,-0.005573631850616878
8,0.625,0.4652080917037005,2,2.0,0.5434835138098134,2,2.0,Glomerular,podocyte_PEC,Lineage2,C1S,classical,-0.07827542210611294
9,0.7083333333333333,0.5482304429218339,12,12.0,0.5155322561470735,1,1.0,Glomerular,podocyte_PEC,Lineage2,C1S,classical,0.03269818677476033
10,0.7916666666666666,0.6035229319698376,2,2.0,0.5857134442110187,3,3.0,Glomerular,podocyte_PEC,Lineage2,C1S,classical,0.017809487758818965
11,0.875,0.2994442870587241,2,2.0,,0,0.0,Glomerular,podocyte_PEC,Lineage2,C1S,classical,
12,0.9583333333333333,0.10663388379068169,1,1.0,,0,0.0,Glomerular,podocyte_PEC,Lineage2,C1S,classical,
1,0.041666666666666664,0.06050705244902595,7,5.546953472543866,0.06967757882537223,1,0.385193247044332,Glomerular,podocyte_PEC,Lineage2,C3,alternative,-0.009170526376346286
2,0.125,0.06220922629487748,9,8.424866261445331,0.047575700611115206,5,4.502170853458082,Glomerular,podocyte_PEC,Lineage2,C3,alternative,0.014633525683762277
3,0.20833333333333331,0.05519961963996617,12,11.43320783181031,0.053242943117728724,3,3.0,Glomerular,podocyte_PEC,Lineage2,C3,alternative,0.001956676522237445
4,0.29166666666666663,0.0340401115520298,11,11.0,0.057425602169669826,8,7.827277583662231,Glomerular,podocyte_PEC,Lineage2,C3,alternative,-0.023385490617640024
5,0.375,0.0,3,3.0,0.054380935577883344,4,4.0,Glomerular,podocyte_PEC,Lineage2,C3,alternative,-0.054380935577883344
6,0.4583333333333333,0.06968009470271434,2,2.0,0.0755604726728043,2,2.0,Glomerular,podocyte_PEC,Lineage2,C3,alternative,-0.005880377970089959
7,0.5416666666666666,0.6161334351077432,7,7.0,0.9146962788056472,8,8.0,Glomerular,podocyte_PEC,Lineage2,C3,alternative,-0.298562843697904
8,0.625,0.27949860225724754,2,2.0,0.3370732641614485,2,2.0,Glomerular,podocyte_PEC,Lineage2,C3,alternative,-0.05757466190420096
9,0.7083333333333333,0.22275076864720647,12,12.0,0.11478875729293261,1,1.0,Glomerular,podocyte_PEC,Lineage2,C3,alternative,0.10796201135427386
10,0.7916666666666666,0.847784489605768,2,2.0,0.30111318496740996,3,3.0,Glomerular,podocyte_PEC,Lineage2,C3,alternative,0.546671304638358
11,0.875,0.26942199359899616,2,2.0,,0,0.0,Glomerular,podocyte_PEC,Lineage2,C3,alternative,
12,0.9583333333333333,0.23314353387846043,1,1.0,,0,0.0,Glomerular,podocyte_PEC,Lineage2,C3,alternative,
1,0.041666666666666664,0.01881008527600246,7,5.546953472543866,0.0,1,0.385193247044332,Glomerular,podocyte_PEC,Lineage2,C1QA,classical,0.01881008527600246
2,0.125,0.01724991759627937,9,8.424866261445331,0.019541174755834848,5,4.502170853458082,Glomerular,podocyte_PEC,Lineage2,C1QA,classical,-0.002291257159555478
3,0.20833333333333331,0.01796628655116419,12,11.43320783181031,0.06747128938985106,3,3.0,Glomerular,podocyte_PEC,Lineage2,C1QA,classical,-0.04950500283868687
4,0.29166666666666663,0.018355771505788272,11,11.0,0.006257228968430726,8,7.827277583662231,Glomerular,podocyte_PEC,Lineage2,C1QA,classical,0.012098542537357546
5,0.375,0.0,3,3.0,0.0,4,4.0,Glomerular,podocyte_PEC,Lineage2,C1QA,classical,0.0
6,0.4583333333333333,0.04296169715099981,2,2.0,0.07070547121131152,2,2.0,Glomerular,podocyte_PEC,Lineage2,C1QA,classical,-0.027743774060311706
7,0.5416666666666666,0.052040409736931026,7,7.0,0.14637821812842658,8,8.0,Glomerular,podocyte_PEC,Lineage2,C1QA,classical,-0.09433780839149555
8,0.625,0.0918168540766992,2,2.0,0.013675355505248215,2,2.0,Glomerular,podocyte_PEC,Lineage2,C1QA,classical,0.07814149857145099
9,0.7083333333333333,0.1069434340182448,12,12.0,0.01099717021606747,1,1.0,Glomerular,podocyte_PEC,Lineage2,C1QA,classical,0.09594626380217733
10,0.7916666666666666,0.21691335824905875,2,2.0,0.04013336887850671,3,3.0,Glomerular,podocyte_PEC,Lineage2,C1QA,classical,0.17677998937055203
11,0.875,0.0,2,2.0,,0,0.0,Glomerular,podocyte_PEC,Lineage2,C1QA,classical,
12,0.9583333333333333,0.0,1,1.0,,0,0.0,Glomerular,podocyte_PEC,Lineage2,C1QA,classical,
1,0.041666666666666664,0.03515474170811241,7,5.546953472543866,0.0,1,0.385193247044332,Glomerular,podocyte_PEC,Lineage2,CFB,alternative,0.03515474170811241
2,0.125,0.0039932398791227754,9,8.424866261445331,0.04149468066793949,5,4.502170853458082,Glomerular,podocyte_PEC,Lineage2,CFB,alternative,-0.03750144078881671
3,0.20833333333333331,0.004694903012408351,12,11.43320783181031,0.0,3,3.0,Glomerular,podocyte_PEC,Lineage2,CFB,alternative,0.004694903012408351
4,0.29166666666666663,0.02724522361753234,11,11.0,0.020787728850709345,8,7.827277583662231,Glomerular,podocyte_PEC,Lineage2,CFB,alternative,0.006457494766822995
5,0.375,0.0,3,3.0,0.07387348189990349,4,4.0,Glomerular,podocyte_PEC,Lineage2,CFB,alternative,-0.07387348189990349
6,0.4583333333333333,0.016441062477337464,2,2.0,0.0981883533170943,2,2.0,Glomerular,podocyte_PEC,Lineage2,CFB,alternative,-0.08174729083975683
7,0.5416666666666666,0.1865953051155796,7,7.0,0.33194227820502586,8,8.0,Glomerular,podocyte_PEC,Lineage2,CFB,alternative,-0.14534697308944627
8,0.625,0.03610999401234497,2,2.0,0.10266643621534444,2,2.0,Glomerular,podocyte_PEC,Lineage2,CFB,alternative,-0.06655644220299947
9,0.7083333333333333,0.059592929786718644,12,12.0,0.07455539948958302,1,1.0,Glomerular,podocyte_PEC,Lineage2,CFB,alternative,-0.014962469702864377
10,0.7916666666666666,0.12012842835328066,2,2.0,0.04379099291514474,3,3.0,Glomerular,podocyte_PEC,Lineage2,CFB,alternative,0.07633743543813593
11,0.875,0.0,2,2.0,,0,0.0,Glomerular,podocyte_PEC,Lineage2,CFB,alternative,
12,0.9583333333333333,0.0,1,1.0,,0,0.0,Glomerular,podocyte_PEC,Lineage2,CFB,alternative,
1,0.041666666666666664,0.0,7,5.546953472543866,0.0,1,0.385193247044332,Glomerular,podocyte_PEC,Lineage2,MASP1,lectin,0.0
2,0.125,0.0,9,8.424866261445331,0.029664533463299336,5,4.502170853458082,Glomerular,podocyte_PEC,Lineage2,MASP1,lectin,-0.029664533463299336
3,0.20833333333333331,0.00630513756637309,12,11.43320783181031,0.025244034852714675,3,3.0,Glomerular,podocyte_PEC,Lineage2,MASP1,lectin,-0.018938897286341586
4,0.29166666666666663,0.005201839979997414,11,11.0,0.003166918247174944,8,7.827277583662231,Glomerular,podocyte_PEC,Lineage2,MASP1,lectin,0.0020349217328224697
5,0.375,0.07952721962760008,3,3.0,0.0085689968202855,4,4.0,Glomerular,podocyte_PEC,Lineage2,MASP1,lectin,0.07095822280731458
6,0.4583333333333333,0.0,2,2.0,0.016913444450539092,2,2.0,Glomerular,podocyte_PEC,Lineage2,MASP1,lectin,-0.016913444450539092
7,0.5416666666666666,0.10656354551600956,7,7.0,0.04083259622547218,8,8.0,Glomerular,podocyte_PEC,Lineage2,MASP1,lectin,0.06573094929053738
8,0.625,0.03610999401234497,2,2.0,0.013675355505248215,2,2.0,Glomerular,podocyte_PEC,Lineage2,MASP1,lectin,0.022434638507096757
9,0.7083333333333333,0.015745928066551236,12,12.0,0.01099717021606747,1,1.0,Glomerular,podocyte_PEC,Lineage2,MASP1,lectin,0.004748757850483766
10,0.7916666666666666,0.0,2,2.0,0.009230543961714967,3,3.0,Glomerular,podocyte_PEC,Lineage2,MASP1,lectin,-0.009230543961714967
11,0.875,0.0,2,2.0,,0,0.0,Glomerular,podocyte_PEC,Lineage2,MASP1,lectin,
12,0.9583333333333333,0.171887962586609,1,1.0,,0,0.0,Glomerular,podocyte_PEC,Lineage2,MASP1,lectin,
1,0.041666666666666664,0.43166738998387344,7,5.546953472543866,0.5432682500808576,1,0.385193247044332,Glomerular,podocyte_PEC,Lineage2,CFH,regulator,-0.11160086009698411
2,0.125,0.5281739765591016,9,8.424866261445331,0.5124373753369265,5,4.502170853458082,Glomerular,podocyte_PEC,Lineage2,CFH,regulator,0.01573660122217513
3,0.20833333333333331,0.3697424307448148,12,11.43320783181031,0.42558122279339566,3,3.0,Glomerular,podocyte_PEC,Lineage2,CFH,regulator,-0.05583879204858089
4,0.29166666666666663,0.633120793799036,11,11.0,0.26775482690606706,8,7.827277583662231,Glomerular,podocyte_PEC,Lineage2,CFH,regulator,0.3653659668929689
5,0.375,0.3627638954576194,3,3.0,0.3139483118851757,4,4.0,Glomerular,podocyte_PEC,Lineage2,CFH,regulator,0.0488155835724437
6,0.4583333333333333,1.382023005486714,2,2.0,1.003641316153884,2,2.0,Glomerular,podocyte_PEC,Lineage2,CFH,regulator,0.37838168933283
7,0.5416666666666666,1.5833813670516417,7,7.0,1.8181910042254503,8,8.0,Glomerular,podocyte_PEC,Lineage2,CFH,regulator,-0.23480963717380865
8,0.625,1.020588669053899,2,2.0,0.9358877695384116,2,2.0,Glomerular,podocyte_PEC,Lineage2,CFH,regulator,0.08470089951548743
9,0.7083333333333333,0.7333606296567674,12,12.0,0.46125714778053606,1,1.0,Glomerular,podocyte_PEC,Lineage2,CFH,regulator,0.27210348187623135
10,0.7916666666666666,0.8589705771908408,2,2.0,0.68559804025113,3,3.0,Glomerular,podocyte_PEC,Lineage2,CFH,regulator,0.17337253693971078
11,0.875,0.6920301405903748,2,2.0,,0,0.0,Glomerular,podocyte_PEC,Lineage2,CFH,regulator,
12,0.9583333333333333,1.0562084058280707,1,1.0,,0,0.0,Glomerular,podocyte_PEC,Lineage2,CFH,regulator,
1,0.041666666666666664,0.18265926489851947,2,1.9980565967796902,0.04672320435039112,5,2.5292183189799458,Glomerular,endothelial_mesangial,Lineage3,CFH,regulator,0.13593606054812835
2,0.125,0.16821154907911137,9,5.704842272871849,0.1785035578369241,2,1.144359003017903,Glomerular,endothelial_mesangial,Lineage3,CFH,regulator,-0.01029200875781272
3,0.20833333333333331,0.181376133328848,12,9.326503604503067,0.04818702504766566,4,2.490752108897113,Glomerular,endothelial_mesangial,Lineage3,CFH,regulator,0.13318910828118236
4,0.29166666666666663,0.12561664574667394,14,11.477840377483037,0.13242009047699277,6,4.1706192589767745,Glomerular,endothelial_mesangial,Lineage3,CFH,regulator,-0.006803444730318825
5,0.375,0.1685049530294178,10,9.135641538184872,0.41557263376303955,1,1.0,Glomerular,endothelial_mesangial,Lineage3,CFH,regulator,-0.24706768073362176
6,0.4583333333333333,0.3796554385469447,3,2.253402703634662,0.23117185307654697,1,1.0,Glomerular,endothelial_mesangial,Lineage3,CFH,regulator,0.14848358547039775
7,0.5416666666666666,0.031161644885764644,3,3.0,0.494288649805127,1,1.0,Glomerular,endothelial_mesangial,Lineage3,CFH,regulator,-0.4631270049193623
8,0.625,1.6786980352228231,2,2.0,,0,0.0,Glomerular,endothelial_mesangial,Lineage3,CFH,regulator,
9,0.7083333333333333,0.49086333165745355,5,5.0,,0,0.0,Glomerular,endothelial_mesangial,Lineage3,CFH,regulator,
10,0.7916666666666666,0.9488109359960193,3,3.0,,0,0.0,Glomerular,endothelial_mesangial,Lineage3,CFH,regulator,
11,0.875,0.676554956189603,2,2.0,,0,0.0,Glomerular,endothelial_mesangial,Lineage3,CFH,regulator,
12,0.9583333333333333,1.4423695915767976,3,3.0,1.8296318341621918,1,1.0,Glomerular,endothelial_mesangial,Lineage3,CFH,regulator,-0.3872622425853942
1,0.041666666666666664,0.0,2,1.9980565967796902,0.005290663972834952,5,2.5292183189799458,Glomerular,endothelial_mesangial,Lineage3,CR1,receptor,-0.005290663972834952
2,0.125,0.0,9,5.704842272871849,0.0,2,1.144359003017903,Glomerular,endothelial_mesangial,Lineage3,CR1,receptor,0.0
3,0.20833333333333331,0.0084553869757765,12,9.326503604503067,0.0,4,2.490752108897113,Glomerular,endothelial_mesangial,Lineage3,CR1,receptor,0.0084553869757765
4,0.29166666666666663,0.03739165705997797,14,11.477840377483037,0.04486659448123816,6,4.1706192589767745,Glomerular,endothelial_mesangial,Lineage3,CR1,receptor,-0.007474937421260194
5,0.375,0.032413342313417894,10,9.135641538184872,0.0,1,1.0,Glomerular,endothelial_mesangial,Lineage3,CR1,receptor,0.032413342313417894
6,0.4583333333333333,0.04501406248886212,3,2.253402703634662,0.0831381483853942,1,1.0,Glomerular,endothelial_mesangial,Lineage3,CR1,receptor,-0.03812408589653208
7,0.5416666666666666,0.0,3,3.0,0.0,1,1.0,Glomerular,endothelial_mesangial,Lineage3,CR1,receptor,0.0
8,0.625,0.06574322893556878,2,2.0,,0,0.0,Glomerular,endothelial_mesangial,Lineage3,CR1,receptor,
9,0.7083333333333333,0.2722003887450139,5,5.0,,0,0.0,Glomerular,endothelial_mesangial,Lineage3,CR1,receptor,
10,0.7916666666666666,0.5525288862961497,3,3.0,,0,0.0,Glomerular,endothelial_mesangial,Lineage3,CR1,receptor,
11,0.875,0.08409262670384901,2,2.0,,0,0.0,Glomerular,endothelial_mesangial,Lineage3,CR1,receptor,
12,0.9583333333333333,0.025086273531815622,3,3.0,1.3360162755237073,1,1.0,Glomerular,endothelial_mesangial,Lineage3,CR1,receptor,-1.3109300019918917
1,0.041666666666666664,0.0934624215151033,2,1.9980565967796902,0.47034834723978247,5,2.5292183189799458,Glomerular,endothelial_mesangial,Lineage3,SERPING1,regulator,-0.37688592572467916
2,0.125,0.2350469011591519,9,5.704842272871849,0.5509818265441724,2,1.144359003017903,Glomerular,endothelial_mesangial,Lineage3,SERPING1,regulator,-0.3159349253850205
3,0.20833333333333331,0.4017241385313255,12,9.326503604503067,0.5126812337136002,4,2.490752108897113,Glomerular,endothelial_mesangial,Lineage3,SERPING1,regulator,-0.1109570951822747
4,0.29166666666666663,0.34725692209799247,14,11.477840377483037,0.3629462865587132,6,4.1706192589767745,Glomerular,endothelial_mesangial,Lineage3,SERPING1,regulator,-0.015689364460720723
5,0.375,0.5022912591517715,10,9.135641538184872,0.41557263376303955,1,1.0,Glomerular,endothelial_mesangial,Lineage3,SERPING1,regulator,0.08671862538873198
6,0.4583333333333333,0.4044550285006908,3,2.253402703634662,0.8330738240246707,1,1.0,Glomerular,endothelial_mesangial,Lineage3,SERPING1,regulator,-0.42861879552397986
7,0.5416666666666666,0.1389352437895055,3,3.0,0.19318777317793961,1,1.0,Glomerular,endothelial_mesangial,Lineage3,SERPING1,regulator,-0.05425252938843411
8,0.625,0.5798109585915816,2,2.0,,0,0.0,Glomerular,endothelial_mesangial,Lineage3,SERPING1,regulator,
9,0.7083333333333333,0.2447887566827766,5,5.0,,0,0.0,Glomerular,endothelial_mesangial,Lineage3,SERPING1,regulator,
10,0.7916666666666666,0.5995125432678033,3,3.0,,0,0.0,Glomerular,endothelial_mesangial,Lineage3,SERPING1,regulator,
11,0.875,0.39898743812587295,2,2.0,,0,0.0,Glomerular,endothelial_mesangial,Lineage3,SERPING1,regulator,
12,0.9583333333333333,0.34504851402887476,3,3.0,0.8024332492802344,1,1.0,Glomerular,endothelial_mesangial,Lineage3,SERPING1,regulator,-0.45738473525135964
1,0.041666666666666664,0.0,2,1.9980565967796902,0.11590657498660928,5,2.5292183189799458,Glomerular,endothelial_mesangial,Lineage3,CFI,regulator,-0.11590657498660928
2,0.125,0.21711874083139898,9,5.704842272871849,0.26486279519348294,2,1.144359003017903,Glomerular,endothelial_mesangial,Lineage3,CFI,regulator,-0.047744054362083954
3,0.20833333333333331,0.19603633990955868,12,9.326503604503067,0.1772035118547955,4,2.490752108897113,Glomerular,endothelial_mesangial,Lineage3,CFI,regulator,0.01883282805476319
4,0.29166666666666663,0.23199303430401783,14,11.477840377483037,0.40045402900258176,6,4.1706192589767745,Glomerular,endothelial_mesangial,Lineage3,CFI,regulator,-0.16846099469856393
5,0.375,0.3538901710065934,10,9.135641538184872,0.7082704146348439,1,1.0,Glomerular,endothelial_mesangial,Lineage3,CFI,regulator,-0.35438024362825044
6,0.4583333333333333,0.3342580703371687,3,2.253402703634662,0.4742716709308291,1,1.0,Glomerular,endothelial_mesangial,Lineage3,CFI,regulator,-0.14001360059366041
7,0.5416666666666666,0.24069232960619577,3,3.0,0.9950592104904423,1,1.0,Glomerular,endothelial_mesangial,Lineage3,CFI,regulator,-0.7543668808842465
8,0.625,0.2706791214111102,2,2.0,,0,0.0,Glomerular,endothelial_mesangial,Lineage3,CFI,regulator,
9,0.7083333333333333,0.3654865605940243,5,5.0,,0,0.0,Glomerular,endothelial_mesangial,Lineage3,CFI,regulator,
10,0.7916666666666666,0.5282667510100761,3,3.0,,0,0.0,Glomerular,endothelial_mesangial,Lineage3,CFI,regulator,
11,0.875,0.3407474767855648,2,2.0,,0,0.0,Glomerular,endothelial_mesangial,Lineage3,CFI,regulator,
12,0.9583333333333333,0.46262432310069207,3,3.0,0.9316535265485278,1,1.0,Glomerular,endothelial_mesangial,Lineage3,CFI,regulator,-0.4690292034478358
1,0.041666666666666664,0.0934624215151033,2,1.9980565967796902,0.015087170879071278,5,2.5292183189799458,Glomerular,endothelial_mesangial,Lineage3,C1R,classical,0.07837525063603201
2,0.125,0.07022975956113024,9,5.704842272871849,0.24700480483432155,2,1.144359003017903,Glomerular,endothelial_mesangial,Lineage3,C1R,classical,-0.17677504527319132
3,0.20833333333333331,0.13913482336823282,12,9.326503604503067,0.16066745155673093,4,2.490752108897113,Glomerular,endothelial_mesangial,Lineage3,C1R,classical,-0.021532628188498104
4,0.29166666666666663,0.1125477195549889,14,11.477840377483037,0.13134868794598292,6,4.1706192589767745,Glomerular,endothelial_mesangial,Lineage3,C1R,classical,-0.018800968390994016
5,0.375,0.18950741266361948,10,9.135641538184872,0.2292203178494286,1,1.0,Glomerular,endothelial_mesangial,Lineage3,C1R,classical,-0.03971290518580911
6,0.4583333333333333,0.15279931707325675,3,2.253402703634662,0.36009083333732417,1,1.0,Glomerular,endothelial_mesangial,Lineage3,C1R,classical,-0.20729151626406742
7,0.5416666666666666,0.5329545978461369,3,3.0,0.0,1,1.0,Glomerular,endothelial_mesangial,Lineage3,C1R,classical,0.5329545978461369
8,0.625,0.15343696247159683,2,2.0,,0,0.0,Glomerular,endothelial_mesangial,Lineage3,C1R,classical,
9,0.7083333333333333,0.0364250205249164,5,5.0,,0,0.0,Glomerular,endothelial_mesangial,Lineage3,C1R,classical,
10,0.7916666666666666,0.40487307683487267,3,3.0,,0,0.0,Glomerular,endothelial_mesangial,Lineage3,C1R,classical,
11,0.875,0.21895560430603384,2,2.0,,0,0.0,Glomerular,endothelial_mesangial,Lineage3,C1R,classical,
12,0.9583333333333333,0.33955354902178136,3,3.0,0.8024332492802344,1,1.0,Glomerular,endothelial_mesangial,Lineage3,C1R,classical,-0.46287970025845304
1,0.041666666666666664,0.0,2,1.9980565967796902,0.0,5,2.5292183189799458,Glomerular,endothelial_mesangial,Lineage3,CFD,alternative,0.0
2,0.125,0.0,9,5.704842272871849,0.04963842713684606,2,1.144359003017903,Glomerular,endothelial_mesangial,Lineage3,CFD,alternative,-0.04963842713684606
3,0.20833333333333331,0.017700832090212927,12,9.326503604503067,0.04010737984457683,4,2.490752108897113,Glomerular,endothelial_mesangial,Lineage3,CFD,alternative,-0.022406547754363904
4,0.29166666666666663,0.0256849968797448,14,11.477840377483037,0.006512255980638626,6,4.1706192589767745,Glomerular,endothelial_mesangial,Lineage3,CFD,alternative,0.019172740899106172
5,0.375,0.0387271711144119,10,9.135641538184872,0.0,1,1.0,Glomerular,endothelial_mesangial,Lineage3,CFD,alternative,0.0387271711144119
6,0.4583333333333333,0.0,3,2.253402703634662,0.0,1,1.0,Glomerular,endothelial_mesangial,Lineage3,CFD,alternative,0.0
7,0.5416666666666666,0.0,3,3.0,0.0,1,1.0,Glomerular,endothelial_mesangial,Lineage3,CFD,alternative,0.0
8,0.625,0.0,2,2.0,,0,0.0,Glomerular,endothelial_mesangial,Lineage3,CFD,alternative,
9,0.7083333333333333,0.10389317841519075,5,5.0,,0,0.0,Glomerular,endothelial_mesangial,Lineage3,CFD,alternative,
10,0.7916666666666666,0.011745706731575802,3,3.0,,0,0.0,Glomerular,endothelial_mesangial,Lineage3,CFD,alternative,
11,0.875,0.05760268007348687,2,2.0,,0,0.0,Glomerular,endothelial_mesangial,Lineage3,CFD,alternative,
12,0.9583333333333333,0.012779076512982553,3,3.0,0.0,1,1.0,Glomerular,endothelial_mesangial,Lineage3,CFD,alternative,0.012779076512982553
1,0.041666666666666664,0.0934624215151033,2,1.9980565967796902,0.09228464858054926,5,2.5292183189799458,Glomerular,endothelial_mesangial,Lineage3,C3,alternative,0.0011777729345540389
2,0.125,0.02831250520130913,9,5.704842272871849,0.0388169788324916,2,1.144359003017903,Glomerular,endothelial_mesangial,Lineage3,C3,alternative,-0.010504473631182468
3,0.20833333333333331,0.1151229565649923,12,9.326503604503067,0.2035428548056286,4,2.490752108897113,Glomerular,endothelial_mesangial,Lineage3,C3,alternative,-0.08841989824063629
4,0.29166666666666663,0.08016031120990948,14,11.477840377483037,0.14231780648847406,6,4.1706192589767745,Glomerular,endothelial_mesangial,Lineage3,C3,alternative,-0.06215749527856458
5,0.375,0.036303525782509664,10,9.135641538184872,0.0,1,1.0,Glomerular,endothelial_mesangial,Lineage3,C3,alternative,0.036303525782509664
6,0.4583333333333333,0.16840802548361095,3,2.253402703634662,0.29770741904627357,1,1.0,Glomerular,endothelial_mesangial,Lineage3,C3,alternative,-0.12929939356266262
7,0.5416666666666666,0.10777359890374084,3,3.0,0.19318777317793961,1,1.0,Glomerular,endothelial_mesangial,Lineage3,C3,alternative,-0.08541417427419877
8,0.625,0.0,2,2.0,,0,0.0,Glomerular,endothelial_mesangial,Lineage3,C3,alternative,
9,0.7083333333333333,0.07309111205765512,5,5.0,,0,0.0,Glomerular,endothelial_mesangial,Lineage3,C3,alternative,
10,0.7916666666666666,0.05498117696461687,3,3.0,,0,0.0,Glomerular,endothelial_mesangial,Lineage3,C3,alternative,
11,0.875,0.05760268007348687,2,2.0,,0,0.0,Glomerular,endothelial_mesangial,Lineage3,C3,alternative,
12,0.9583333333333333,0.164419507312925,3,3.0,1.4384551933579135,1,1.0,Glomerular,endothelial_mesangial,Lineage3,C3,alternative,-1.2740356860449884
1,0.041666666666666664,0.4027314007592449,2,1.9980565967796902,0.3564871274460772,5,2.5292183189799458,Glomerular,endothelial_mesangial,Lineage3,C7,terminal,0.046244273313167716
2,0.125,0.13281566931312208,9,5.704842272871849,0.3658511096341721,2,1.144359003017903,Glomerular,endothelial_mesangial,Lineage3,C7,terminal,-0.23303544032105003
3,0.20833333333333331,0.6184045025297565,12,9.326503604503067,0.32439748081702136,4,2.490752108897113,Glomerular,endothelial_mesangial,Lineage3,C7,terminal,0.2940070217127352
4,0.29166666666666663,0.41244148697227173,14,11.477840377483037,0.36931237636765246,6,4.1706192589767745,Glomerular,endothelial_mesangial,Lineage3,C7,terminal,0.04312911060461927
5,0.375,0.753854449209666,10,9.135641538184872,0.2292203178494286,1,1.0,Glomerular,endothelial_mesangial,Lineage3,C7,terminal,0.5246341313602374
6,0.4583333333333333,0.8977683630897652,3,2.253402703634662,1.3281729484247666,1,1.0,Glomerular,endothelial_mesangial,Lineage3,C7,terminal,-0.4304045853350015
7,0.5416666666666666,0.2619245739510733,3,3.0,1.0708967557314295,1,1.0,Glomerular,endothelial_mesangial,Lineage3,C7,terminal,-0.8089721817803561
8,0.625,0.06574322893556878,2,2.0,,0,0.0,Glomerular,endothelial_mesangial,Lineage3,C7,terminal,
9,0.7083333333333333,0.6615228288235576,5,5.0,,0,0.0,Glomerular,endothelial_mesangial,Lineage3,C7,terminal,
10,0.7916666666666666,0.7200043879053818,3,3.0,,0,0.0,Glomerular,endothelial_mesangial,Lineage3,C7,terminal,
11,0.875,0.23827832021410036,2,2.0,,0,0.0,Glomerular,endothelial_mesangial,Lineage3,C7,terminal,
12,0.9583333333333333,0.5831683845969894,3,3.0,0.033621810444753465,1,1.0,Glomerular,endothelial_mesangial,Lineage3,C7,terminal,0.549546574152236
1,0.041666666666666664,0.30005884931186405,2,1.9980565967796902,0.18199191371717552,5,2.5292183189799458,Glomerular,endothelial_mesangial,Lineage3,C1S,classical,0.11806693559468853
2,0.125,0.15551783051220455,9,5.704842272871849,0.3515454161451549,2,1.144359003017903,Glomerular,endothelial_mesangial,Lineage3,C1S,classical,-0.19602758563295034
3,0.20833333333333331,0.28203323667715885,12,9.326503604503067,0.2599289540369632,4,2.490752108897113,Glomerular,endothelial_mesangial,Lineage3,C1S,classical,0.02210428264019565
4,0.29166666666666663,0.22794659010304458,14,11.477840377483037,0.2136996495174074,6,4.1706192589767745,Glomerular,endothelial_mesangial,Lineage3,C1S,classical,0.014246940585637191
5,0.375,0.420278632189565,10,9.135641538184872,0.572592512438175,1,1.0,Glomerular,endothelial_mesangial,Lineage3,C1S,classical,-0.15231388024860998
6,0.4583333333333333,0.15152601644401476,3,2.253402703634662,0.29770741904627357,1,1.0,Glomerular,endothelial_mesangial,Lineage3,C1S,classical,-0.14618140260225881
7,0.5416666666666666,0.274992621160099,3,3.0,0.494288649805127,1,1.0,Glomerular,endothelial_mesangial,Lineage3,C1S,classical,-0.219296028645028
8,0.625,0.06574322893556878,2,2.0,,0,0.0,Glomerular,endothelial_mesangial,Lineage3,C1S,classical,
9,0.7083333333333333,0.3400516796570032,5,5.0,,0,0.0,Glomerular,endothelial_mesangial,Lineage3,C1S,classical,
10,0.7916666666666666,0.1881003234546087,3,3.0,,0,0.0,Glomerular,endothelial_mesangial,Lineage3,C1S,classical,
11,0.875,0.5039573554245427,2,2.0,,0,0.0,Glomerular,endothelial_mesangial,Lineage3,C1S,classical,
12,0.9583333333333333,0.16981894399989236,3,3.0,0.5802295523386414,1,1.0,Glomerular,endothelial_mesangial,Lineage3,C1S,classical,-0.410410608338749
1,0.041666666666666664,0.0,2,1.9980565967796902,0.07973479800459589,5,2.5292183189799458,Glomerular,endothelial_mesangial,Lineage3,C2,classical,-0.07973479800459589
2,0.125,0.057509320627987304,9,5.704842272871849,0.09677026391715278,2,1.144359003017903,Glomerular,endothelial_mesangial,Lineage3,C2,classical,-0.039260943289165476
3,0.20833333333333331,0.07221808708384045,12,9.326503604503067,0.014670520164667597,4,2.490752108897113,Glomerular,endothelial_mesangial,Lineage3,C2,classical,0.05754756691917285
4,0.29166666666666663,0.10422310966882935,14,11.477840377483037,0.050151857098514226,6,4.1706192589767745,Glomerular,endothelial_mesangial,Lineage3,C2,classical,0.05407125257031512
5,0.375,0.027752124851826973,10,9.135641538184872,0.0,1,1.0,Glomerular,endothelial_mesangial,Lineage3,C2,classical,0.027752124851826973
6,0.4583333333333333,0.13159457063576824,3,2.253402703634662,0.0831381483853942,1,1.0,Glomerular,endothelial_mesangial,Lineage3,C2,classical,0.04845642225037404
7,0.5416666666666666,0.05965757499241391,3,3.0,0.0,1,1.0,Glomerular,endothelial_mesangial,Lineage3,C2,classical,0.05965757499241391
8,0.625,0.15343696247159683,2,2.0,,0,0.0,Glomerular,endothelial_mesangial,Lineage3,C2,classical,
9,0.7083333333333333,0.07309111205765512,5,5.0,,0,0.0,Glomerular,endothelial_mesangial,Lineage3,C2,classical,
10,0.7916666666666666,0.12059590154390852,3,3.0,,0,0.0,Glomerular,endothelial_mesangial,Lineage3,C2,classical,
11,0.875,0.08409262670384901,2,2.0,,0,0.0,Glomerular,endothelial_mesangial,Lineage3,C2,classical,
12,0.9583333333333333,0.09068334098473389,3,3.0,0.033621810444753465,1,1.0,Glomerular,endothelial_mesangial,Lineage3,C2,classical,0.05706153053998043
1,0.041666666666666664,0.0,2,1.9980565967796902,1.605036051978375,5,2.5292183189799458,Glomerular,endothelial_mesangial,Lineage3,FCN3,lectin,-1.605036051978375
2,0.125,0.6436421746078921,9,5.704842272871849,0.46410462381459566,2,1.144359003017903,Glomerular,endothelial_mesangial,Lineage3,FCN3,lectin,0.17953755079329642
3,0.20833333333333331,0.5168525446142433,12,9.326503604503067,0.5223073446145284,4,2.490752108897113,Glomerular,endothelial_mesangial,Lineage3,FCN3,lectin,-0.005454800000285087
4,0.29166666666666663,0.5017986295509278,14,11.477840377483037,0.5608471781363243,6,4.1706192589767745,Glomerular,endothelial_mesangial,Lineage3,FCN3,lectin,-0.05904854858539654
5,0.375,0.7253246229420758,10,9.135641538184872,1.5275046415176095,1,1.0,Glomerular,endothelial_mesangial,Lineage3,FCN3,lectin,-0.8021800185755337
6,0.4583333333333333,0.5064060240060514,3,2.253402703634662,1.3508830814506725,1,1.0,Glomerular,endothelial_mesangial,Lineage3,FCN3,lectin,-0.8444770574446211
7,0.5416666666666666,0.6372570527395925,3,3.0,0.3550283755519431,1,1.0,Glomerular,endothelial_mesangial,Lineage3,FCN3,lectin,0.28222867718764943
8,0.625,1.3288759553977938,2,2.0,,0,0.0,Glomerular,endothelial_mesangial,Lineage3,FCN3,lectin,
9,0.7083333333333333,0.33903345238418653,5,5.0,,0,0.0,Glomerular,endothelial_mesangial,Lineage3,FCN3,lectin,
10,0.7916666666666666,0.1271387486675364,3,3.0,,0,0.0,Glomerular,endothelial_mesangial,Lineage3,FCN3,lectin,
11,0.875,0.4633775180919737,2,2.0,,0,0.0,Glomerular,endothelial_mesangial,Lineage3,FCN3,lectin,
12,0.9583333333333333,0.025086273531815622,3,3.0,0.34381729505772757,1,1.0,Glomerular,endothelial_mesangial,Lineage3,FCN3,lectin,-0.31873102152591193
1,0.041666666666666664,1.0275713933891342,2,1.9980565967796902,0.8623277460035711,5,2.5292183189799458,Glomerular,endothelial_mesangial,Lineage3,CD46,regulator,0.16524364738556307
2,0.125,0.9182338136274811,9,5.704842272871849,0.955383953067879,2,1.144359003017903,Glomerular,endothelial_mesangial,Lineage3,CD46,regulator,-0.03715013944039791
3,0.20833333333333331,1.0014538366743053,12,9.326503604503067,1.066152826211848,4,2.490752108897113,Glomerular,endothelial_mesangial,Lineage3,CD46,regulator,-0.06469898953754272
4,0.29166666666666663,0.8167111214175286,14,11.477840377483037,0.9215717563095323,6,4.1706192589767745,Glomerular,endothelial_mesangial,Lineage3,CD46,regulator,-0.1048606348920037
5,0.375,1.1097812236945925,10,9.135641538184872,0.9344113597277786,1,1.0,Glomerular,endothelial_mesangial,Lineage3,CD46,regulator,0.17536986396681398
6,0.4583333333333333,0.9142216300050402,3,2.253402703634662,0.870066993593684,1,1.0,Glomerular,endothelial_mesangial,Lineage3,CD46,regulator,0.044154636411356196
7,0.5416666666666666,0.6528699496539959,3,3.0,0.823589030075987,1,1.0,Glomerular,endothelial_mesangial,Lineage3,CD46,regulator,-0.17071908042199113
8,0.625,1.0555679166037755,2,2.0,,0,0.0,Glomerular,endothelial_mesangial,Lineage3,CD46,regulator,
9,0.7083333333333333,0.6930606201580928,5,5.0,,0,0.0,Glomerular,endothelial_mesangial,Lineage3,CD46,regulator,
10,0.7916666666666666,1.1060756055928647,3,3.0,,0,0.0,Glomerular,endothelial_mesangial,Lineage3,CD46,regulator,
11,0.875,1.3464083793837982,2,2.0,,0,0.0,Glomerular,endothelial_mesangial,Lineage3,CD46,regulator,
12,0.9583333333333333,0.8650618896514306,3,3.0,0.9841277453966388,1,1.0,Glomerular,endothelial_mesangial,Lineage3,CD46,regulator,-0.11906585574520823
