compartment,trajectory,lineage,dominant_disease,n_donors_total,occupancy_n,occupancy_mean,occupancy_median,occupancy_q25,occupancy_q75,position_n,position_mean,position_median,position_q25,position_q75,robustness_match_fraction,robustness_spearman_median
FIB,contractile,Lineage1,Acute Kidney Injury,37,37,0.7319819819819819,1.0,0.5,1.0,29,0.4473583100524645,0.4246942384141887,0.3607074295340954,0.5080489708482445,1.0,0.967451832261534
FIB,contractile,Lineage1,Chronic Kidney Disease,77,77,0.5876368729309907,0.75,0.0,1.0,55,0.3746126653535006,0.3542920135467029,0.2954126536190159,0.4328819319124052,1.0,0.967451832261534
FIB,contractile,Lineage1,Diabetes Mellitus - Resilient,11,11,0.8181818181818182,1.0,1.0,1.0,9,0.360180486749812,0.3166809281063512,0.2263694818684217,0.5658446085667053,1.0,0.967451832261534
FIB,contractile,Lineage1,Healthy Reference,59,59,0.3297210858500672,0.0909090909090909,0.0,0.6666666666666666,31,0.1714805693233286,0.126304787650167,0.0771130401814889,0.2733723434825161,1.0,0.967451832261534
FIB,contractile,Lineage1,Reference,16,16,0.5291005291005291,0.4714285714285713,0.187037037037037,0.9423076923076924,14,0.2499861726691782,0.1388522882134409,0.0594021508468977,0.3072388130919587,1.0,0.967451832261534
FIB,contractile,Lineage2,Acute Kidney Injury,37,37,0.541973791973792,0.6666666666666666,0.0,1.0,23,0.437544201819151,0.4316278856207995,0.3839913215429259,0.4908153827846687,0.41,0.3326610664085115
FIB,contractile,Lineage2,Chronic Kidney Disease,77,77,0.5144030339408491,0.5,0.0,1.0,53,0.4363092826077502,0.427065844816061,0.3867986279711272,0.4768537016298647,0.41,0.3326610664085115
FIB,contractile,Lineage2,Diabetes Mellitus - Resilient,11,11,0.6363636363636364,1.0,0.0,1.0,7,0.3454993343154004,0.3309291016628374,0.2605917196936425,0.4173047391370567,0.41,0.3326610664085115
FIB,contractile,Lineage2,Healthy Reference,59,59,0.5752749592795244,0.6666666666666666,0.0928571428571428,1.0,45,0.5283739151663891,0.5307460905710858,0.3815986730929036,0.7333261362073734,0.41,0.3326610664085115
FIB,contractile,Lineage2,Reference,16,16,0.6235653235653236,0.6857142857142857,0.4305555555555556,1.0,13,0.5044715936732866,0.5079905790161182,0.4202793155473469,0.6347654397315529,0.41,0.3326610664085115
FIB,contractile,Lineage3,Acute Kidney Injury,37,37,0.5442260442260441,0.6666666666666666,0.0,1.0,23,0.4999177906499819,0.4690056836267625,0.4171403625564458,0.6063292447109498,0.99,0.9279245769920388
FIB,contractile,Lineage3,Chronic Kidney Disease,77,77,0.5909336461857471,0.6666666666666666,0.0,1.0,56,0.500816568750051,0.4833032344452894,0.4087516660004842,0.6028530714827112,0.99,0.9279245769920388
FIB,contractile,Lineage3,Diabetes Mellitus - Resilient,11,11,0.6363636363636364,1.0,0.0,1.0,7,0.3782143154270488,0.3516306454903513,0.2727895063779912,0.4391892243554041,0.99,0.9279245769920388
FIB,contractile,Lineage3,Healthy Reference,59,59,0.4067823831611416,0.3333333333333333,0.0,0.849624060150376,36,0.3067088803387668,0.1886915455277349,0.1032596850305357,0.4618857629690198,0.99,0.9279245769920388
FIB,contractile,Lineage3,Reference,16,16,0.4446225071225071,0.2678571428571428,0.1524216524216523,0.8974358974358975,13,0.2761192507282812,0.1472834249512567,0.0767958552536188,0.3517944039566447,0.99,0.9279245769920388
FIB,contractile,Lineage4,Acute Kidney Injury,37,37,0.1426962676962676,0.0,0.0,0.0,7,0.3833102705704502,0.3998326232312539,0.3401630938450322,0.4236455122422558,0.85,0.7171717523137352
FIB,contractile,Lineage4,Chronic Kidney Disease,77,77,0.246799628942486,0.0,0.0,0.5,32,0.375842308086833,0.385835181005701,0.2911677734609814,0.4589126513775864,0.85,0.7171717523137352
FIB,contractile,Lineage4,Diabetes Mellitus - Resilient,11,11,0.4545454545454545,0.0,0.0,1.0,5,0.2725296414560226,0.2385790988631914,0.2367240392550608,0.3226554644579507,0.85,0.7171717523137352
FIB,contractile,Lineage4,Healthy Reference,59,59,0.4466455289709212,0.4444444444444444,0.0,1.0,38,0.3525999631356171,0.3123744648401264,0.1284680588748473,0.5329102883923181,0.85,0.7171717523137352
FIB,contractile,Lineage4,Reference,16,16,0.4253345034595034,0.3571428571428571,0.0,0.8333333333333333,11,0.2791778924240278,0.1050997461272034,0.0665597974204313,0.4841014841624711,0.85,0.7171717523137352
FIB,contractile,Lineage5,Acute Kidney Injury,37,37,0.0033783783783783,0.0,0.0,0.0,1,0.6676247749194929,0.6676247749194929,0.6676247749194929,0.6676247749194929,0.96,0.9544057487278168
FIB,contractile,Lineage5,Chronic Kidney Disease,77,77,0.0194805194805194,0.0,0.0,0.0,2,0.4897770626542889,0.4897770626542889,0.469957638052688,0.5095964872558898,0.96,0.9544057487278168
FIB,contractile,Lineage5,Diabetes Mellitus - Resilient,11,11,0.0,0.0,0.0,0.0,0,,,,,0.96,0.9544057487278168
FIB,contractile,Lineage5,Healthy Reference,59,59,0.2811514950099197,0.0,0.0,0.606060606060606,24,0.4710284476733637,0.5065043555826603,0.3777507156189452,0.5708814733148897,0.96,0.9544057487278168
FIB,contractile,Lineage5,Reference,16,16,0.325534188034188,0.1269841269841269,0.0,0.6166666666666667,9,0.3574078888480635,0.2882750497522179,0.2080104101852702,0.5413339198350642,0.96,0.9544057487278168
FIB,contractile,Lineage6,Acute Kidney Injury,37,37,0.0,0.0,0.0,0.0,0,,,,,0.4,0.4794891752906818
FIB,contractile,Lineage6,Chronic Kidney Disease,77,77,0.0129870129870129,0.0,0.0,0.0,1,0.4165073529544165,0.4165073529544165,0.4165073529544165,0.4165073529544165,0.4,0.4794891752906818
FIB,contractile,Lineage6,Diabetes Mellitus - Resilient,11,11,0.0,0.0,0.0,0.0,0,,,,,0.4,0.4794891752906818
FIB,contractile,Lineage6,Healthy Reference,59,59,0.2238544467607279,0.0,0.0,0.3333333333333333,20,0.4632616862690463,0.3555028209352147,0.1876320488286627,0.8308579369157125,0.4,0.4794891752906818
FIB,contractile,Lineage6,Reference,16,16,0.324156746031746,0.1,0.0,0.6642857142857143,8,0.3474591335703592,0.3442705504547519,0.1584889217367733,0.426248461463016,0.4,0.4794891752906818
FIB,outer_medullary,Lineage1,Acute Kidney Injury,6,6,1.0,1.0,1.0,1.0,6,0.6241553375395826,0.6011333776992693,0.5789959619709699,0.638592135979678,1.0,0.9869294180465916
FIB,outer_medullary,Lineage1,Chronic Kidney Disease,17,17,1.0,1.0,1.0,1.0,17,0.6371461577429648,0.5948445447935685,0.5396487615364565,0.7010155315421714,1.0,0.9869294180465916
FIB,outer_medullary,Lineage1,Healthy Reference,33,33,0.8506417112299465,1.0,1.0,1.0,29,0.3246672208323039,0.3528532253823003,0.1882397557375758,0.4178965713844402,1.0,0.9869294180465916
FIB,outer_medullary,Lineage1,Reference,5,5,1.0,1.0,1.0,1.0,5,0.348380175954512,0.1691988089809803,0.1088884770152562,0.6645902715662064,1.0,0.9869294180465916
FIB,outer_medullary,Lineage2,Acute Kidney Injury,6,6,0.0909090909090909,0.0,0.0,0.0,1,0.3876542784538856,0.3876542784538856,0.3876542784538856,0.3876542784538856,1.0,0.9918824215252988
FIB,outer_medullary,Lineage2,Chronic Kidney Disease,17,17,0.0588235294117647,0.0,0.0,0.0,1,0.2179263028354438,0.2179263028354438,0.2179263028354438,0.2179263028354438,1.0,0.9918824215252988
FIB,outer_medullary,Lineage2,Healthy Reference,33,33,0.7071941402823756,1.0,0.5,1.0,27,0.3880609272162922,0.4018733606808095,0.2048073638044871,0.4840568327815892,1.0,0.9918824215252988
FIB,outer_medullary,Lineage2,Reference,5,5,0.6,1.0,0.0,1.0,3,0.147951238821778,0.1298845946185849,0.1164074637872677,0.1704616917546917,1.0,0.9918824215252988
Glomerular,endothelial_mesangial,Lineage1,Acute Kidney Injury,16,16,0.7479166666666666,1.0,0.625,1.0,13,0.3091519818731765,0.3323102039156224,0.1675612452200044,0.4164417588202472,1.0,0.9697396603885624
Glomerular,endothelial_mesangial,Lineage1,Chronic Kidney Disease,56,56,0.5491071428571429,0.625,0.0,1.0,34,0.3748823106305854,0.3985989939548107,0.3195787186576593,0.4642265302399648,1.0,0.9697396603885624
Glomerular,endothelial_mesangial,Lineage1,Diabetes Mellitus - Resilient,5,5,0.3,0.0,0.0,0.5,2,0.4105088293221598,0.4105088293221598,0.3784222689090159,0.4425953897353036,1.0,0.9697396603885624
Glomerular,endothelial_mesangial,Lineage1,Healthy Reference,43,43,0.6989479512735326,1.0,0.3666666666666667,1.0,36,0.3196992785920711,0.3244426209438462,0.2223845988050944,0.3930713986496499,1.0,0.9697396603885624
Glomerular,endothelial_mesangial,Lineage1,Reference,13,13,0.3768620268620269,0.2222222222222222,0.0,0.6,9,0.5082325563823562,0.3616136386027632,0.2783174610872064,0.705571076822444,1.0,0.9697396603885624
Glomerular,endothelial_mesangial,Lineage2,Acute Kidney Injury,16,16,0.6576388888888889,0.9,0.375,1.0,12,0.4659782743959812,0.4499379581152979,0.3633064841420635,0.5632605191975459,0.55,0.2752385546078828
Glomerular,endothelial_mesangial,Lineage2,Chronic Kidney Disease,56,56,0.3574404761904762,0.0,0.0,0.8,25,0.3959002256623096,0.4558526838308112,0.3441766917659807,0.4721613815562407,0.55,0.2752385546078828
Glomerular,endothelial_mesangial,Lineage2,Diabetes Mellitus - Resilient,5,5,0.3,0.0,0.0,0.5,2,0.4582751975084048,0.4582751975084048,0.4501925505065015,0.4663578445103081,0.55,0.2752385546078828
Glomerular,endothelial_mesangial,Lineage2,Healthy Reference,43,43,0.7375415282392027,1.0,0.6111111111111112,1.0,36,0.4580458738669619,0.4548607850501029,0.3280003235388003,0.5696679299656306,0.55,0.2752385546078828
Glomerular,endothelial_mesangial,Lineage2,Reference,13,13,0.2914441114441114,0.0,0.0,0.5,6,0.2931087920040562,0.3112839469352031,0.2017035870526327,0.4041697182185177,0.55,0.2752385546078828
Glomerular,endothelial_mesangial,Lineage3,Acute Kidney Injury,16,16,0.8555555555555556,1.0,0.7666666666666667,1.0,16,0.2979591691427982,0.2737362019492626,0.1854791129693049,0.3193318089840101,1.0,0.9912040368614716
Glomerular,endothelial_mesangial,Lineage3,Chronic Kidney Disease,56,56,0.812797619047619,1.0,0.7291666666666666,1.0,51,0.4367519779492876,0.3968996765632294,0.2622505061486332,0.6402005473610604,1.0,0.9912040368614716
Glomerular,endothelial_mesangial,Lineage3,Diabetes Mellitus - Resilient,5,5,0.8,1.0,1.0,1.0,4,0.5178193514610345,0.5346553838146424,0.4454773961454382,0.6069973391302387,1.0,0.9912040368614716
Glomerular,endothelial_mesangial,Lineage3,Healthy Reference,43,43,0.7836655592469547,1.0,0.6666666666666666,1.0,39,0.3011980338541898,0.265289375519622,0.1892092488959972,0.347838352057586,1.0,0.9912040368614716
Glomerular,endothelial_mesangial,Lineage3,Reference,13,13,0.4016150516150516,0.3333333333333333,0.0,0.8,7,0.3821675444744365,0.3002586902287996,0.157315537653377,0.5644778490086239,1.0,0.9912040368614716
Glomerular,endothelial_mesangial,Lineage4,Acute Kidney Injury,16,16,0.1875,0.0,0.0,0.0,3,0.1822692275455369,0.2239319172274164,0.1604990976533128,0.2248707022787007,0.91,0.970035900614194
Glomerular,endothelial_mesangial,Lineage4,Chronic Kidney Disease,56,56,0.1160714285714285,0.0,0.0,0.0,8,0.1789559476167521,0.0970662780792092,0.0645906622764645,0.3617442425597317,0.91,0.970035900614194
Glomerular,endothelial_mesangial,Lineage4,Diabetes Mellitus - Resilient,5,5,0.0,0.0,0.0,0.0,0,,,,,0.91,0.970035900614194
Glomerular,endothelial_mesangial,Lineage4,Healthy Reference,43,43,0.1816168327796234,0.0,0.0,0.0,10,0.2197773626512945,0.1544088419615407,0.0808338280033195,0.2486039522340517,0.91,0.970035900614194
Glomerular,endothelial_mesangial,Lineage4,Reference,13,13,0.6018081918081918,0.7777777777777778,0.28,0.8571428571428571,11,0.4148652519495563,0.3501536756337006,0.1859713786162905,0.6223016744582247,0.91,0.970035900614194
Glomerular,podocyte_PEC,Lineage1,Acute Kidney Injury,37,37,0.4726512226512227,0.5,0.0,1.0,24,0.5930403089077475,0.6468838858342651,0.4177942081696285,0.7986733775943926,1.0,0.9569013558235862
Glomerular,podocyte_PEC,Lineage1,Chronic Kidney Disease,69,69,0.4946514837819185,0.5,0.0,1.0,45,0.5199511051962753,0.4711038507834634,0.3406835444631932,0.7213181984111519,1.0,0.9569013558235862
Glomerular,podocyte_PEC,Lineage1,Diabetes Mellitus - Resilient,11,11,0.7878787878787878,1.0,0.5833333333333333,1.0,10,0.5193129868968931,0.5359074270055274,0.3731989230860804,0.6620930177343861,1.0,0.9569013558235862
Glomerular,podocyte_PEC,Lineage1,Healthy Reference,68,68,0.6940038515406163,0.8229166666666667,0.5555555555555556,1.0,55,0.5332770389646936,0.5606646703716257,0.3541074467358968,0.7193781990632835,1.0,0.9569013558235862
Glomerular,podocyte_PEC,Lineage1,Reference,15,15,0.6488305322128852,0.6666666666666666,0.5669642857142857,0.95,12,0.4780759977717884,0.4533261447751432,0.3216854725630956,0.5591407286880173,1.0,0.9569013558235862
Glomerular,podocyte_PEC,Lineage2,Acute Kidney Injury,37,37,0.3947232947232947,0.5,0.0,0.6,22,0.3899834398900551,0.3988358389379036,0.2483521246280167,0.5143095706206808,1.0,0.9706090425661436
Glomerular,podocyte_PEC,Lineage2,Chronic Kidney Disease,69,69,0.4458247066942719,0.5,0.0,1.0,40,0.4262190046048794,0.4110056001083012,0.2204321867284576,0.6417463535452299,1.0,0.9706090425661436
Glomerular,podocyte_PEC,Lineage2,Diabetes Mellitus - Resilient,11,11,0.1666666666666666,0.0,0.0,0.1666666666666666,3,0.6391856976683901,0.6873789920794421,0.5542825761518435,0.7481854663904626,1.0,0.9706090425661436
Glomerular,podocyte_PEC,Lineage2,Healthy Reference,68,68,0.2954686041083099,0.275,0.0,0.4444444444444444,38,0.3382390004345341,0.3182122236363289,0.1477514670629151,0.5047937182721695,1.0,0.9706090425661436
Glomerular,podocyte_PEC,Lineage2,Reference,15,15,0.4650887021475257,0.4,0.3333333333333333,0.6190476190476191,13,0.3296748700656803,0.2884496155232373,0.1818694421354399,0.4101184218578087,1.0,0.9706090425661436
Glomerular,podocyte_PEC,Lineage3,Acute Kidney Injury,37,37,0.4554697554697555,0.4,0.0,1.0,23,0.5908642350238822,0.6807044525338831,0.3480486222337053,0.7878417535903717,0.99,0.5300124169227636
Glomerular,podocyte_PEC,Lineage3,Chronic Kidney Disease,69,69,0.4799861973775016,0.5,0.0,1.0,46,0.5598957718781021,0.5812958867738837,0.3658338472051087,0.8361869210214413,0.99,0.5300124169227636
Glomerular,podocyte_PEC,Lineage3,Diabetes Mellitus - Resilient,11,11,0.5303030303030303,0.5,0.1666666666666666,1.0,8,0.5230576450533359,0.5149294559462354,0.4472764045494933,0.6358743668754095,0.99,0.5300124169227636
Glomerular,podocyte_PEC,Lineage3,Healthy Reference,68,68,0.5014122315592904,0.5,0.0833333333333333,1.0,51,0.4704579156148815,0.5139653656198842,0.2369446543806396,0.6525815538466857,0.99,0.5300124169227636
Glomerular,podocyte_PEC,Lineage3,Reference,15,15,0.4755726735138499,0.4444444444444444,0.3095238095238095,0.6625,13,0.4329069945833248,0.3996059325899646,0.2770124791327216,0.5276103894008536,0.99,0.5300124169227636
PT,PT,Lineage1,Acute Kidney Injury,40,40,0.3672098366047559,0.3660287081339712,0.1383928571428571,0.5856643356643357,34,0.2978522584588582,0.317260997381752,0.2101501658500517,0.3668667845793406,1.0,0.9934969350742048
PT,PT,Lineage1,Chronic Kidney Disease,84,84,0.5298237060829655,0.5798319327731092,0.3333333333333333,0.7014705882352941,78,0.2523328192867593,0.2555370850554235,0.1723157089259727,0.3177235145661882,1.0,0.9934969350742048
PT,PT,Lineage1,Diabetes Mellitus - Resilient,11,11,0.5738685966235293,0.5454545454545454,0.4807692307692307,0.7603174603174603,11,0.1261570822561215,0.0986737157045253,0.0797698356296838,0.1136634081525516,1.0,0.9934969350742048
PT,PT,Lineage1,Healthy Reference,71,71,0.4509614650500791,0.4166666666666667,0.2391598915989159,0.6499999999999999,68,0.206490347899807,0.1605415148741945,0.1073220326190317,0.2705374487889561,1.0,0.9934969350742048
PT,PT,Lineage1,Reference,16,16,0.5527954759094614,0.6813568376068376,0.3912059037289651,0.7357798165137615,14,0.2533538692479115,0.1783493503951261,0.124851484568372,0.3030934845018039,1.0,0.9934969350742048
PT,PT,Lineage10,Acute Kidney Injury,40,40,0.0675111192776784,0.0363756613756613,0.0,0.1111111111111111,22,0.6407670925209513,0.6457438677313424,0.5744245538279702,0.7667535694284706,0.9587628865979382,0.9591948756466192
PT,PT,Lineage10,Chronic Kidney Disease,84,84,0.1077737422619783,0.0784615384615384,0.0,0.1745524296675191,53,0.455756679669255,0.455410950333939,0.3467541408836805,0.5197181830783655,0.9587628865979382,0.9591948756466192
PT,PT,Lineage10,Diabetes Mellitus - Resilient,11,11,0.2123939432624662,0.2,0.1396103896103895,0.2619047619047618,11,0.3440891236503042,0.3052160364922344,0.2737575500748951,0.3418574550464546,0.9587628865979382,0.9591948756466192
PT,PT,Lineage10,Healthy Reference,71,71,0.1300004033829948,0.1206896551724138,0.0254381006218201,0.2062226391494684,54,0.3215839307423268,0.2819160335009862,0.1784476145375631,0.4070556104285813,0.9587628865979382,0.9591948756466192
PT,PT,Lineage10,Reference,16,16,0.1339385644314045,0.1393162393162393,0.0,0.2229268292682926,11,0.2558785637427413,0.2461437880103786,0.1849203244779222,0.2729291575570164,0.9587628865979382,0.9591948756466192
PT,PT,Lineage11,Acute Kidney Injury,40,40,0.0143939393939393,0.0,0.0,0.0,1,0.4391088734077627,0.4391088734077627,0.4391088734077627,0.4391088734077627,0.7010309278350515,0.7567238080495372
PT,PT,Lineage11,Chronic Kidney Disease,84,84,0.0541347773337771,0.0,0.0,0.0588235294117647,26,0.445718586816533,0.4466166643439336,0.4164320446011669,0.4808602095015296,0.7010309278350515,0.7567238080495372
PT,PT,Lineage11,Diabetes Mellitus - Resilient,11,11,0.1752559178891466,0.1515151515151515,0.0333333333333333,0.2833333333333333,8,0.4308718475403322,0.436428930937875,0.3991491786105425,0.4411270924928511,0.7010309278350515,0.7567238080495372
PT,PT,Lineage11,Healthy Reference,71,71,0.1185251554968653,0.0588235294117647,0.0,0.2076149425287355,40,0.4217412162985049,0.4542422463355519,0.3653909794696838,0.4910785075431107,0.7010309278350515,0.7567238080495372
PT,PT,Lineage11,Reference,16,16,0.1579038982539597,0.1542591918456498,0.0,0.2713888888888889,10,0.4518611958919941,0.4647832298988255,0.4226007185154268,0.487279187397946,0.7010309278350515,0.7567238080495372
PT,PT,Lineage2,Acute Kidney Injury,40,40,0.259161194700352,0.262531328320802,0.0755494505494505,0.3133223684210526,35,0.3651100151944919,0.3267147144623085,0.2710283840105016,0.4464260026013742,0.9896907216494846,0.9662518525839936
PT,PT,Lineage2,Chronic Kidney Disease,84,84,0.4311271162195127,0.4082491582491582,0.2935049019607842,0.5667701863354037,77,0.3882125629357589,0.3709093723821329,0.2167083635141166,0.5206682649523767,0.9896907216494846,0.9662518525839936
PT,PT,Lineage2,Diabetes Mellitus - Resilient,11,11,0.548179134570431,0.5757575757575758,0.4333333333333333,0.7238095238095238,11,0.2442777874798099,0.1932929780402889,0.1598061285990883,0.3240784800201012,0.9896907216494846,0.9662518525839936
PT,PT,Lineage2,Healthy Reference,71,71,0.3387852776563345,0.35,0.2033730158730158,0.4759001161440185,60,0.3331550704308976,0.3036033784450048,0.1991674938355616,0.453322423416499,0.9896907216494846,0.9662518525839936
PT,PT,Lineage2,Reference,16,16,0.4272445937626944,0.4769230769230769,0.2330645161290322,0.6291791044776119,14,0.3010891030481137,0.2698870960393064,0.1967682182219968,0.3764492661679944,0.9896907216494846,0.9662518525839936
PT,PT,Lineage3,Acute Kidney Injury,40,40,0.3346583369041712,0.3086080586080586,0.18125,0.4350042480883602,35,0.4357689487407171,0.4265035451423326,0.3058933418131503,0.546833974030111,0.9896907216494846,0.9669525812952102
PT,PT,Lineage3,Chronic Kidney Disease,84,84,0.4011034232301416,0.3726851851851851,0.2189819724284198,0.5487967914438503,75,0.3284248154606569,0.3260895945647704,0.1923112216830872,0.4267236835009189,0.9896907216494846,0.9669525812952102
PT,PT,Lineage3,Diabetes Mellitus - Resilient,11,11,0.5381179314057795,0.5714285714285714,0.4580459770114942,0.7095238095238094,11,0.2339803416269533,0.171688490651153,0.1453981156139514,0.2958027123302597,0.9896907216494846,0.9669525812952102
PT,PT,Lineage3,Healthy Reference,71,71,0.3348256175843875,0.36,0.1782570422535211,0.4703318152244632,62,0.2880262473204713,0.2358500134441802,0.1700904842763431,0.3740245298770406,0.9896907216494846,0.9669525812952102
PT,PT,Lineage3,Reference,16,16,0.4434580510443583,0.4833333333333333,0.2875,0.6217164179104477,14,0.3281113060328767,0.2448184291936894,0.1760022874745826,0.3759940037071605,0.9896907216494846,0.9669525812952102
PT,PT,Lineage4,Acute Kidney Injury,40,40,0.4134483600749717,0.4065934065934065,0.1346982758620689,0.6666666666666666,32,0.4194648682494862,0.4401105438139699,0.3767145021024051,0.4591710598647074,0.5773195876288659,0.3338714361670214
PT,PT,Lineage4,Chronic Kidney Disease,84,84,0.2352099703699485,0.1723223753976669,0.0,0.4216589861751151,56,0.3360691300899396,0.300203877296471,0.2313840825563777,0.428950218915176,0.5773195876288659,0.3338714361670214
PT,PT,Lineage4,Diabetes Mellitus - Resilient,11,11,0.4683584348529951,0.5151515151515151,0.357471264367816,0.6761904761904762,9,0.3703948558049306,0.3909271909742626,0.3373747642074152,0.3978320545865959,0.5773195876288659,0.3338714361670214
PT,PT,Lineage4,Healthy Reference,71,71,0.2552886582827097,0.2758620689655172,0.0392307692307692,0.3853609625668449,55,0.3676315040339243,0.3775858575614788,0.1979148181595645,0.4947007976306329,0.5773195876288659,0.3338714361670214
PT,PT,Lineage4,Reference,16,16,0.3265780827884716,0.3746091307066916,0.1124999999999999,0.475,12,0.4403521445584089,0.4229974186430594,0.3814665343193854,0.4981647347507125,0.5773195876288659,0.3338714361670214
PT,PT,Lineage5,Acute Kidney Injury,40,40,0.2666570849620564,0.2367724867724867,0.0818014705882352,0.4052631578947368,32,0.4677941889844349,0.4590139730795572,0.3817314321590149,0.5103676664131972,0.9896907216494846,0.9826330785116726
PT,PT,Lineage5,Chronic Kidney Disease,84,84,0.2727794207165667,0.2283549783549783,0.0494047619047619,0.4739089184060721,65,0.4023129205140959,0.2822632701045754,0.2385677355574562,0.5535996552057721,0.9896907216494846,0.9826330785116726
PT,PT,Lineage5,Diabetes Mellitus - Resilient,11,11,0.4823444488390089,0.5151515151515151,0.357471264367816,0.6761904761904762,10,0.2599570896748708,0.2150813224369516,0.1865623559297836,0.2303996034755091,0.9896907216494846,0.9826330785116726
PT,PT,Lineage5,Healthy Reference,71,71,0.2270683520788519,0.2222222222222222,0.0463157894736842,0.3436081121985672,56,0.2143652679322568,0.1888490789745769,0.1031176278599183,0.2807424596730556,0.9896907216494846,0.9826330785116726
PT,PT,Lineage5,Reference,16,16,0.3199451477296806,0.3344017094017094,0.0846774193548386,0.475,12,0.2601953065975625,0.24921173735866,0.1741943697427558,0.2755873653191514,0.9896907216494846,0.9826330785116726
PT,PT,Lineage6,Acute Kidney Injury,40,40,0.0544474186830003,0.0,0.0,0.0358851674641148,11,0.4665282531055487,0.5077808583418237,0.4613726570954917,0.5140607209025452,1.0,0.9819600103586548
PT,PT,Lineage6,Chronic Kidney Disease,84,84,0.1851584106656972,0.1277173913043477,0.0,0.2972222222222222,51,0.4383933207923814,0.4445991595848884,0.3672353408248389,0.5146583678108463,1.0,0.9819600103586548
PT,PT,Lineage6,Diabetes Mellitus - Resilient,11,11,0.4187421732691878,0.4571428571428571,0.3484848484848484,0.5444444444444445,11,0.3921402566505972,0.4027989261331567,0.336259231400063,0.4484793150088675,1.0,0.9819600103586548
PT,PT,Lineage6,Healthy Reference,71,71,0.3432346223408849,0.375,0.0,0.578021978021978,51,0.4706591636158637,0.4724680153576434,0.4082427221660198,0.5426407256328811,1.0,0.9819600103586548
PT,PT,Lineage6,Reference,16,16,0.3057113469830297,0.302015563209593,0.054032258064516,0.4772530329289428,13,0.4204708841050142,0.381078081561534,0.324948547378179,0.4413666261567616,1.0,0.9819600103586548
PT,PT,Lineage7,Acute Kidney Injury,40,40,0.0685608023787438,0.0,0.0,0.0587044534412955,12,0.425946836996867,0.3903292694137596,0.3813024758771646,0.4728244877650513,0.845360824742268,0.9523749305690636
PT,PT,Lineage7,Chronic Kidney Disease,84,84,0.3145150321024189,0.3,0.0,0.5054347826086957,57,0.514366737208664,0.5142546008904262,0.4334896269422424,0.602964688439387,0.845360824742268,0.9523749305690636
PT,PT,Lineage7,Diabetes Mellitus - Resilient,11,11,0.6543417039452444,0.7333333333333333,0.5578093306288032,0.7746031746031746,11,0.5298051831138566,0.528417181934092,0.4930328836467411,0.5845676709045922,0.845360824742268,0.9523749305690636
PT,PT,Lineage7,Healthy Reference,71,71,0.3653016437782613,0.4,0.0,0.5949197860962567,52,0.3855238871299254,0.4012912207879374,0.266067814780751,0.4961116277600685,0.845360824742268,0.9523749305690636
PT,PT,Lineage7,Reference,16,16,0.354589097916559,0.3096476025418833,0.0120967741935483,0.574375,12,0.4591617314563259,0.4902130184807868,0.3968079278518841,0.5477126206640471,0.845360824742268,0.9523749305690636
PT,PT,Lineage8,Acute Kidney Injury,40,40,0.1543911291231436,0.0894736842105263,0.0,0.2142857142857142,28,0.6295236707845112,0.6366689494966126,0.4726297509775752,0.8130160570511826,0.9690721649484536,0.9719748802611602
PT,PT,Lineage8,Chronic Kidney Disease,84,84,0.2025992623197479,0.1731634182908545,0.0373529411764705,0.2527173913043478,64,0.3919232527255983,0.3692623626449061,0.2941507847454683,0.4341353606369499,0.9690721649484536,0.9719748802611602
PT,PT,Lineage8,Diabetes Mellitus - Resilient,11,11,0.353181053789573,0.3793103448275862,0.315151515151515,0.4142857142857142,11,0.2463596476424885,0.2253504616500933,0.1872954484554137,0.2736669535545893,0.9690721649484536,0.9719748802611602
PT,PT,Lineage8,Healthy Reference,71,71,0.2228997980078627,0.2419354838709677,0.0854166666666666,0.32,57,0.3035643236180269,0.2394580562047878,0.1781147932350688,0.3671620895874254,0.9690721649484536,0.9719748802611602
PT,PT,Lineage8,Reference,16,16,0.19325211784098,0.1959410265744448,0.0507235453723243,0.3310397553516819,13,0.3009191465471944,0.2185606375165802,0.1744257307048264,0.3189449144957016,0.9690721649484536,0.9719748802611602
PT,PT,Lineage9,Acute Kidney Injury,40,40,0.0128787878787878,0.0,0.0,0.0,1,0.2119110620802559,0.2119110620802559,0.2119110620802559,0.2119110620802559,0.8556701030927835,0.8889416692803775
PT,PT,Lineage9,Chronic Kidney Disease,84,84,0.0260137240007992,0.0,0.0,0.0,13,0.1859964680988244,0.1665764402967347,0.1573069353420118,0.1772808715842813,0.8556701030927835,0.8889416692803775
PT,PT,Lineage9,Diabetes Mellitus - Resilient,11,11,0.0838628108220584,0.0909090909090909,0.0,0.1403940886699506,6,0.2271352421808487,0.1820893750305132,0.1704577764549549,0.2611573512610556,0.8556701030927835,0.8889416692803775
PT,PT,Lineage9,Healthy Reference,71,71,0.1270107645933113,0.0416666666666666,0.0,0.2208672086720867,36,0.2448240293918108,0.1718618227530198,0.1645860306280213,0.2963541620976275,0.8556701030927835,0.8889416692803775
PT,PT,Lineage9,Reference,16,16,0.1953579917878846,0.139271590764128,0.0,0.2425,10,0.2687733780313316,0.1719151772661667,0.1629977456906139,0.3372086277456854,0.8556701030927835,0.8889416692803775
