gene,comparison_id_join,comparison,deseq2_p_value,deseq2_q_value,is_de_primary_q_0_05,n_donors_group1,n_donors_group2,n_cells_group1,n_cells_group2
C1QA,ckd_vs_normal,chronic kidney disease vs normal,0.9117356392521974,0.9643695552872842,False,95,88,317266,908762
C1QB,ckd_vs_normal,chronic kidney disease vs normal,0.4706644531766475,0.7144715081787555,False,95,88,317266,908762
C1QC,ckd_vs_normal,chronic kidney disease vs normal,0.7493581653303518,0.8894460784831694,False,95,88,317266,908762
C1R,ckd_vs_normal,chronic kidney disease vs normal,0.9720523029446004,0.9892408213852608,False,95,88,317266,908762
C1S,ckd_vs_normal,chronic kidney disease vs normal,0.6472416855322081,0.8331110449725911,False,95,88,317266,908762
C2,ckd_vs_normal,chronic kidney disease vs normal,0.8763914469310722,0.948398845646907,False,95,88,317266,908762
C3,ckd_vs_normal,chronic kidney disease vs normal,0.001834470545361,0.0292702249021237,True,95,88,317266,908762
C3AR1,ckd_vs_normal,chronic kidney disease vs normal,0.300885427694508,0.5664869686695307,False,95,88,317266,908762
C4A,ckd_vs_normal,chronic kidney disease vs normal,0.9308902315843436,0.9732344180635316,False,95,88,317266,908762
C4B,ckd_vs_normal,chronic kidney disease vs normal,0.9509722430416504,0.9813928982774696,False,95,88,317266,908762
C4BPA,ckd_vs_normal,chronic kidney disease vs normal,0.5932366972196896,0.7994919275516679,False,95,88,317266,908762
C4BPB,ckd_vs_normal,chronic kidney disease vs normal,0.8362170528482609,0.9313415829698788,False,95,88,317266,908762
C5,ckd_vs_normal,chronic kidney disease vs normal,0.1593386254684983,0.4017104474424045,False,95,88,317266,908762
C5AR1,ckd_vs_normal,chronic kidney disease vs normal,0.3483515215803351,0.610659506439421,False,95,88,317266,908762
C5AR2,ckd_vs_normal,chronic kidney disease vs normal,0.2083048832485614,0.4648066284072097,False,95,88,317266,908762
C6,ckd_vs_normal,chronic kidney disease vs normal,0.0306770492811627,0.1637714808583346,False,95,88,317266,908762
C7,ckd_vs_normal,chronic kidney disease vs normal,0.8382960389001217,0.9323543069550172,False,95,88,317266,908762
C8A,ckd_vs_normal,chronic kidney disease vs normal,0.6411890354248198,0.829596256412859,False,95,88,317266,908762
C8B,ckd_vs_normal,chronic kidney disease vs normal,0.5512868196740011,0.7710793439193794,False,95,88,317266,908762
C8G,ckd_vs_normal,chronic kidney disease vs normal,0.8754087975616113,0.9480770584943112,False,95,88,317266,908762
C9,ckd_vs_normal,chronic kidney disease vs normal,0.1792352630658266,0.4281547966089611,False,95,88,317266,908762
CD46,ckd_vs_normal,chronic kidney disease vs normal,0.0149690510607014,0.1082610923685799,False,95,88,317266,908762
CD55,ckd_vs_normal,chronic kidney disease vs normal,0.0031836052887395,0.0428675455529994,True,95,88,317266,908762
CD59,ckd_vs_normal,chronic kidney disease vs normal,0.0999710144527487,0.3101646124317552,False,95,88,317266,908762
CFB,ckd_vs_normal,chronic kidney disease vs normal,0.6244885096719708,0.8191640932403307,False,95,88,317266,908762
CFD,ckd_vs_normal,chronic kidney disease vs normal,0.7519176395824032,0.8903737893358478,False,95,88,317266,908762
CFH,ckd_vs_normal,chronic kidney disease vs normal,0.8739497529750873,0.947791567830212,False,95,88,317266,908762
CFHR1,ckd_vs_normal,chronic kidney disease vs normal,0.0568063072741035,0.2287774741444543,False,95,88,317266,908762
CFHR2,ckd_vs_normal,chronic kidney disease vs normal,0.592746142559438,,False,95,88,317266,908762
CFHR3,ckd_vs_normal,chronic kidney disease vs normal,0.6088076958167393,0.8103998360822868,False,95,88,317266,908762
CFHR4,ckd_vs_normal,chronic kidney disease vs normal,0.1223183714002496,0.3458029669465948,False,95,88,317266,908762
CFHR5,ckd_vs_normal,chronic kidney disease vs normal,0.6826064170157595,0.8530701461318739,False,95,88,317266,908762
CFI,ckd_vs_normal,chronic kidney disease vs normal,0.6612318047370558,0.8412301942251534,False,95,88,317266,908762
CFP,ckd_vs_normal,chronic kidney disease vs normal,0.0242536453974101,0.1430072243498565,False,95,88,317266,908762
CR1,ckd_vs_normal,chronic kidney disease vs normal,0.1065150961620225,0.3212809537693911,False,95,88,317266,908762
CR2,ckd_vs_normal,chronic kidney disease vs normal,0.3851921687207075,0.6431032383173736,False,95,88,317266,908762
FCN1,ckd_vs_normal,chronic kidney disease vs normal,0.3110436224772507,0.5762250144224543,False,95,88,317266,908762
FCN2,ckd_vs_normal,chronic kidney disease vs normal,0.1470290730188366,0.384208341120076,False,95,88,317266,908762
FCN3,ckd_vs_normal,chronic kidney disease vs normal,0.2297841040724343,0.4896183499926633,False,95,88,317266,908762
ITGAM,ckd_vs_normal,chronic kidney disease vs normal,0.0134075222502803,0.1012700032545701,False,95,88,317266,908762
ITGAX,ckd_vs_normal,chronic kidney disease vs normal,0.0783084901108268,0.2721505146892681,False,95,88,317266,908762
MASP1,ckd_vs_normal,chronic kidney disease vs normal,0.0023624411787923,0.0348279758128786,True,95,88,317266,908762
MASP2,ckd_vs_normal,chronic kidney disease vs normal,0.06299676986838,0.2420982488775952,False,95,88,317266,908762
MBL2,ckd_vs_normal,chronic kidney disease vs normal,0.6437550813880848,,False,95,88,317266,908762
SERPING1,ckd_vs_normal,chronic kidney disease vs normal,0.4390836768746986,0.6891148392673723,False,95,88,317266,908762
VSIG4,ckd_vs_normal,chronic kidney disease vs normal,0.6046012312908646,0.8079274762863506,False,95,88,317266,908762
C1QA,aki_vs_normal,acute kidney injury vs normal,4.051304849021068e-07,9.398034586978737e-06,True,40,88,141533,908762
C1QB,aki_vs_normal,acute kidney injury vs normal,1.7014762057412943e-06,3.250760560252868e-05,True,40,88,141533,908762
C1QC,aki_vs_normal,acute kidney injury vs normal,1.7975497185393945e-06,3.410054243761396e-05,True,40,88,141533,908762
C1R,aki_vs_normal,acute kidney injury vs normal,8.799711456939049e-05,0.0009080247217282,True,40,88,141533,908762
C1S,aki_vs_normal,acute kidney injury vs normal,0.0076667454833468,0.0335059850079781,True,40,88,141533,908762
C2,aki_vs_normal,acute kidney injury vs normal,0.000333907971375,0.0027093899480324,True,40,88,141533,908762
C3,aki_vs_normal,acute kidney injury vs normal,8.662481380434549e-23,2.186987799180376e-19,True,40,88,141533,908762
C3AR1,aki_vs_normal,acute kidney injury vs normal,0.000111448333755,0.001102690633391,True,40,88,141533,908762
C4A,aki_vs_normal,acute kidney injury vs normal,7.40631056055587e-06,0.0001136109289835,True,40,88,141533,908762
C4B,aki_vs_normal,acute kidney injury vs normal,0.0004546496368496,0.0034791779232122,True,40,88,141533,908762
C4BPA,aki_vs_normal,acute kidney injury vs normal,0.6853437685026598,0.8084122299352453,False,40,88,141533,908762
C4BPB,aki_vs_normal,acute kidney injury vs normal,0.0011959215361368,0.0076196927147846,True,40,88,141533,908762
C5,aki_vs_normal,acute kidney injury vs normal,0.00031777626924,0.0026038138086327,True,40,88,141533,908762
C5AR1,aki_vs_normal,acute kidney injury vs normal,0.9803882048920356,0.9901273770054376,False,40,88,141533,908762
C5AR2,aki_vs_normal,acute kidney injury vs normal,0.2908961207342966,0.4736129016426402,False,40,88,141533,908762
C6,aki_vs_normal,acute kidney injury vs normal,0.0002260609045086,0.0019754084692803,True,40,88,141533,908762
C7,aki_vs_normal,acute kidney injury vs normal,0.8174834484026798,0.895098433366135,False,40,88,141533,908762
C8A,aki_vs_normal,acute kidney injury vs normal,0.4819038928807673,0.6545848207305958,False,40,88,141533,908762
C8B,aki_vs_normal,acute kidney injury vs normal,0.0237275329047096,0.0792506304616491,False,40,88,141533,908762
C8G,aki_vs_normal,acute kidney injury vs normal,0.7930354868063352,0.878395964459887,False,40,88,141533,908762
C9,aki_vs_normal,acute kidney injury vs normal,3.137650300033711e-06,5.4978746957675706e-05,True,40,88,141533,908762
CD46,aki_vs_normal,acute kidney injury vs normal,0.0215053364365327,0.0736436840376619,False,40,88,141533,908762
CD55,aki_vs_normal,acute kidney injury vs normal,0.0007533280172237,0.0052514555015672,True,40,88,141533,908762
CD59,aki_vs_normal,acute kidney injury vs normal,0.619048131739468,0.7624198625068918,False,40,88,141533,908762
CFB,aki_vs_normal,acute kidney injury vs normal,3.505189793789559e-09,1.5897190118659957e-07,True,40,88,141533,908762
CFD,aki_vs_normal,acute kidney injury vs normal,0.3804418139870297,0.5631163375293654,False,40,88,141533,908762
CFH,aki_vs_normal,acute kidney injury vs normal,0.0032890123907528,0.0171238905980835,True,40,88,141533,908762
CFHR1,aki_vs_normal,acute kidney injury vs normal,1.0529857912113317e-06,2.1281692815569374e-05,True,40,88,141533,908762
CFHR2,aki_vs_normal,acute kidney injury vs normal,0.2246089212703214,0.3986614259069457,False,40,88,141533,908762
CFHR3,aki_vs_normal,acute kidney injury vs normal,0.2933018559730468,0.4759694160672466,False,40,88,141533,908762
CFHR4,aki_vs_normal,acute kidney injury vs normal,1.0967877694267843e-06,2.2063932445254885e-05,True,40,88,141533,908762
CFHR5,aki_vs_normal,acute kidney injury vs normal,0.6899549327936466,0.8112265550477866,False,40,88,141533,908762
CFI,aki_vs_normal,acute kidney injury vs normal,9.748049527714392e-09,3.83907466521531e-07,True,40,88,141533,908762
CFP,aki_vs_normal,acute kidney injury vs normal,5.0836766553052146e-05,0.0005742545411973,True,40,88,141533,908762
CR1,aki_vs_normal,acute kidney injury vs normal,7.144494207523368e-05,0.0007651099205059,True,40,88,141533,908762
CR2,aki_vs_normal,acute kidney injury vs normal,0.7337142632752935,0.8406235041481032,False,40,88,141533,908762
FCN1,aki_vs_normal,acute kidney injury vs normal,2.74397741418274e-05,0.0003412624784075,True,40,88,141533,908762
FCN2,aki_vs_normal,acute kidney injury vs normal,0.9077474220963891,0.950707501636264,False,40,88,141533,908762
FCN3,aki_vs_normal,acute kidney injury vs normal,0.1547783069124897,0.3091892118040874,False,40,88,141533,908762
ITGAM,aki_vs_normal,acute kidney injury vs normal,7.99542082927725e-10,4.310129349533516e-08,True,40,88,141533,908762
ITGAX,aki_vs_normal,acute kidney injury vs normal,8.222542918445554e-12,8.415883792473866e-10,True,40,88,141533,908762
MASP1,aki_vs_normal,acute kidney injury vs normal,0.0454992756523373,0.1281679270258682,False,40,88,141533,908762
MASP2,aki_vs_normal,acute kidney injury vs normal,0.2047261997059235,0.374698540825872,False,40,88,141533,908762
MBL2,aki_vs_normal,acute kidney injury vs normal,0.7319983033112633,,False,40,88,141533,908762
SERPING1,aki_vs_normal,acute kidney injury vs normal,4.990297151795061e-06,8.123914159633702e-05,True,40,88,141533,908762
VSIG4,aki_vs_normal,acute kidney injury vs normal,0.0094056128168092,0.0393526371907267,True,40,88,141533,908762
C1QA,aki_vs_ckd,acute kidney injury vs chronic kidney disease,5.09116788341521e-05,0.0015491110019456,True,40,95,141533,317266
C1QB,aki_vs_ckd,acute kidney injury vs chronic kidney disease,3.1475648147323545e-05,0.0010860756579666,True,40,95,141533,317266
C1QC,aki_vs_ckd,acute kidney injury vs chronic kidney disease,1.8534452216213573e-06,0.0001352247009619,True,40,95,141533,317266
C1R,aki_vs_ckd,acute kidney injury vs chronic kidney disease,0.0066401632272884,0.049289868183225,True,40,95,141533,317266
C1S,aki_vs_ckd,acute kidney injury vs chronic kidney disease,0.010854811251949,0.0685688639022308,False,40,95,141533,317266
C2,aki_vs_ckd,acute kidney injury vs chronic kidney disease,1.0702953400973283e-05,0.0005047780397734,True,40,95,141533,317266
C3,aki_vs_ckd,acute kidney injury vs chronic kidney disease,2.2708869527740483e-10,2.2213479744339033e-07,True,40,95,141533,317266
C3AR1,aki_vs_ckd,acute kidney injury vs chronic kidney disease,0.0025978409810174,0.0255441467422382,True,40,95,141533,317266
C4A,aki_vs_ckd,acute kidney injury vs chronic kidney disease,7.097718264151089e-05,0.0019877867225963,True,40,95,141533,317266
C4B,aki_vs_ckd,acute kidney injury vs chronic kidney disease,0.0019041491261817,0.020670153132588,True,40,95,141533,317266
C4BPA,aki_vs_ckd,acute kidney injury vs chronic kidney disease,0.7936693567672011,0.8992624953827145,False,40,95,141533,317266
C4BPB,aki_vs_ckd,acute kidney injury vs chronic kidney disease,0.6941668630386242,0.8426398207662971,False,40,95,141533,317266
C5,aki_vs_ckd,acute kidney injury vs chronic kidney disease,0.3466625324467084,0.5890932453718771,False,40,95,141533,317266
C5AR1,aki_vs_ckd,acute kidney injury vs chronic kidney disease,0.0723261196745563,0.232895043492405,False,40,95,141533,317266
C5AR2,aki_vs_ckd,acute kidney injury vs chronic kidney disease,0.0136684940007736,0.0799908254053698,False,40,95,141533,317266
C6,aki_vs_ckd,acute kidney injury vs chronic kidney disease,0.7877246054281389,0.8961703447754717,False,40,95,141533,317266
C7,aki_vs_ckd,acute kidney injury vs chronic kidney disease,0.6379652792750474,0.8081199516035145,False,40,95,141533,317266
C8A,aki_vs_ckd,acute kidney injury vs chronic kidney disease,0.1937102209204456,0.4251708339341719,False,40,95,141533,317266
C8B,aki_vs_ckd,acute kidney injury vs chronic kidney disease,0.1635138086892175,,False,40,95,141533,317266
C8G,aki_vs_ckd,acute kidney injury vs chronic kidney disease,0.265454127424984,0.5075587460668394,False,40,95,141533,317266
C9,aki_vs_ckd,acute kidney injury vs chronic kidney disease,0.0359646556355389,0.1510696722305224,False,40,95,141533,317266
CD46,aki_vs_ckd,acute kidney injury vs chronic kidney disease,0.059697379086297,0.2074016678569048,False,40,95,141533,317266
CD55,aki_vs_ckd,acute kidney injury vs chronic kidney disease,0.1480463726974314,0.3628504240196926,False,40,95,141533,317266
CD59,aki_vs_ckd,acute kidney injury vs chronic kidney disease,0.5066661798128813,0.7203480019675277,False,40,95,141533,317266
CFB,aki_vs_ckd,acute kidney injury vs chronic kidney disease,8.935536719015934e-09,2.7441448870456953e-06,True,40,95,141533,317266
CFD,aki_vs_ckd,acute kidney injury vs chronic kidney disease,0.9484454444896724,0.9760898037804132,False,40,95,141533,317266
CFH,aki_vs_ckd,acute kidney injury vs chronic kidney disease,0.0072466612146017,0.0520105934815637,False,40,95,141533,317266
CFHR1,aki_vs_ckd,acute kidney injury vs chronic kidney disease,0.1764990272507524,0.4025836262820296,False,40,95,141533,317266
CFHR2,aki_vs_ckd,acute kidney injury vs chronic kidney disease,0.1056182513479688,,False,40,95,141533,317266
CFHR3,aki_vs_ckd,acute kidney injury vs chronic kidney disease,0.6067042568693289,0.7893320445299592,False,40,95,141533,317266
CFHR4,aki_vs_ckd,acute kidney injury vs chronic kidney disease,0.0766436689426002,0.2422493945001215,False,40,95,141533,317266
CFHR5,aki_vs_ckd,acute kidney injury vs chronic kidney disease,0.2608443492208935,,False,40,95,141533,317266
CFI,aki_vs_ckd,acute kidney injury vs chronic kidney disease,2.718167960401934e-07,3.339048093124441e-05,True,40,95,141533,317266
CFP,aki_vs_ckd,acute kidney injury vs chronic kidney disease,0.0131736926710988,0.078000702362468,False,40,95,141533,317266
CR1,aki_vs_ckd,acute kidney injury vs chronic kidney disease,0.0100631980706767,0.0650940789234982,False,40,95,141533,317266
CR2,aki_vs_ckd,acute kidney injury vs chronic kidney disease,0.7348337616848721,0.8665451245640198,False,40,95,141533,317266
FCN1,aki_vs_ckd,acute kidney injury vs chronic kidney disease,8.026401486306988e-06,0.000413226685487,True,40,95,141533,317266
FCN2,aki_vs_ckd,acute kidney injury vs chronic kidney disease,0.5031957284569978,,False,40,95,141533,317266
FCN3,aki_vs_ckd,acute kidney injury vs chronic kidney disease,0.3094302353341344,0.5525796952090098,False,40,95,141533,317266
ITGAM,aki_vs_ckd,acute kidney injury vs chronic kidney disease,0.0022657426891999,0.0233296413896528,True,40,95,141533,317266
ITGAX,aki_vs_ckd,acute kidney injury vs chronic kidney disease,0.001792301676542,0.0198809238047678,True,40,95,141533,317266
MASP1,aki_vs_ckd,acute kidney injury vs chronic kidney disease,0.6961085844461778,0.8433451295324772,False,40,95,141533,317266
MASP2,aki_vs_ckd,acute kidney injury vs chronic kidney disease,0.5490693726826448,0.7509046811268295,False,40,95,141533,317266
MBL2,aki_vs_ckd,acute kidney injury vs chronic kidney disease,0.5798062412619934,,False,40,95,141533,317266
SERPING1,aki_vs_ckd,acute kidney injury vs chronic kidney disease,2.636035454983133e-05,0.0009656079389952,True,40,95,141533,317266
VSIG4,aki_vs_ckd,acute kidney injury vs chronic kidney disease,0.0045042084864003,0.0377652858204193,True,40,95,141533,317266
