compartment,trajectory,sensitivity_root_subclass,sensitivity_original_root_cluster,sensitivity_mapped_root_cluster,primary_lineage,sensitivity_lineage,primary_terminal,sensitivity_terminal,match_method,path_jaccard,spearman_rho,n_overlap
PT,PT,PT-S1,13,8,Lineage1,Lineage1,33,33,terminal_cluster,0.9333333333333332,0.9765473725027392,3022
PT,PT,PT-S1,13,8,Lineage2,Lineage2,3,3,terminal_cluster,0.9166666666666666,0.9503706495352108,2527
PT,PT,PT-S1,13,8,Lineage3,Lineage3,13,13,terminal_cluster,0.9166666666666666,0.9539818168508096,2610
PT,PT,PT-S1,13,8,Lineage4,Lineage4,29,29,terminal_cluster,0.9090909090909092,0.1813070987626296,2492
PT,PT,PT-S1,13,8,Lineage5,Lineage5,27,27,terminal_cluster,0.9,0.9767202588723306,2060
PT,PT,PT-S1,13,8,Lineage6,Lineage6,0,0,terminal_cluster,0.8888888888888888,0.996502893130878,1964
PT,PT,PT-S1,13,8,Lineage7,Lineage7,23,23,terminal_cluster,0.875,0.9468421149578116,2222
PT,PT,PT-S1,13,8,Lineage8,Lineage8,26,26,terminal_cluster,0.8571428571428571,0.9961306748577607,1519
PT,PT,PT-S1,13,8,Lineage10,Lineage9,25,25,terminal_cluster,0.75,0.9893786939862466,1001
PT,PT,PT-S1,13,8,Lineage11,Lineage10,16,16,terminal_cluster,0.6666666666666666,0.4894093913981666,836
PT,PT,PT-S1,13,8,Lineage9,Lineage11,1,1,terminal_cluster,0.6666666666666666,0.978106362438174,809
PT,PT,PT-S3,15,11,Lineage1,Lineage1,33,33,terminal_cluster,0.6842105263157895,0.9822270214425708,2734
PT,PT,PT-S3,15,11,Lineage2,Lineage2,3,3,terminal_cluster,0.625,0.9795015386336312,2272
PT,PT,PT-S3,15,11,Lineage3,Lineage3,13,13,terminal_cluster,0.625,0.97995833448619,2321
PT,PT,PT-S3,15,11,Lineage4,Lineage4,29,29,terminal_cluster,0.6,0.360642774412401,2193
PT,PT,PT-S3,15,11,Lineage5,Lineage5,27,27,terminal_cluster,0.5714285714285714,0.9794523030023397,1925
PT,PT,PT-S3,15,11,Lineage9,Lineage6,1,1,terminal_cluster,0.3333333333333333,0.9489552380361044,936
PT,PT,PT-S3,15,11,Lineage11,Lineage7,16,16,terminal_cluster,0.25,0.7306088149327273,790
PT,PT,PT-S3,15,11,Lineage10,Lineage8,25,25,terminal_cluster,0.25,0.9236024120788732,814
PT,PT,PT-S3,15,11,Lineage8,Lineage9,26,26,terminal_cluster,0.25,0.9984413540467836,947
PT,PT,PT-S3,15,11,Lineage7,Lineage10,23,23,terminal_cluster,0.25,0.6008140921323751,1232
PT,PT,PT-S3,15,11,Lineage6,Lineage11,0,0,terminal_cluster,0.25,0.9904398892537484,933
FIB,contractile,C-FIB,1,8,Lineage1,Lineage1,0,0,terminal_cluster,0.8888888888888888,0.9910653187689974,291
FIB,contractile,C-FIB,1,8,Lineage2,Lineage2,1,1,terminal_cluster,0.8888888888888888,-0.2438825015492917,298
FIB,contractile,C-FIB,1,8,Lineage3,Lineage3,2,2,terminal_cluster,0.8888888888888888,0.4674436599252096,296
FIB,contractile,C-FIB,1,8,Lineage4,Lineage4,10,10,terminal_cluster,0.8571428571428571,0.9972877078945956,231
FIB,contractile,C-FIB,1,8,Lineage6,Lineage5,7,7,terminal_cluster,0.6666666666666666,0.8792182667442574,106
FIB,outer_medullary,OM-FIB,6,3,Lineage1,Lineage1,2,1,path_jaccard,0.7777777777777778,-0.8024414569674276,222
FIB,outer_medullary,OM-FIB,6,3,Lineage2,Lineage2,7,7,terminal_cluster,0.25,0.879353419130028,54
FIB,outer_medullary,OM-FIB,6,3,Lineage1,Lineage3,2,2,terminal_cluster,0.3333333333333333,0.9101316911983603,72
FIB,outer_medullary,OM-FIB,15,6,Lineage1,Lineage1,2,2,terminal_cluster,0.6666666666666666,0.9310956881730268,173
FIB,outer_medullary,OM-FIB,15,6,Lineage2,Lineage2,7,1,path_jaccard,0.8,-0.976094118665506,127
FIB,outer_medullary,OM-FIB,15,6,Lineage2,Lineage3,7,7,terminal_cluster,0.4,0.838623673822722,65
Glomerular,podocyte_PEC,POD,0,0,Lineage1,Lineage1,10,10,terminal_cluster,0.9,0.9973298514170132,408
Glomerular,podocyte_PEC,POD,0,0,Lineage3,Lineage2,8,8,terminal_cluster,0.8333333333333334,0.4273124769609439,251
Glomerular,podocyte_PEC,POD,0,0,Lineage2,Lineage3,1,1,terminal_cluster,0.8,0.567456625020367,169
Glomerular,podocyte_PEC,POD,11,11,Lineage1,Lineage1,10,10,terminal_cluster,0.8888888888888888,0.9988742438169538,339
Glomerular,podocyte_PEC,POD,11,11,Lineage2,Lineage2,1,1,terminal_cluster,0.8333333333333334,0.988938460298398,234
Glomerular,podocyte_PEC,POD,11,11,Lineage3,Lineage3,8,8,terminal_cluster,0.8,0.9755273680176312,199
Glomerular,endothelial_mesangial,EC-GC,1,0,Lineage4,Lineage1,10,10,terminal_cluster,0.375,0.8342913532979144,78
Glomerular,endothelial_mesangial,EC-GC,1,0,Lineage1,Lineage2,4,4,terminal_cluster,0.375,0.9995065275729386,109
Glomerular,endothelial_mesangial,EC-GC,1,0,Lineage3,Lineage3,6,6,terminal_cluster,0.2857142857142857,0.9993406116108112,117
Glomerular,endothelial_mesangial,EC-GC,10,5,Lineage4,Lineage1,10,10,terminal_cluster,0.4285714285714285,0.953364996732111,78
Glomerular,endothelial_mesangial,EC-GC,10,5,Lineage1,Lineage2,4,4,terminal_cluster,0.4285714285714285,0.9934341072159796,55
Glomerular,endothelial_mesangial,EC-GC,10,5,Lineage2,Lineage3,0,0,terminal_cluster,0.3333333333333333,0.3916920326440492,73
Glomerular,endothelial_mesangial,EC-GC,10,5,Lineage3,Lineage4,6,6,terminal_cluster,0.3333333333333333,0.9349483185798948,67
