compartment,trajectory,lineage,n_donors,n_donors_finite_weighted_pseudotime,fraction_donors_finite_weighted_pseudotime,n_donors_positive_lineage_support,fraction_donors_positive_lineage_support,median_metacells_per_donor,median_lineage_weight_sum,median_lineage_effective_metacells,robustness_match_fraction,robustness_spearman_median,robustness_spearman_q05
FIB,contractile,Lineage1,200,138,0.69,138,0.69,2.0,1.0,1.0,1.0,0.967451832261534,0.888837486837857
FIB,contractile,Lineage2,200,141,0.705,141,0.705,2.0,1.0,1.0,0.41,0.3326610664085115,-0.4711735185450718
FIB,contractile,Lineage3,200,135,0.675,135,0.675,2.0,1.0,1.0,0.99,0.9279245769920388,0.7713670679086668
FIB,contractile,Lineage4,200,93,0.465,93,0.465,2.0,0.0,0.0,0.85,0.7171717523137352,0.03506441293431
FIB,contractile,Lineage5,200,36,0.18,36,0.18,2.0,0.0,0.0,0.96,0.9544057487278168,0.8380510317899472
FIB,contractile,Lineage6,200,29,0.145,29,0.145,2.0,0.0,0.0,0.4,0.4794891752906818,-0.7654061170687154
FIB,outer_medullary,Lineage1,61,57,0.9344262295081968,57,0.9344262295081968,2.0,2.0,2.0,1.0,0.9869294180465916,0.9589790451392668
FIB,outer_medullary,Lineage2,61,32,0.5245901639344263,32,0.5245901639344263,2.0,1.0,1.0,1.0,0.9918824215252988,0.94289838458206
Glomerular,endothelial_mesangial,Lineage1,133,94,0.706766917293233,94,0.706766917293233,1.0,1.0,1.0,1.0,0.9697396603885624,0.7901658372333197
Glomerular,endothelial_mesangial,Lineage2,133,81,0.6090225563909775,81,0.6090225563909775,1.0,0.684190742066069,1.0,0.55,0.2752385546078828,-0.0428032234094718
Glomerular,endothelial_mesangial,Lineage3,133,117,0.8796992481203008,117,0.8796992481203008,1.0,1.0,1.0,1.0,0.9912040368614716,0.8566331659645343
Glomerular,endothelial_mesangial,Lineage4,133,32,0.2406015037593984,32,0.2406015037593984,1.0,0.0,0.0,0.91,0.970035900614194,0.7130215094255472
Glomerular,podocyte_PEC,Lineage1,200,146,0.73,146,0.73,2.0,1.0,1.0,1.0,0.9569013558235862,0.7722847563799451
Glomerular,podocyte_PEC,Lineage2,200,116,0.58,116,0.58,2.0,1.0,1.0,1.0,0.9706090425661436,0.854659611666671
Glomerular,podocyte_PEC,Lineage3,200,141,0.705,141,0.705,2.0,1.0,1.0,0.99,0.5300124169227636,0.3223240241994038
PT,PT,Lineage1,222,205,0.9234234234234234,205,0.9234234234234234,19.5,5.752242777220952,6.589871856925816,1.0,0.9934969350742048,0.8919259487233593
PT,PT,Lineage10,222,151,0.6801801801801802,151,0.6801801801801802,19.5,1.9446650164601784,1.9997311515866265,0.9587628865979382,0.9591948756466192,0.7608870883095796
PT,PT,Lineage11,222,85,0.3828828828828828,85,0.3828828828828828,19.5,0.0,0.0,0.7010309278350515,0.7567238080495372,-0.0802891173165392
PT,PT,Lineage2,222,197,0.8873873873873874,197,0.8873873873873874,19.5,5.01399016043513,5.7329517780024695,0.9896907216494846,0.9662518525839936,0.5998290008876874
PT,PT,Lineage3,222,197,0.8873873873873874,197,0.8873873873873874,19.5,4.70035357632553,5.0,0.9896907216494846,0.9669525812952102,0.6552198918576664
PT,PT,Lineage4,222,164,0.7387387387387387,164,0.7387387387387387,19.5,3.890567611041111,4.26704459375485,0.5773195876288659,0.3338714361670214,-0.2446149238938639
PT,PT,Lineage5,222,175,0.7882882882882883,175,0.7882882882882883,19.5,3.234309968937369,3.955783018682723,0.9896907216494846,0.9826330785116726,0.5923228819609154
PT,PT,Lineage6,222,137,0.6171171171171171,137,0.6171171171171171,19.5,1.3211583881598117,1.9972893128874296,1.0,0.9819600103586548,0.868584140640096
PT,PT,Lineage7,222,144,0.6486486486486487,144,0.6486486486486487,19.5,3.0,3.2022182875103127,0.845360824742268,0.9523749305690636,0.6766285461753472
PT,PT,Lineage8,222,173,0.7792792792792793,173,0.7792792792792793,19.5,3.0,3.0,0.9690721649484536,0.9719748802611602,0.8026658118423097
PT,PT,Lineage9,222,66,0.2972972972972973,66,0.2972972972972973,19.5,0.0,0.0,0.8556701030927835,0.8889416692803775,0.3464183380628481
