compartment,trajectory,lineage,module,n_genes_total,n_genes_joint_fdr,fraction_joint_fdr,median_late_minus_early,mean_abs_late_minus_early,n_donor_supported
FIB,contractile,Lineage1,alternative,4,2,0.5,0.8130434650406746,0.8130434650406746,0
FIB,contractile,Lineage1,cfhr,5,0,0.0,,,0
FIB,contractile,Lineage1,classical,10,0,0.0,,,0
FIB,contractile,Lineage1,lectin,6,0,0.0,,,0
FIB,contractile,Lineage1,receptor,8,0,0.0,,,0
FIB,contractile,Lineage1,regulator,6,1,0.16666666666666666,0.2958388901346113,0.2958388901346113,0
FIB,contractile,Lineage1,terminal,7,0,0.0,,,0
FIB,contractile,Lineage2,alternative,4,0,0.0,,,0
FIB,contractile,Lineage2,cfhr,5,0,0.0,,,0
FIB,contractile,Lineage2,classical,10,0,0.0,,,0
FIB,contractile,Lineage2,lectin,6,0,0.0,,,0
FIB,contractile,Lineage2,receptor,8,0,0.0,,,0
FIB,contractile,Lineage2,regulator,6,0,0.0,,,0
FIB,contractile,Lineage2,terminal,7,0,0.0,,,0
FIB,contractile,Lineage3,alternative,4,0,0.0,,,0
FIB,contractile,Lineage3,cfhr,5,0,0.0,,,0
FIB,contractile,Lineage3,classical,10,0,0.0,,,0
FIB,contractile,Lineage3,lectin,6,0,0.0,,,0
FIB,contractile,Lineage3,receptor,8,0,0.0,,,0
FIB,contractile,Lineage3,regulator,6,1,0.16666666666666666,0.2834974211691712,0.2834974211691712,0
FIB,contractile,Lineage3,terminal,7,0,0.0,,,0
FIB,contractile,Lineage4,alternative,4,0,0.0,,,0
FIB,contractile,Lineage4,cfhr,5,0,0.0,,,0
FIB,contractile,Lineage4,classical,10,0,0.0,,,0
FIB,contractile,Lineage4,lectin,6,0,0.0,,,0
FIB,contractile,Lineage4,receptor,8,0,0.0,,,0
FIB,contractile,Lineage4,regulator,6,1,0.16666666666666666,-0.7330496545476426,0.7330496545476426,0
FIB,contractile,Lineage4,terminal,7,1,0.14285714285714285,0.1228555421206714,0.1228555421206714,0
FIB,contractile,Lineage5,alternative,4,0,0.0,,,0
FIB,contractile,Lineage5,cfhr,5,0,0.0,,,0
FIB,contractile,Lineage5,classical,10,0,0.0,,,0
FIB,contractile,Lineage5,lectin,6,0,0.0,,,0
FIB,contractile,Lineage5,receptor,8,0,0.0,,,0
FIB,contractile,Lineage5,regulator,6,0,0.0,,,0
FIB,contractile,Lineage5,terminal,7,0,0.0,,,0
FIB,contractile,Lineage6,alternative,4,0,0.0,,,0
FIB,contractile,Lineage6,cfhr,5,0,0.0,,,0
FIB,contractile,Lineage6,classical,10,0,0.0,,,0
FIB,contractile,Lineage6,lectin,6,0,0.0,,,0
FIB,contractile,Lineage6,receptor,8,0,0.0,,,0
FIB,contractile,Lineage6,regulator,6,0,0.0,,,0
FIB,contractile,Lineage6,terminal,7,0,0.0,,,0
FIB,outer_medullary,Lineage1,alternative,4,1,0.25,0.3311497111940696,0.3311497111940696,0
FIB,outer_medullary,Lineage1,cfhr,5,0,0.0,,,0
FIB,outer_medullary,Lineage1,classical,10,2,0.2,0.5967036603195304,0.5967036603195304,0
FIB,outer_medullary,Lineage1,lectin,6,0,0.0,,,0
FIB,outer_medullary,Lineage1,receptor,8,0,0.0,,,0
FIB,outer_medullary,Lineage1,regulator,6,2,0.3333333333333333,0.33514007705461424,0.7475250391277828,0
FIB,outer_medullary,Lineage1,terminal,7,0,0.0,,,0
FIB,outer_medullary,Lineage2,alternative,4,0,0.0,,,0
FIB,outer_medullary,Lineage2,cfhr,5,0,0.0,,,0
FIB,outer_medullary,Lineage2,classical,10,0,0.0,,,0
FIB,outer_medullary,Lineage2,lectin,6,0,0.0,,,0
FIB,outer_medullary,Lineage2,receptor,8,0,0.0,,,0
FIB,outer_medullary,Lineage2,regulator,6,0,0.0,,,0
FIB,outer_medullary,Lineage2,terminal,7,0,0.0,,,0
Glomerular,endothelial_mesangial,Lineage1,alternative,4,0,0.0,,,0
Glomerular,endothelial_mesangial,Lineage1,cfhr,5,0,0.0,,,0
Glomerular,endothelial_mesangial,Lineage1,classical,10,0,0.0,,,0
Glomerular,endothelial_mesangial,Lineage1,lectin,6,0,0.0,,,0
Glomerular,endothelial_mesangial,Lineage1,receptor,8,0,0.0,,,0
Glomerular,endothelial_mesangial,Lineage1,regulator,6,0,0.0,,,0
Glomerular,endothelial_mesangial,Lineage1,terminal,7,1,0.14285714285714285,0.1423662535278163,0.1423662535278163,0
Glomerular,endothelial_mesangial,Lineage2,alternative,4,0,0.0,,,0
Glomerular,endothelial_mesangial,Lineage2,cfhr,5,0,0.0,,,0
Glomerular,endothelial_mesangial,Lineage2,classical,10,0,0.0,,,0
Glomerular,endothelial_mesangial,Lineage2,lectin,6,1,0.16666666666666666,0.8024514697826259,0.8024514697826259,0
Glomerular,endothelial_mesangial,Lineage2,receptor,8,0,0.0,,,0
Glomerular,endothelial_mesangial,Lineage2,regulator,6,0,0.0,,,0
Glomerular,endothelial_mesangial,Lineage2,terminal,7,0,0.0,,,0
Glomerular,endothelial_mesangial,Lineage3,alternative,4,0,0.0,,,0
Glomerular,endothelial_mesangial,Lineage3,cfhr,5,0,0.0,,,0
Glomerular,endothelial_mesangial,Lineage3,classical,10,0,0.0,,,0
Glomerular,endothelial_mesangial,Lineage3,lectin,6,0,0.0,,,0
Glomerular,endothelial_mesangial,Lineage3,receptor,8,1,0.125,0.2861245430842604,0.2861245430842604,0
Glomerular,endothelial_mesangial,Lineage3,regulator,6,2,0.3333333333333333,0.37283361582802577,0.37283361582802577,0
Glomerular,endothelial_mesangial,Lineage3,terminal,7,0,0.0,,,0
Glomerular,endothelial_mesangial,Lineage4,alternative,4,0,0.0,,,0
Glomerular,endothelial_mesangial,Lineage4,cfhr,5,0,0.0,,,0
Glomerular,endothelial_mesangial,Lineage4,classical,10,0,0.0,,,0
Glomerular,endothelial_mesangial,Lineage4,lectin,6,0,0.0,,,0
Glomerular,endothelial_mesangial,Lineage4,receptor,8,0,0.0,,,0
Glomerular,endothelial_mesangial,Lineage4,regulator,6,0,0.0,,,0
Glomerular,endothelial_mesangial,Lineage4,terminal,7,0,0.0,,,0
Glomerular,podocyte_PEC,Lineage1,alternative,4,0,0.0,,,0
Glomerular,podocyte_PEC,Lineage1,cfhr,5,0,0.0,,,0
Glomerular,podocyte_PEC,Lineage1,classical,10,0,0.0,,,0
Glomerular,podocyte_PEC,Lineage1,lectin,6,0,0.0,,,0
Glomerular,podocyte_PEC,Lineage1,receptor,8,1,0.125,-1.5733889103557177,1.5733889103557177,0
Glomerular,podocyte_PEC,Lineage1,regulator,6,0,0.0,,,0
Glomerular,podocyte_PEC,Lineage1,terminal,7,0,0.0,,,0
Glomerular,podocyte_PEC,Lineage2,alternative,4,0,0.0,,,0
Glomerular,podocyte_PEC,Lineage2,cfhr,5,0,0.0,,,0
Glomerular,podocyte_PEC,Lineage2,classical,10,1,0.1,0.460593368186013,0.460593368186013,0
Glomerular,podocyte_PEC,Lineage2,lectin,6,0,0.0,,,0
Glomerular,podocyte_PEC,Lineage2,receptor,8,0,0.0,,,0
Glomerular,podocyte_PEC,Lineage2,regulator,6,1,0.16666666666666666,0.3368044633657912,0.3368044633657912,0
Glomerular,podocyte_PEC,Lineage2,terminal,7,0,0.0,,,0
Glomerular,podocyte_PEC,Lineage3,alternative,4,0,0.0,,,0
Glomerular,podocyte_PEC,Lineage3,cfhr,5,0,0.0,,,0
Glomerular,podocyte_PEC,Lineage3,classical,10,0,0.0,,,0
Glomerular,podocyte_PEC,Lineage3,lectin,6,0,0.0,,,0
Glomerular,podocyte_PEC,Lineage3,receptor,8,0,0.0,,,0
Glomerular,podocyte_PEC,Lineage3,regulator,6,0,0.0,,,0
Glomerular,podocyte_PEC,Lineage3,terminal,7,0,0.0,,,0
PT,PT,Lineage1,alternative,4,3,0.75,0.0946067213223571,0.10065742746364459,0
PT,PT,Lineage1,cfhr,5,0,0.0,,,0
PT,PT,Lineage1,classical,10,4,0.4,-0.0085781957280041,0.016646621965212275,0
PT,PT,Lineage1,lectin,6,1,0.16666666666666666,-0.0422913719270436,0.0422913719270436,0
PT,PT,Lineage1,receptor,8,3,0.375,-0.0112903519142149,0.11681787218845208,0
PT,PT,Lineage1,regulator,6,5,0.8333333333333334,-0.0096583913311264,0.17115734450120484,0
PT,PT,Lineage1,terminal,7,5,0.7142857142857143,-0.1028502343985113,0.09169350683910744,0
PT,PT,Lineage10,alternative,4,0,0.0,,,0
PT,PT,Lineage10,cfhr,5,0,0.0,,,0
PT,PT,Lineage10,classical,10,0,0.0,,,0
PT,PT,Lineage10,lectin,6,0,0.0,,,0
PT,PT,Lineage10,receptor,8,0,0.0,,,0
PT,PT,Lineage10,regulator,6,0,0.0,,,0
PT,PT,Lineage10,terminal,7,0,0.0,,,0
PT,PT,Lineage11,alternative,4,0,0.0,,,0
PT,PT,Lineage11,cfhr,5,0,0.0,,,0
PT,PT,Lineage11,classical,10,0,0.0,,,0
PT,PT,Lineage11,lectin,6,0,0.0,,,0
PT,PT,Lineage11,receptor,8,0,0.0,,,0
PT,PT,Lineage11,regulator,6,0,0.0,,,0
PT,PT,Lineage11,terminal,7,0,0.0,,,0
PT,PT,Lineage2,alternative,4,0,0.0,,,0
PT,PT,Lineage2,cfhr,5,0,0.0,,,0
PT,PT,Lineage2,classical,10,2,0.2,-0.07431432249099229,0.07431432249099229,2
PT,PT,Lineage2,lectin,6,0,0.0,,,0
PT,PT,Lineage2,receptor,8,1,0.125,-0.0935130410584337,0.0935130410584337,1
PT,PT,Lineage2,regulator,6,2,0.3333333333333333,0.08906583946963391,0.08906583946963391,1
PT,PT,Lineage2,terminal,7,1,0.14285714285714285,0.0119354787440369,0.0119354787440369,0
PT,PT,Lineage3,alternative,4,2,0.5,0.5628494666632183,0.5628494666632183,2
PT,PT,Lineage3,cfhr,5,0,0.0,,,0
PT,PT,Lineage3,classical,10,1,0.1,0.1662729639901365,0.1662729639901365,1
PT,PT,Lineage3,lectin,6,1,0.16666666666666666,-0.051705804981672,0.051705804981672,1
PT,PT,Lineage3,receptor,8,1,0.125,0.0062221115871297,0.0062221115871297,0
PT,PT,Lineage3,regulator,6,1,0.16666666666666666,0.3436789917156971,0.3436789917156971,1
PT,PT,Lineage3,terminal,7,2,0.2857142857142857,-0.0591751298283682,0.0852030225125606,1
PT,PT,Lineage4,alternative,4,0,0.0,,,0
PT,PT,Lineage4,cfhr,5,0,0.0,,,0
PT,PT,Lineage4,classical,10,0,0.0,,,0
PT,PT,Lineage4,lectin,6,0,0.0,,,0
PT,PT,Lineage4,receptor,8,0,0.0,,,0
PT,PT,Lineage4,regulator,6,0,0.0,,,0
PT,PT,Lineage4,terminal,7,0,0.0,,,0
PT,PT,Lineage5,alternative,4,1,0.25,0.0900025656107809,0.0900025656107809,0
PT,PT,Lineage5,cfhr,5,0,0.0,,,0
PT,PT,Lineage5,classical,10,0,0.0,,,0
PT,PT,Lineage5,lectin,6,0,0.0,,,0
PT,PT,Lineage5,receptor,8,1,0.125,0.1249191545576768,0.1249191545576768,0
PT,PT,Lineage5,regulator,6,1,0.16666666666666666,0.0680101957750479,0.0680101957750479,0
PT,PT,Lineage5,terminal,7,1,0.14285714285714285,0.0721028218500619,0.0721028218500619,0
PT,PT,Lineage6,alternative,4,0,0.0,,,0
PT,PT,Lineage6,cfhr,5,0,0.0,,,0
PT,PT,Lineage6,classical,10,0,0.0,,,0
PT,PT,Lineage6,lectin,6,0,0.0,,,0
PT,PT,Lineage6,receptor,8,0,0.0,,,0
PT,PT,Lineage6,regulator,6,1,0.16666666666666666,0.2858148802669553,0.2858148802669553,1
PT,PT,Lineage6,terminal,7,0,0.0,,,0
PT,PT,Lineage7,alternative,4,0,0.0,,,0
PT,PT,Lineage7,cfhr,5,0,0.0,,,0
PT,PT,Lineage7,classical,10,1,0.1,-0.0072574323793727,0.0072574323793727,1
PT,PT,Lineage7,lectin,6,0,0.0,,,0
PT,PT,Lineage7,receptor,8,0,0.0,,,0
PT,PT,Lineage7,regulator,6,0,0.0,,,0
PT,PT,Lineage7,terminal,7,1,0.14285714285714285,-0.0227682943112985,0.0227682943112985,1
PT,PT,Lineage8,alternative,4,1,0.25,0.1159646530841999,0.1159646530841999,0
PT,PT,Lineage8,cfhr,5,0,0.0,,,0
PT,PT,Lineage8,classical,10,0,0.0,,,0
PT,PT,Lineage8,lectin,6,0,0.0,,,0
PT,PT,Lineage8,receptor,8,0,0.0,,,0
PT,PT,Lineage8,regulator,6,0,0.0,,,0
PT,PT,Lineage8,terminal,7,1,0.14285714285714285,0.1276715795859636,0.1276715795859636,0
PT,PT,Lineage9,alternative,4,0,0.0,,,0
PT,PT,Lineage9,cfhr,5,0,0.0,,,0
PT,PT,Lineage9,classical,10,0,0.0,,,0
PT,PT,Lineage9,lectin,6,0,0.0,,,0
PT,PT,Lineage9,receptor,8,0,0.0,,,0
PT,PT,Lineage9,regulator,6,1,0.16666666666666666,0.2849597922960843,0.2849597922960843,1
PT,PT,Lineage9,terminal,7,0,0.0,,,0
