compartment,trajectory,primary_lineage,n_successful_runs,n_runs_matched,match_fraction,spearman_median,spearman_q05,spearman_q25,spearman_q75,spearman_q95,spearman_min,spearman_max
FIB,contractile,Lineage1,100,100,1.0,0.967451832261534,0.888837486837857,0.949626702795884,0.9899335036191944,0.9980147616008598,0.7852849331153657,0.9991004994599963
FIB,contractile,Lineage2,100,41,0.41,0.3326610664085115,-0.4711735185450718,0.0340924213187836,0.6693743402108857,0.8859982600294585,-0.5117507215273333,0.9292321924144312
FIB,contractile,Lineage3,100,99,0.99,0.9279245769920388,0.7713670679086668,0.8627895623218585,0.9750797361109812,0.9964487379844744,0.7458515819467614,0.9991937528059284
FIB,contractile,Lineage4,100,85,0.85,0.7171717523137352,0.03506441293431,0.3422865864819252,0.9420760636810436,0.9982482528054302,-0.2397580528391161,0.9998630953665296
FIB,contractile,Lineage5,100,96,0.96,0.9544057487278168,0.8380510317899472,0.935617723506516,0.960102513809894,0.9699638055355392,-0.901990945786272,0.9880991525869056
FIB,contractile,Lineage6,100,40,0.4,0.4794891752906818,-0.7654061170687154,-0.0578040075603331,0.8753851573483367,0.9559603654434438,-0.9630310512006371,0.9920749950752756
FIB,outer_medullary,Lineage1,100,100,1.0,0.9869294180465916,0.9589790451392668,0.978465354195254,0.991306687190686,0.9955132264096702,0.8739707253215133,0.99769583768903
FIB,outer_medullary,Lineage2,100,100,1.0,0.9918824215252988,0.94289838458206,0.9773560563790676,0.9962622789635164,0.9989397431346528,0.7589670015508916,0.9994275785273952
Glomerular,endothelial_mesangial,Lineage1,100,100,1.0,0.9697396603885624,0.7901658372333197,0.9182779910367218,0.9853652074911272,0.9946161270534204,0.4815337313525724,0.9962916587054306
Glomerular,endothelial_mesangial,Lineage2,100,55,0.55,0.2752385546078828,-0.0428032234094718,0.1515241031771493,0.918015225173046,0.9792656965018364,-0.5256957426276057,0.9904542792615124
Glomerular,endothelial_mesangial,Lineage3,100,100,1.0,0.9912040368614716,0.8566331659645343,0.97812170561337,0.9951940949621316,0.9974753110596212,0.8281322601108774,0.9996421430838186
Glomerular,endothelial_mesangial,Lineage4,100,91,0.91,0.970035900614194,0.7130215094255472,0.9202282882376194,0.9856570015148128,0.9957765496642996,-0.8899539732966263,0.998684748933185
Glomerular,podocyte_PEC,Lineage1,100,100,1.0,0.9569013558235862,0.7722847563799451,0.9355354480968904,0.9809782991574606,0.9986332522203692,0.0030744106095744,0.9991757383469628
Glomerular,podocyte_PEC,Lineage2,100,100,1.0,0.9706090425661436,0.854659611666671,0.9425106237501674,0.9798851456616828,0.9855066778283262,0.5822286337711766,0.9939814751949174
Glomerular,podocyte_PEC,Lineage3,100,99,0.99,0.5300124169227636,0.3223240241994038,0.4694035058579399,0.6214710347536312,0.7819662520982354,-0.365410329949819,0.8978741789470052
PT,PT,Lineage1,97,97,1.0,0.9934969350742048,0.8919259487233593,0.9796546326007808,0.9972851735230585,0.9992912267801378,0.7350166584873956,0.9998210516192302
PT,PT,Lineage10,97,93,0.9587628865979382,0.9591948756466192,0.7608870883095796,0.9209253996214264,0.990057158715922,0.9972492246588684,-0.1923641381465316,0.9994467921106528
PT,PT,Lineage11,97,68,0.7010309278350515,0.7567238080495372,-0.0802891173165392,0.5055499354600546,0.8485297719486562,0.9402341780548128,-0.5853670470158586,0.9753671444814176
PT,PT,Lineage2,97,96,0.9896907216494846,0.9662518525839936,0.5998290008876874,0.918725765604138,0.9858431810044554,0.9981578168149344,0.427168817548909,0.9995697684188504
PT,PT,Lineage3,97,96,0.9896907216494846,0.9669525812952102,0.6552198918576664,0.914815144478554,0.9894942324836352,0.9976352539964572,0.0070777361567145,0.9995899895668288
PT,PT,Lineage4,97,56,0.5773195876288659,0.3338714361670214,-0.2446149238938639,0.1597716374863839,0.5061446354492962,0.6264536642435445,-0.2962749971643308,0.8756480240024875
PT,PT,Lineage5,97,96,0.9896907216494846,0.9826330785116726,0.5923228819609154,0.9607449644600335,0.9933353053883064,0.9978148028925036,0.0627323659519448,0.9988419321564028
PT,PT,Lineage6,97,97,1.0,0.9819600103586548,0.868584140640096,0.9660375629834456,0.9945804284643543,0.9983496103498748,0.4228393889277199,0.9987624560683674
PT,PT,Lineage7,97,82,0.845360824742268,0.9523749305690636,0.6766285461753472,0.9162761309306074,0.9717607413942224,0.9847540941567722,-0.705474309779103,0.9876430573267162
PT,PT,Lineage8,97,94,0.9690721649484536,0.9719748802611602,0.8026658118423097,0.9422018693953992,0.9877998762838958,0.9949266075952524,-0.0987445120481023,0.9977093982076646
PT,PT,Lineage9,97,83,0.8556701030927835,0.8889416692803775,0.3464183380628481,0.7807473265148843,0.9556211615493851,0.9881705978571552,-0.0528193963805329,0.9985603688540874
