compartment,trajectory,lineage,root_obs_id,root_subclass,original_root_cluster,spearman_rho,n_overlap
PT,PT,Lineage1,164-11::SEACell-3,PT-S1,12,0.7707401355120147,3026
PT,PT,Lineage10,164-11::SEACell-3,PT-S1,12,0.906857519129938,1003
PT,PT,Lineage11,164-11::SEACell-3,PT-S1,12,0.2007630463354989,856
PT,PT,Lineage2,164-11::SEACell-3,PT-S1,12,0.9648588522266924,2527
PT,PT,Lineage3,164-11::SEACell-3,PT-S1,12,0.95508362380628,2613
PT,PT,Lineage4,164-11::SEACell-3,PT-S1,12,0.2660714642048692,2500
PT,PT,Lineage5,164-11::SEACell-3,PT-S1,12,0.8931419713080391,2085
PT,PT,Lineage6,164-11::SEACell-3,PT-S1,12,0.9827338380186648,1972
PT,PT,Lineage7,164-11::SEACell-3,PT-S1,12,0.152420859888968,2346
PT,PT,Lineage8,164-11::SEACell-3,PT-S1,12,0.7941570584239371,1530
PT,PT,Lineage9,164-11::SEACell-3,PT-S1,12,0.9093394213135442,1034
FIB,contractile,Lineage1,164-13::SEACell-0,C-FIB,3,0.9723421135347988,340
FIB,contractile,Lineage2,164-13::SEACell-0,C-FIB,3,0.0845651269063778,407
FIB,contractile,Lineage3,164-13::SEACell-0,C-FIB,3,0.9633923730145844,391
FIB,contractile,Lineage4,164-13::SEACell-0,C-FIB,3,0.9468609965236888,254
FIB,contractile,Lineage5,164-13::SEACell-0,C-FIB,3,0.9204403817401744,109
FIB,contractile,Lineage6,164-13::SEACell-0,C-FIB,3,0.4405640903846715,109
FIB,outer_medullary,Lineage1,3712::SEACell-30,OM-FIB,8,0.8881758951814444,262
FIB,outer_medullary,Lineage2,3712::SEACell-30,OM-FIB,8,0.9308867321832156,145
Glomerular,podocyte_PEC,Lineage1,3781::SEACell-4,POD,12,0.9842059975239226,410
Glomerular,podocyte_PEC,Lineage2,3781::SEACell-4,POD,12,0.9470685420105756,234
Glomerular,podocyte_PEC,Lineage3,3781::SEACell-4,POD,12,0.3199205924790857,253
Glomerular,endothelial_mesangial,Lineage1,21-019::SEACell-1,EC-GC,14,0.6914710345379494,187
Glomerular,endothelial_mesangial,Lineage2,21-019::SEACell-1,EC-GC,14,0.1848287225509365,174
Glomerular,endothelial_mesangial,Lineage3,21-019::SEACell-1,EC-GC,14,0.9943664761854154,197
Glomerular,endothelial_mesangial,Lineage4,21-019::SEACell-1,EC-GC,14,0.4316599552751301,78
