pseudotime_bin,pseudotime_midpoint,weighted_mean_expression,n_metacells,sum_lineage_weight,compartment,trajectory,lineage,group,module
1,0.041666666666666664,0.04125637773031309,106,84.15520280198274,PT,PT,Lineage1,CKD,classical
2,0.125,0.040590063931415434,262,175.4372192929864,PT,PT,Lineage1,CKD,classical
3,0.20833333333333331,0.047035499954487074,88,62.89308157740807,PT,PT,Lineage1,CKD,classical
4,0.29166666666666663,0.051718280103040526,111,102.0259532502107,PT,PT,Lineage1,CKD,classical
5,0.375,0.04888740503033802,97,96.69744623297491,PT,PT,Lineage1,CKD,classical
6,0.4583333333333333,0.06551787614470213,45,45.0,PT,PT,Lineage1,CKD,classical
7,0.5416666666666666,0.08972839319063644,29,29.0,PT,PT,Lineage1,CKD,classical
8,0.625,0.08362705574914082,15,15.0,PT,PT,Lineage1,CKD,classical
9,0.7083333333333333,0.1030004739314965,1,1.0,PT,PT,Lineage1,CKD,classical
10,0.7916666666666666,,0,0.0,PT,PT,Lineage1,CKD,classical
11,0.875,,0,0.0,PT,PT,Lineage1,CKD,classical
12,0.9583333333333333,,0,0.0,PT,PT,Lineage1,CKD,classical
1,0.041666666666666664,0.03367050018974722,106,84.15520280198274,PT,PT,Lineage1,CKD,lectin
2,0.125,0.0401726861041177,262,175.4372192929864,PT,PT,Lineage1,CKD,lectin
3,0.20833333333333331,0.0612283655187441,88,62.89308157740807,PT,PT,Lineage1,CKD,lectin
4,0.29166666666666663,0.06294944512778419,111,102.0259532502107,PT,PT,Lineage1,CKD,lectin
5,0.375,0.06252907321359352,97,96.69744623297491,PT,PT,Lineage1,CKD,lectin
6,0.4583333333333333,0.048485973703585226,45,45.0,PT,PT,Lineage1,CKD,lectin
7,0.5416666666666666,0.03368835641789128,29,29.0,PT,PT,Lineage1,CKD,lectin
8,0.625,0.030313715634574117,15,15.0,PT,PT,Lineage1,CKD,lectin
9,0.7083333333333333,0.018138433012511977,1,1.0,PT,PT,Lineage1,CKD,lectin
10,0.7916666666666666,,0,0.0,PT,PT,Lineage1,CKD,lectin
11,0.875,,0,0.0,PT,PT,Lineage1,CKD,lectin
12,0.9583333333333333,,0,0.0,PT,PT,Lineage1,CKD,lectin
1,0.041666666666666664,0.038429924881776246,106,84.15520280198274,PT,PT,Lineage1,CKD,alternative
2,0.125,0.044332960215122036,262,175.4372192929864,PT,PT,Lineage1,CKD,alternative
3,0.20833333333333331,0.11784504905460473,88,62.89308157740807,PT,PT,Lineage1,CKD,alternative
4,0.29166666666666663,0.11473777100565095,111,102.0259532502107,PT,PT,Lineage1,CKD,alternative
5,0.375,0.16481138958977032,97,96.69744623297491,PT,PT,Lineage1,CKD,alternative
6,0.4583333333333333,0.2296934569357162,45,45.0,PT,PT,Lineage1,CKD,alternative
7,0.5416666666666666,0.3576311562481147,29,29.0,PT,PT,Lineage1,CKD,alternative
8,0.625,0.39906711394077593,15,15.0,PT,PT,Lineage1,CKD,alternative
9,0.7083333333333333,0.557512792578094,1,1.0,PT,PT,Lineage1,CKD,alternative
10,0.7916666666666666,,0,0.0,PT,PT,Lineage1,CKD,alternative
11,0.875,,0,0.0,PT,PT,Lineage1,CKD,alternative
12,0.9583333333333333,,0,0.0,PT,PT,Lineage1,CKD,alternative
1,0.041666666666666664,0.12029064670060086,106,84.15520280198274,PT,PT,Lineage1,CKD,terminal
2,0.125,0.10279885118893438,262,175.4372192929864,PT,PT,Lineage1,CKD,terminal
3,0.20833333333333331,0.09005806657058582,88,62.89308157740807,PT,PT,Lineage1,CKD,terminal
4,0.29166666666666663,0.07746988960782669,111,102.0259532502107,PT,PT,Lineage1,CKD,terminal
5,0.375,0.07806580964529886,97,96.69744623297491,PT,PT,Lineage1,CKD,terminal
6,0.4583333333333333,0.08733376247902104,45,45.0,PT,PT,Lineage1,CKD,terminal
7,0.5416666666666666,0.10487082723555412,29,29.0,PT,PT,Lineage1,CKD,terminal
8,0.625,0.09329617475698279,15,15.0,PT,PT,Lineage1,CKD,terminal
9,0.7083333333333333,0.13457758335796488,1,1.0,PT,PT,Lineage1,CKD,terminal
10,0.7916666666666666,,0,0.0,PT,PT,Lineage1,CKD,terminal
11,0.875,,0,0.0,PT,PT,Lineage1,CKD,terminal
12,0.9583333333333333,,0,0.0,PT,PT,Lineage1,CKD,terminal
1,0.041666666666666664,0.03195569095510067,106,84.15520280198274,PT,PT,Lineage1,CKD,receptor
2,0.125,0.03641682955450736,262,175.4372192929864,PT,PT,Lineage1,CKD,receptor
3,0.20833333333333331,0.0506501341006895,88,62.89308157740807,PT,PT,Lineage1,CKD,receptor
4,0.29166666666666663,0.04297310701200409,111,102.0259532502107,PT,PT,Lineage1,CKD,receptor
5,0.375,0.03898038843790052,97,96.69744623297491,PT,PT,Lineage1,CKD,receptor
6,0.4583333333333333,0.0339441497614192,45,45.0,PT,PT,Lineage1,CKD,receptor
7,0.5416666666666666,0.026094895483914898,29,29.0,PT,PT,Lineage1,CKD,receptor
8,0.625,0.021671988835166172,15,15.0,PT,PT,Lineage1,CKD,receptor
9,0.7083333333333333,0.026978666267895805,1,1.0,PT,PT,Lineage1,CKD,receptor
10,0.7916666666666666,,0,0.0,PT,PT,Lineage1,CKD,receptor
11,0.875,,0,0.0,PT,PT,Lineage1,CKD,receptor
12,0.9583333333333333,,0,0.0,PT,PT,Lineage1,CKD,receptor
1,0.041666666666666664,0.4254498443610294,106,84.15520280198274,PT,PT,Lineage1,CKD,regulator
2,0.125,0.38911733681382576,262,175.4372192929864,PT,PT,Lineage1,CKD,regulator
3,0.20833333333333331,0.46222974015241186,88,62.89308157740807,PT,PT,Lineage1,CKD,regulator
4,0.29166666666666663,0.46985725801762684,111,102.0259532502107,PT,PT,Lineage1,CKD,regulator
5,0.375,0.5076440380621042,97,96.69744623297491,PT,PT,Lineage1,CKD,regulator
6,0.4583333333333333,0.6061031281710982,45,45.0,PT,PT,Lineage1,CKD,regulator
7,0.5416666666666666,0.7839921633936547,29,29.0,PT,PT,Lineage1,CKD,regulator
8,0.625,0.770906612686193,15,15.0,PT,PT,Lineage1,CKD,regulator
9,0.7083333333333333,0.748092252336812,1,1.0,PT,PT,Lineage1,CKD,regulator
10,0.7916666666666666,,0,0.0,PT,PT,Lineage1,CKD,regulator
11,0.875,,0,0.0,PT,PT,Lineage1,CKD,regulator
12,0.9583333333333333,,0,0.0,PT,PT,Lineage1,CKD,regulator
1,0.041666666666666664,0.0021387361370882327,106,84.15520280198274,PT,PT,Lineage1,CKD,cfhr
2,0.125,0.0015581010271286141,262,175.4372192929864,PT,PT,Lineage1,CKD,cfhr
3,0.20833333333333331,0.0007984157195886665,88,62.89308157740807,PT,PT,Lineage1,CKD,cfhr
4,0.29166666666666663,0.0021819131694280664,111,102.0259532502107,PT,PT,Lineage1,CKD,cfhr
5,0.375,0.0008462469317939232,97,96.69744623297491,PT,PT,Lineage1,CKD,cfhr
6,0.4583333333333333,0.002368422830344101,45,45.0,PT,PT,Lineage1,CKD,cfhr
7,0.5416666666666666,0.0016858488350149094,29,29.0,PT,PT,Lineage1,CKD,cfhr
8,0.625,0.0015202617398851692,15,15.0,PT,PT,Lineage1,CKD,cfhr
9,0.7083333333333333,0.008934107635215838,1,1.0,PT,PT,Lineage1,CKD,cfhr
10,0.7916666666666666,,0,0.0,PT,PT,Lineage1,CKD,cfhr
11,0.875,,0,0.0,PT,PT,Lineage1,CKD,cfhr
12,0.9583333333333333,,0,0.0,PT,PT,Lineage1,CKD,cfhr
1,0.041666666666666664,0.04193209622001185,16,12.863837657812805,PT,PT,Lineage1,AKI,classical
2,0.125,0.053370818705910074,84,64.85184216261752,PT,PT,Lineage1,AKI,classical
3,0.20833333333333331,0.05901758171490034,39,29.475896196342827,PT,PT,Lineage1,AKI,classical
4,0.29166666666666663,0.0644180854870855,37,36.06040978409205,PT,PT,Lineage1,AKI,classical
5,0.375,0.06090231817515722,36,35.54159454710492,PT,PT,Lineage1,AKI,classical
6,0.4583333333333333,0.05382267576316854,39,39.0,PT,PT,Lineage1,AKI,classical
7,0.5416666666666666,0.06697035602112117,31,31.0,PT,PT,Lineage1,AKI,classical
8,0.625,0.08223351044694444,18,18.0,PT,PT,Lineage1,AKI,classical
9,0.7083333333333333,0.0724228388121256,4,4.0,PT,PT,Lineage1,AKI,classical
10,0.7916666666666666,0.054137487453110276,2,2.0,PT,PT,Lineage1,AKI,classical
11,0.875,,0,0.0,PT,PT,Lineage1,AKI,classical
12,0.9583333333333333,,0,0.0,PT,PT,Lineage1,AKI,classical
1,0.041666666666666664,0.024831247961001546,16,12.863837657812805,PT,PT,Lineage1,AKI,lectin
2,0.125,0.02932511208522052,84,64.85184216261752,PT,PT,Lineage1,AKI,lectin
3,0.20833333333333331,0.04442258367128704,39,29.475896196342827,PT,PT,Lineage1,AKI,lectin
4,0.29166666666666663,0.040788124065330535,37,36.06040978409205,PT,PT,Lineage1,AKI,lectin
5,0.375,0.04865833546648291,36,35.54159454710492,PT,PT,Lineage1,AKI,lectin
6,0.4583333333333333,0.045589275153645616,39,39.0,PT,PT,Lineage1,AKI,lectin
7,0.5416666666666666,0.03786085506607425,31,31.0,PT,PT,Lineage1,AKI,lectin
8,0.625,0.03288357240540654,18,18.0,PT,PT,Lineage1,AKI,lectin
9,0.7083333333333333,0.018565015402729496,4,4.0,PT,PT,Lineage1,AKI,lectin
10,0.7916666666666666,0.009717698696027736,2,2.0,PT,PT,Lineage1,AKI,lectin
11,0.875,,0,0.0,PT,PT,Lineage1,AKI,lectin
12,0.9583333333333333,,0,0.0,PT,PT,Lineage1,AKI,lectin
1,0.041666666666666664,0.07075061962605267,16,12.863837657812805,PT,PT,Lineage1,AKI,alternative
2,0.125,0.1482046062844243,84,64.85184216261752,PT,PT,Lineage1,AKI,alternative
3,0.20833333333333331,0.1869801671908975,39,29.475896196342827,PT,PT,Lineage1,AKI,alternative
4,0.29166666666666663,0.2036835359728518,37,36.06040978409205,PT,PT,Lineage1,AKI,alternative
5,0.375,0.2111614592198125,36,35.54159454710492,PT,PT,Lineage1,AKI,alternative
6,0.4583333333333333,0.2462604845007307,39,39.0,PT,PT,Lineage1,AKI,alternative
7,0.5416666666666666,0.3115830781334089,31,31.0,PT,PT,Lineage1,AKI,alternative
8,0.625,0.36076392510479416,18,18.0,PT,PT,Lineage1,AKI,alternative
9,0.7083333333333333,0.3932652631617391,4,4.0,PT,PT,Lineage1,AKI,alternative
10,0.7916666666666666,0.4172784986665089,2,2.0,PT,PT,Lineage1,AKI,alternative
11,0.875,,0,0.0,PT,PT,Lineage1,AKI,alternative
12,0.9583333333333333,,0,0.0,PT,PT,Lineage1,AKI,alternative
1,0.041666666666666664,0.0984261445690089,16,12.863837657812805,PT,PT,Lineage1,AKI,terminal
2,0.125,0.09860364534638273,84,64.85184216261752,PT,PT,Lineage1,AKI,terminal
3,0.20833333333333331,0.07353545197030972,39,29.475896196342827,PT,PT,Lineage1,AKI,terminal
4,0.29166666666666663,0.08036683599138703,37,36.06040978409205,PT,PT,Lineage1,AKI,terminal
5,0.375,0.0658386203248224,36,35.54159454710492,PT,PT,Lineage1,AKI,terminal
6,0.4583333333333333,0.06722489536274848,39,39.0,PT,PT,Lineage1,AKI,terminal
7,0.5416666666666666,0.06587798799310504,31,31.0,PT,PT,Lineage1,AKI,terminal
8,0.625,0.06968954312415145,18,18.0,PT,PT,Lineage1,AKI,terminal
9,0.7083333333333333,0.04555232161448666,4,4.0,PT,PT,Lineage1,AKI,terminal
10,0.7916666666666666,0.04097903125039069,2,2.0,PT,PT,Lineage1,AKI,terminal
11,0.875,,0,0.0,PT,PT,Lineage1,AKI,terminal
12,0.9583333333333333,,0,0.0,PT,PT,Lineage1,AKI,terminal
1,0.041666666666666664,0.022093514324660897,16,12.863837657812805,PT,PT,Lineage1,AKI,receptor
2,0.125,0.04970699917064433,84,64.85184216261752,PT,PT,Lineage1,AKI,receptor
3,0.20833333333333331,0.06855520759510803,39,29.475896196342827,PT,PT,Lineage1,AKI,receptor
4,0.29166666666666663,0.06035862139907172,37,36.06040978409205,PT,PT,Lineage1,AKI,receptor
5,0.375,0.05350480387674501,36,35.54159454710492,PT,PT,Lineage1,AKI,receptor
6,0.4583333333333333,0.05349061301381624,39,39.0,PT,PT,Lineage1,AKI,receptor
7,0.5416666666666666,0.03684765569602984,31,31.0,PT,PT,Lineage1,AKI,receptor
8,0.625,0.03558997671425149,18,18.0,PT,PT,Lineage1,AKI,receptor
9,0.7083333333333333,0.019146230924397743,4,4.0,PT,PT,Lineage1,AKI,receptor
10,0.7916666666666666,0.016948076257904364,2,2.0,PT,PT,Lineage1,AKI,receptor
11,0.875,,0,0.0,PT,PT,Lineage1,AKI,receptor
12,0.9583333333333333,,0,0.0,PT,PT,Lineage1,AKI,receptor
1,0.041666666666666664,0.41632284763894833,16,12.863837657812805,PT,PT,Lineage1,AKI,regulator
2,0.125,0.4958598793167282,84,64.85184216261752,PT,PT,Lineage1,AKI,regulator
3,0.20833333333333331,0.45747333655216715,39,29.475896196342827,PT,PT,Lineage1,AKI,regulator
4,0.29166666666666663,0.4922736877232533,37,36.06040978409205,PT,PT,Lineage1,AKI,regulator
5,0.375,0.5177292135788428,36,35.54159454710492,PT,PT,Lineage1,AKI,regulator
6,0.4583333333333333,0.5476345240299718,39,39.0,PT,PT,Lineage1,AKI,regulator
7,0.5416666666666666,0.6425024145028023,31,31.0,PT,PT,Lineage1,AKI,regulator
8,0.625,0.6543614861672205,18,18.0,PT,PT,Lineage1,AKI,regulator
9,0.7083333333333333,0.6226078218735245,4,4.0,PT,PT,Lineage1,AKI,regulator
10,0.7916666666666666,0.6143379750531495,2,2.0,PT,PT,Lineage1,AKI,regulator
11,0.875,,0,0.0,PT,PT,Lineage1,AKI,regulator
12,0.9583333333333333,,0,0.0,PT,PT,Lineage1,AKI,regulator
1,0.041666666666666664,0.0,16,12.863837657812805,PT,PT,Lineage1,AKI,cfhr
2,0.125,0.0016316582733656932,84,64.85184216261752,PT,PT,Lineage1,AKI,cfhr
3,0.20833333333333331,4.390406739824871e-05,39,29.475896196342827,PT,PT,Lineage1,AKI,cfhr
4,0.29166666666666663,0.0004775211538467782,37,36.06040978409205,PT,PT,Lineage1,AKI,cfhr
5,0.375,0.00017096328638180995,36,35.54159454710492,PT,PT,Lineage1,AKI,cfhr
6,0.4583333333333333,0.0005197083364329454,39,39.0,PT,PT,Lineage1,AKI,cfhr
7,0.5416666666666666,0.0012561796045193827,31,31.0,PT,PT,Lineage1,AKI,cfhr
8,0.625,0.0003767875632206375,18,18.0,PT,PT,Lineage1,AKI,cfhr
9,0.7083333333333333,0.0,4,4.0,PT,PT,Lineage1,AKI,cfhr
10,0.7916666666666666,0.0011720330874671757,2,2.0,PT,PT,Lineage1,AKI,cfhr
11,0.875,,0,0.0,PT,PT,Lineage1,AKI,cfhr
12,0.9583333333333333,,0,0.0,PT,PT,Lineage1,AKI,cfhr
1,0.041666666666666664,,0,0.0,FIB,contractile,Lineage1,CKD,classical
2,0.125,0.4226519180971485,1,1.0,FIB,contractile,Lineage1,CKD,classical
3,0.20833333333333331,0.20841861785867322,16,13.412132905190088,FIB,contractile,Lineage1,CKD,classical
4,0.29166666666666663,0.20802586650177526,44,35.437446841447596,FIB,contractile,Lineage1,CKD,classical
5,0.375,0.2258032393425615,49,24.543185784919224,FIB,contractile,Lineage1,CKD,classical
6,0.4583333333333333,0.2528435226111197,14,13.130393403413576,FIB,contractile,Lineage1,CKD,classical
7,0.5416666666666666,0.2644069632599654,8,8.0,FIB,contractile,Lineage1,CKD,classical
8,0.625,0.2499752154693021,4,4.0,FIB,contractile,Lineage1,CKD,classical
9,0.7083333333333333,0.33996100427926174,3,3.0,FIB,contractile,Lineage1,CKD,classical
10,0.7916666666666666,0.4946284505795383,1,1.0,FIB,contractile,Lineage1,CKD,classical
11,0.875,,0,0.0,FIB,contractile,Lineage1,CKD,classical
12,0.9583333333333333,,0,0.0,FIB,contractile,Lineage1,CKD,classical
1,0.041666666666666664,,0,0.0,FIB,contractile,Lineage1,CKD,lectin
2,0.125,0.012295447252304996,1,1.0,FIB,contractile,Lineage1,CKD,lectin
3,0.20833333333333331,0.00577251939226741,16,13.412132905190088,FIB,contractile,Lineage1,CKD,lectin
4,0.29166666666666663,0.007343245600696958,44,35.437446841447596,FIB,contractile,Lineage1,CKD,lectin
5,0.375,0.01006807655870417,49,24.543185784919224,FIB,contractile,Lineage1,CKD,lectin
6,0.4583333333333333,0.007595948127971334,14,13.130393403413576,FIB,contractile,Lineage1,CKD,lectin
7,0.5416666666666666,0.010588263576124555,8,8.0,FIB,contractile,Lineage1,CKD,lectin
8,0.625,0.007727968104063765,4,4.0,FIB,contractile,Lineage1,CKD,lectin
9,0.7083333333333333,0.01637415471968387,3,3.0,FIB,contractile,Lineage1,CKD,lectin
10,0.7916666666666666,0.01866771903599202,1,1.0,FIB,contractile,Lineage1,CKD,lectin
11,0.875,,0,0.0,FIB,contractile,Lineage1,CKD,lectin
12,0.9583333333333333,,0,0.0,FIB,contractile,Lineage1,CKD,lectin
1,0.041666666666666664,,0,0.0,FIB,contractile,Lineage1,CKD,alternative
2,0.125,0.16833793524280918,1,1.0,FIB,contractile,Lineage1,CKD,alternative
3,0.20833333333333331,0.07823075310163219,16,13.412132905190088,FIB,contractile,Lineage1,CKD,alternative
4,0.29166666666666663,0.107205822027608,44,35.437446841447596,FIB,contractile,Lineage1,CKD,alternative
5,0.375,0.10014682926828153,49,24.543185784919224,FIB,contractile,Lineage1,CKD,alternative
6,0.4583333333333333,0.13890612737187197,14,13.130393403413576,FIB,contractile,Lineage1,CKD,alternative
7,0.5416666666666666,0.28605896947376375,8,8.0,FIB,contractile,Lineage1,CKD,alternative
8,0.625,0.3071764222745039,4,4.0,FIB,contractile,Lineage1,CKD,alternative
9,0.7083333333333333,0.5999142385656205,3,3.0,FIB,contractile,Lineage1,CKD,alternative
10,0.7916666666666666,1.3358184860758675,1,1.0,FIB,contractile,Lineage1,CKD,alternative
11,0.875,,0,0.0,FIB,contractile,Lineage1,CKD,alternative
12,0.9583333333333333,,0,0.0,FIB,contractile,Lineage1,CKD,alternative
1,0.041666666666666664,,0,0.0,FIB,contractile,Lineage1,CKD,terminal
2,0.125,0.6387662480145064,1,1.0,FIB,contractile,Lineage1,CKD,terminal
3,0.20833333333333331,0.5896794909387394,16,13.412132905190088,FIB,contractile,Lineage1,CKD,terminal
4,0.29166666666666663,0.5304986857978543,44,35.437446841447596,FIB,contractile,Lineage1,CKD,terminal
5,0.375,0.5284195556449356,49,24.543185784919224,FIB,contractile,Lineage1,CKD,terminal
6,0.4583333333333333,0.5380478377474596,14,13.130393403413576,FIB,contractile,Lineage1,CKD,terminal
7,0.5416666666666666,0.4942187979555238,8,8.0,FIB,contractile,Lineage1,CKD,terminal
8,0.625,0.510161171350264,4,4.0,FIB,contractile,Lineage1,CKD,terminal
9,0.7083333333333333,0.46306033312230105,3,3.0,FIB,contractile,Lineage1,CKD,terminal
10,0.7916666666666666,0.5743570117679926,1,1.0,FIB,contractile,Lineage1,CKD,terminal
11,0.875,,0,0.0,FIB,contractile,Lineage1,CKD,terminal
12,0.9583333333333333,,0,0.0,FIB,contractile,Lineage1,CKD,terminal
1,0.041666666666666664,,0,0.0,FIB,contractile,Lineage1,CKD,receptor
2,0.125,0.017809360068879253,1,1.0,FIB,contractile,Lineage1,CKD,receptor
3,0.20833333333333331,0.0386363682459455,16,13.412132905190088,FIB,contractile,Lineage1,CKD,receptor
4,0.29166666666666663,0.04557721508657792,44,35.437446841447596,FIB,contractile,Lineage1,CKD,receptor
5,0.375,0.046391821317589794,49,24.543185784919224,FIB,contractile,Lineage1,CKD,receptor
6,0.4583333333333333,0.05902688386465499,14,13.130393403413576,FIB,contractile,Lineage1,CKD,receptor
7,0.5416666666666666,0.10913473046752252,8,8.0,FIB,contractile,Lineage1,CKD,receptor
8,0.625,0.035005889876702244,4,4.0,FIB,contractile,Lineage1,CKD,receptor
9,0.7083333333333333,0.03681350413780412,3,3.0,FIB,contractile,Lineage1,CKD,receptor
10,0.7916666666666666,0.04098279184446878,1,1.0,FIB,contractile,Lineage1,CKD,receptor
11,0.875,,0,0.0,FIB,contractile,Lineage1,CKD,receptor
12,0.9583333333333333,,0,0.0,FIB,contractile,Lineage1,CKD,receptor
1,0.041666666666666664,,0,0.0,FIB,contractile,Lineage1,CKD,regulator
2,0.125,0.8401611572617073,1,1.0,FIB,contractile,Lineage1,CKD,regulator
3,0.20833333333333331,0.7024152321324783,16,13.412132905190088,FIB,contractile,Lineage1,CKD,regulator
4,0.29166666666666663,0.6679111234906164,44,35.437446841447596,FIB,contractile,Lineage1,CKD,regulator
5,0.375,0.7539270503304288,49,24.543185784919224,FIB,contractile,Lineage1,CKD,regulator
6,0.4583333333333333,0.7808316421403338,14,13.130393403413576,FIB,contractile,Lineage1,CKD,regulator
7,0.5416666666666666,0.6832630992874917,8,8.0,FIB,contractile,Lineage1,CKD,regulator
8,0.625,0.7355099440801932,4,4.0,FIB,contractile,Lineage1,CKD,regulator
9,0.7083333333333333,0.890787172089944,3,3.0,FIB,contractile,Lineage1,CKD,regulator
10,0.7916666666666666,1.1123180258646743,1,1.0,FIB,contractile,Lineage1,CKD,regulator
11,0.875,,0,0.0,FIB,contractile,Lineage1,CKD,regulator
12,0.9583333333333333,,0,0.0,FIB,contractile,Lineage1,CKD,regulator
1,0.041666666666666664,,0,0.0,FIB,contractile,Lineage1,CKD,cfhr
2,0.125,0.029509073405531987,1,1.0,FIB,contractile,Lineage1,CKD,cfhr
3,0.20833333333333331,0.03558150135197248,16,13.412132905190088,FIB,contractile,Lineage1,CKD,cfhr
4,0.29166666666666663,0.048109810343298955,44,35.437446841447596,FIB,contractile,Lineage1,CKD,cfhr
5,0.375,0.07066434466901676,49,24.543185784919224,FIB,contractile,Lineage1,CKD,cfhr
6,0.4583333333333333,0.07374410624047396,14,13.130393403413576,FIB,contractile,Lineage1,CKD,cfhr
7,0.5416666666666666,0.06274587704257772,8,8.0,FIB,contractile,Lineage1,CKD,cfhr
8,0.625,0.025400749698068555,4,4.0,FIB,contractile,Lineage1,CKD,cfhr
9,0.7083333333333333,0.0373955405385723,3,3.0,FIB,contractile,Lineage1,CKD,cfhr
10,0.7916666666666666,0.044240345525990814,1,1.0,FIB,contractile,Lineage1,CKD,cfhr
11,0.875,,0,0.0,FIB,contractile,Lineage1,CKD,cfhr
12,0.9583333333333333,,0,0.0,FIB,contractile,Lineage1,CKD,cfhr
1,0.041666666666666664,,0,0.0,FIB,contractile,Lineage1,AKI,classical
2,0.125,,0,0.0,FIB,contractile,Lineage1,AKI,classical
3,0.20833333333333331,0.21497264954244746,4,2.900323653223011,FIB,contractile,Lineage1,AKI,classical
4,0.29166666666666663,0.22090171311114615,15,12.220611644518625,FIB,contractile,Lineage1,AKI,classical
5,0.375,0.2088316592130932,24,19.154945713920526,FIB,contractile,Lineage1,AKI,classical
6,0.4583333333333333,0.2634648975722497,16,16.0,FIB,contractile,Lineage1,AKI,classical
7,0.5416666666666666,0.37667739994604693,3,3.0,FIB,contractile,Lineage1,AKI,classical
8,0.625,0.26870502217332615,5,5.0,FIB,contractile,Lineage1,AKI,classical
9,0.7083333333333333,0.39494084044306377,2,2.0,FIB,contractile,Lineage1,AKI,classical
10,0.7916666666666666,0.3114632050338037,1,1.0,FIB,contractile,Lineage1,AKI,classical
11,0.875,0.425366182501351,1,1.0,FIB,contractile,Lineage1,AKI,classical
12,0.9583333333333333,,0,0.0,FIB,contractile,Lineage1,AKI,classical
1,0.041666666666666664,,0,0.0,FIB,contractile,Lineage1,AKI,lectin
2,0.125,,0,0.0,FIB,contractile,Lineage1,AKI,lectin
3,0.20833333333333331,0.002849203353959848,4,2.900323653223011,FIB,contractile,Lineage1,AKI,lectin
4,0.29166666666666663,0.004247451399436212,15,12.220611644518625,FIB,contractile,Lineage1,AKI,lectin
5,0.375,0.006966756143835829,24,19.154945713920526,FIB,contractile,Lineage1,AKI,lectin
6,0.4583333333333333,0.011417122714870678,16,16.0,FIB,contractile,Lineage1,AKI,lectin
7,0.5416666666666666,0.005301186133467756,3,3.0,FIB,contractile,Lineage1,AKI,lectin
8,0.625,0.016350515688213548,5,5.0,FIB,contractile,Lineage1,AKI,lectin
9,0.7083333333333333,0.03324033388783035,2,2.0,FIB,contractile,Lineage1,AKI,lectin
10,0.7916666666666666,0.0,1,1.0,FIB,contractile,Lineage1,AKI,lectin
11,0.875,0.018363813691361495,1,1.0,FIB,contractile,Lineage1,AKI,lectin
12,0.9583333333333333,,0,0.0,FIB,contractile,Lineage1,AKI,lectin
1,0.041666666666666664,,0,0.0,FIB,contractile,Lineage1,AKI,alternative
2,0.125,,0,0.0,FIB,contractile,Lineage1,AKI,alternative
3,0.20833333333333331,0.07606576039634448,4,2.900323653223011,FIB,contractile,Lineage1,AKI,alternative
4,0.29166666666666663,0.10376331616910486,15,12.220611644518625,FIB,contractile,Lineage1,AKI,alternative
5,0.375,0.13968088358608505,24,19.154945713920526,FIB,contractile,Lineage1,AKI,alternative
6,0.4583333333333333,0.18831936993717727,16,16.0,FIB,contractile,Lineage1,AKI,alternative
7,0.5416666666666666,0.43088802369038653,3,3.0,FIB,contractile,Lineage1,AKI,alternative
8,0.625,0.27056193304833615,5,5.0,FIB,contractile,Lineage1,AKI,alternative
9,0.7083333333333333,0.7230131157657924,2,2.0,FIB,contractile,Lineage1,AKI,alternative
10,0.7916666666666666,0.9934653839401679,1,1.0,FIB,contractile,Lineage1,AKI,alternative
11,0.875,0.7046579307114845,1,1.0,FIB,contractile,Lineage1,AKI,alternative
12,0.9583333333333333,,0,0.0,FIB,contractile,Lineage1,AKI,alternative
1,0.041666666666666664,,0,0.0,FIB,contractile,Lineage1,AKI,terminal
2,0.125,,0,0.0,FIB,contractile,Lineage1,AKI,terminal
3,0.20833333333333331,0.5909404942663925,4,2.900323653223011,FIB,contractile,Lineage1,AKI,terminal
4,0.29166666666666663,0.5155653981357771,15,12.220611644518625,FIB,contractile,Lineage1,AKI,terminal
5,0.375,0.4861408548059295,24,19.154945713920526,FIB,contractile,Lineage1,AKI,terminal
6,0.4583333333333333,0.5324235720533663,16,16.0,FIB,contractile,Lineage1,AKI,terminal
7,0.5416666666666666,0.5751203811871924,3,3.0,FIB,contractile,Lineage1,AKI,terminal
8,0.625,0.5204200401180336,5,5.0,FIB,contractile,Lineage1,AKI,terminal
9,0.7083333333333333,0.47128601040292417,2,2.0,FIB,contractile,Lineage1,AKI,terminal
10,0.7916666666666666,0.3140420020543944,1,1.0,FIB,contractile,Lineage1,AKI,terminal
11,0.875,0.2996482012526404,1,1.0,FIB,contractile,Lineage1,AKI,terminal
12,0.9583333333333333,,0,0.0,FIB,contractile,Lineage1,AKI,terminal
1,0.041666666666666664,,0,0.0,FIB,contractile,Lineage1,AKI,receptor
2,0.125,,0,0.0,FIB,contractile,Lineage1,AKI,receptor
3,0.20833333333333331,0.04117568970022315,4,2.900323653223011,FIB,contractile,Lineage1,AKI,receptor
4,0.29166666666666663,0.04358990830663124,15,12.220611644518625,FIB,contractile,Lineage1,AKI,receptor
5,0.375,0.05580547108254467,24,19.154945713920526,FIB,contractile,Lineage1,AKI,receptor
6,0.4583333333333333,0.05194188848607016,16,16.0,FIB,contractile,Lineage1,AKI,receptor
7,0.5416666666666666,0.022670733044078017,3,3.0,FIB,contractile,Lineage1,AKI,receptor
8,0.625,0.07125264827587932,5,5.0,FIB,contractile,Lineage1,AKI,receptor
9,0.7083333333333333,0.043787304700203075,2,2.0,FIB,contractile,Lineage1,AKI,receptor
10,0.7916666666666666,0.08458989862749093,1,1.0,FIB,contractile,Lineage1,AKI,receptor
11,0.875,0.04615847838786444,1,1.0,FIB,contractile,Lineage1,AKI,receptor
12,0.9583333333333333,,0,0.0,FIB,contractile,Lineage1,AKI,receptor
1,0.041666666666666664,,0,0.0,FIB,contractile,Lineage1,AKI,regulator
2,0.125,,0,0.0,FIB,contractile,Lineage1,AKI,regulator
3,0.20833333333333331,0.690521339794271,4,2.900323653223011,FIB,contractile,Lineage1,AKI,regulator
4,0.29166666666666663,0.7985401555258883,15,12.220611644518625,FIB,contractile,Lineage1,AKI,regulator
5,0.375,0.7286498170870387,24,19.154945713920526,FIB,contractile,Lineage1,AKI,regulator
6,0.4583333333333333,0.7551763385733095,16,16.0,FIB,contractile,Lineage1,AKI,regulator
7,0.5416666666666666,1.015167345061233,3,3.0,FIB,contractile,Lineage1,AKI,regulator
8,0.625,0.7634407187751349,5,5.0,FIB,contractile,Lineage1,AKI,regulator
9,0.7083333333333333,0.9038497762793188,2,2.0,FIB,contractile,Lineage1,AKI,regulator
10,0.7916666666666666,0.8130597198858626,1,1.0,FIB,contractile,Lineage1,AKI,regulator
11,0.875,0.8366001950973998,1,1.0,FIB,contractile,Lineage1,AKI,regulator
12,0.9583333333333333,,0,0.0,FIB,contractile,Lineage1,AKI,regulator
1,0.041666666666666664,,0,0.0,FIB,contractile,Lineage1,AKI,cfhr
2,0.125,,0,0.0,FIB,contractile,Lineage1,AKI,cfhr
3,0.20833333333333331,0.12069328939326704,4,2.900323653223011,FIB,contractile,Lineage1,AKI,cfhr
4,0.29166666666666663,0.08930574391430367,15,12.220611644518625,FIB,contractile,Lineage1,AKI,cfhr
5,0.375,0.038442162146400165,24,19.154945713920526,FIB,contractile,Lineage1,AKI,cfhr
6,0.4583333333333333,0.060318510259417646,16,16.0,FIB,contractile,Lineage1,AKI,cfhr
7,0.5416666666666666,0.13965581131539698,3,3.0,FIB,contractile,Lineage1,AKI,cfhr
8,0.625,0.04654939038708812,5,5.0,FIB,contractile,Lineage1,AKI,cfhr
9,0.7083333333333333,0.07005433578047233,2,2.0,FIB,contractile,Lineage1,AKI,cfhr
10,0.7916666666666666,0.021942674854690834,1,1.0,FIB,contractile,Lineage1,AKI,cfhr
11,0.875,0.0,1,1.0,FIB,contractile,Lineage1,AKI,cfhr
12,0.9583333333333333,,0,0.0,FIB,contractile,Lineage1,AKI,cfhr
1,0.041666666666666664,,0,0.0,FIB,outer_medullary,Lineage1,CKD,classical
2,0.125,,0,0.0,FIB,outer_medullary,Lineage1,CKD,classical
3,0.20833333333333331,0.2439481850659829,1,0.658801319558931,FIB,outer_medullary,Lineage1,CKD,classical
4,0.29166666666666663,0.23593803955201556,1,1.0,FIB,outer_medullary,Lineage1,CKD,classical
5,0.375,0.19640736093618336,3,3.0,FIB,outer_medullary,Lineage1,CKD,classical
6,0.4583333333333333,0.28731713857590324,2,2.0,FIB,outer_medullary,Lineage1,CKD,classical
7,0.5416666666666666,0.22546175236794705,21,21.0,FIB,outer_medullary,Lineage1,CKD,classical
8,0.625,0.2231428866509181,10,10.0,FIB,outer_medullary,Lineage1,CKD,classical
9,0.7083333333333333,0.26871526761064146,2,2.0,FIB,outer_medullary,Lineage1,CKD,classical
10,0.7916666666666666,,0,0.0,FIB,outer_medullary,Lineage1,CKD,classical
11,0.875,0.6933221509361905,1,1.0,FIB,outer_medullary,Lineage1,CKD,classical
12,0.9583333333333333,0.3698462899940249,4,4.0,FIB,outer_medullary,Lineage1,CKD,classical
1,0.041666666666666664,,0,0.0,FIB,outer_medullary,Lineage1,CKD,lectin
2,0.125,,0,0.0,FIB,outer_medullary,Lineage1,CKD,lectin
3,0.20833333333333331,0.01785457737427334,1,0.658801319558931,FIB,outer_medullary,Lineage1,CKD,lectin
4,0.29166666666666663,0.017917540754500787,1,1.0,FIB,outer_medullary,Lineage1,CKD,lectin
5,0.375,0.0021466420125347357,3,3.0,FIB,outer_medullary,Lineage1,CKD,lectin
6,0.4583333333333333,0.0,2,2.0,FIB,outer_medullary,Lineage1,CKD,lectin
7,0.5416666666666666,0.001779095494738014,21,21.0,FIB,outer_medullary,Lineage1,CKD,lectin
8,0.625,0.003199967653008429,10,10.0,FIB,outer_medullary,Lineage1,CKD,lectin
9,0.7083333333333333,0.0,2,2.0,FIB,outer_medullary,Lineage1,CKD,lectin
10,0.7916666666666666,,0,0.0,FIB,outer_medullary,Lineage1,CKD,lectin
11,0.875,0.0192634346225223,1,1.0,FIB,outer_medullary,Lineage1,CKD,lectin
12,0.9583333333333333,0.052595409724264235,4,4.0,FIB,outer_medullary,Lineage1,CKD,lectin
1,0.041666666666666664,,0,0.0,FIB,outer_medullary,Lineage1,CKD,alternative
2,0.125,,0,0.0,FIB,outer_medullary,Lineage1,CKD,alternative
3,0.20833333333333331,0.11203224960083333,1,0.658801319558931,FIB,outer_medullary,Lineage1,CKD,alternative
4,0.29166666666666663,0.11200066386372547,1,1.0,FIB,outer_medullary,Lineage1,CKD,alternative
5,0.375,0.09228390067506177,3,3.0,FIB,outer_medullary,Lineage1,CKD,alternative
6,0.4583333333333333,0.10036653916776143,2,2.0,FIB,outer_medullary,Lineage1,CKD,alternative
7,0.5416666666666666,0.08463957802526283,21,21.0,FIB,outer_medullary,Lineage1,CKD,alternative
8,0.625,0.13220649997353784,10,10.0,FIB,outer_medullary,Lineage1,CKD,alternative
9,0.7083333333333333,0.17424432344517896,2,2.0,FIB,outer_medullary,Lineage1,CKD,alternative
10,0.7916666666666666,,0,0.0,FIB,outer_medullary,Lineage1,CKD,alternative
11,0.875,0.28387519810425854,1,1.0,FIB,outer_medullary,Lineage1,CKD,alternative
12,0.9583333333333333,0.5530000303496603,4,4.0,FIB,outer_medullary,Lineage1,CKD,alternative
1,0.041666666666666664,,0,0.0,FIB,outer_medullary,Lineage1,CKD,terminal
2,0.125,,0,0.0,FIB,outer_medullary,Lineage1,CKD,terminal
3,0.20833333333333331,0.6639424149169305,1,0.658801319558931,FIB,outer_medullary,Lineage1,CKD,terminal
4,0.29166666666666663,0.5425233388719056,1,1.0,FIB,outer_medullary,Lineage1,CKD,terminal
5,0.375,0.4570528734205978,3,3.0,FIB,outer_medullary,Lineage1,CKD,terminal
6,0.4583333333333333,0.4968511752578233,2,2.0,FIB,outer_medullary,Lineage1,CKD,terminal
7,0.5416666666666666,0.5075896081722777,21,21.0,FIB,outer_medullary,Lineage1,CKD,terminal
8,0.625,0.5532418590236033,10,10.0,FIB,outer_medullary,Lineage1,CKD,terminal
9,0.7083333333333333,0.47359562002054123,2,2.0,FIB,outer_medullary,Lineage1,CKD,terminal
10,0.7916666666666666,,0,0.0,FIB,outer_medullary,Lineage1,CKD,terminal
11,0.875,0.7310746859527263,1,1.0,FIB,outer_medullary,Lineage1,CKD,terminal
12,0.9583333333333333,0.4940190460641938,4,4.0,FIB,outer_medullary,Lineage1,CKD,terminal
1,0.041666666666666664,,0,0.0,FIB,outer_medullary,Lineage1,CKD,receptor
2,0.125,,0,0.0,FIB,outer_medullary,Lineage1,CKD,receptor
3,0.20833333333333331,0.03651170046574001,1,0.658801319558931,FIB,outer_medullary,Lineage1,CKD,receptor
4,0.29166666666666663,0.022222589539984346,1,1.0,FIB,outer_medullary,Lineage1,CKD,receptor
5,0.375,0.02584020319602869,3,3.0,FIB,outer_medullary,Lineage1,CKD,receptor
6,0.4583333333333333,0.026596986545050424,2,2.0,FIB,outer_medullary,Lineage1,CKD,receptor
7,0.5416666666666666,0.02105420525385806,21,21.0,FIB,outer_medullary,Lineage1,CKD,receptor
8,0.625,0.02446405505799367,10,10.0,FIB,outer_medullary,Lineage1,CKD,receptor
9,0.7083333333333333,0.07140198972221715,2,2.0,FIB,outer_medullary,Lineage1,CKD,receptor
10,0.7916666666666666,,0,0.0,FIB,outer_medullary,Lineage1,CKD,receptor
11,0.875,0.04334272790067518,1,1.0,FIB,outer_medullary,Lineage1,CKD,receptor
12,0.9583333333333333,0.06465164878035132,4,4.0,FIB,outer_medullary,Lineage1,CKD,receptor
1,0.041666666666666664,,0,0.0,FIB,outer_medullary,Lineage1,CKD,regulator
2,0.125,,0,0.0,FIB,outer_medullary,Lineage1,CKD,regulator
3,0.20833333333333331,0.7036783293927354,1,0.658801319558931,FIB,outer_medullary,Lineage1,CKD,regulator
4,0.29166666666666663,0.7308354522404032,1,1.0,FIB,outer_medullary,Lineage1,CKD,regulator
5,0.375,0.614858074491087,3,3.0,FIB,outer_medullary,Lineage1,CKD,regulator
6,0.4583333333333333,0.7365824619541113,2,2.0,FIB,outer_medullary,Lineage1,CKD,regulator
7,0.5416666666666666,0.6061370323722348,21,21.0,FIB,outer_medullary,Lineage1,CKD,regulator
8,0.625,0.7288055809020213,10,10.0,FIB,outer_medullary,Lineage1,CKD,regulator
9,0.7083333333333333,0.5136575402943471,2,2.0,FIB,outer_medullary,Lineage1,CKD,regulator
10,0.7916666666666666,,0,0.0,FIB,outer_medullary,Lineage1,CKD,regulator
11,0.875,1.3685229887697812,1,1.0,FIB,outer_medullary,Lineage1,CKD,regulator
12,0.9583333333333333,1.0619218978839864,4,4.0,FIB,outer_medullary,Lineage1,CKD,regulator
1,0.041666666666666664,,0,0.0,FIB,outer_medullary,Lineage1,CKD,cfhr
2,0.125,,0,0.0,FIB,outer_medullary,Lineage1,CKD,cfhr
3,0.20833333333333331,0.0,1,0.658801319558931,FIB,outer_medullary,Lineage1,CKD,cfhr
4,0.29166666666666663,0.0,1,1.0,FIB,outer_medullary,Lineage1,CKD,cfhr
5,0.375,0.0011622451073665088,3,3.0,FIB,outer_medullary,Lineage1,CKD,cfhr
6,0.4583333333333333,0.012026140261424045,2,2.0,FIB,outer_medullary,Lineage1,CKD,cfhr
7,0.5416666666666666,0.001600253537768399,21,21.0,FIB,outer_medullary,Lineage1,CKD,cfhr
8,0.625,0.042942451854735234,10,10.0,FIB,outer_medullary,Lineage1,CKD,cfhr
9,0.7083333333333333,0.0256416086900735,2,2.0,FIB,outer_medullary,Lineage1,CKD,cfhr
10,0.7916666666666666,,0,0.0,FIB,outer_medullary,Lineage1,CKD,cfhr
11,0.875,0.24018099511759927,1,1.0,FIB,outer_medullary,Lineage1,CKD,cfhr
12,0.9583333333333333,0.03201973870465013,4,4.0,FIB,outer_medullary,Lineage1,CKD,cfhr
1,0.041666666666666664,,0,0.0,FIB,outer_medullary,Lineage1,AKI,classical
2,0.125,,0,0.0,FIB,outer_medullary,Lineage1,AKI,classical
3,0.20833333333333331,,0,0.0,FIB,outer_medullary,Lineage1,AKI,classical
4,0.29166666666666663,0.21860958231878147,4,4.0,FIB,outer_medullary,Lineage1,AKI,classical
5,0.375,0.22156995488555137,5,4.89775312524621,FIB,outer_medullary,Lineage1,AKI,classical
6,0.4583333333333333,0.21316296030597712,2,2.0,FIB,outer_medullary,Lineage1,AKI,classical
7,0.5416666666666666,0.2517895386791861,4,4.0,FIB,outer_medullary,Lineage1,AKI,classical
8,0.625,0.25935844860211493,3,3.0,FIB,outer_medullary,Lineage1,AKI,classical
9,0.7083333333333333,0.33123138796485263,1,1.0,FIB,outer_medullary,Lineage1,AKI,classical
10,0.7916666666666666,,0,0.0,FIB,outer_medullary,Lineage1,AKI,classical
11,0.875,,0,0.0,FIB,outer_medullary,Lineage1,AKI,classical
12,0.9583333333333333,0.48192256142858403,10,10.0,FIB,outer_medullary,Lineage1,AKI,classical
1,0.041666666666666664,,0,0.0,FIB,outer_medullary,Lineage1,AKI,lectin
2,0.125,,0,0.0,FIB,outer_medullary,Lineage1,AKI,lectin
3,0.20833333333333331,,0,0.0,FIB,outer_medullary,Lineage1,AKI,lectin
4,0.29166666666666663,0.0009918222342742372,4,4.0,FIB,outer_medullary,Lineage1,AKI,lectin
5,0.375,0.004522657839688488,5,4.89775312524621,FIB,outer_medullary,Lineage1,AKI,lectin
6,0.4583333333333333,0.0,2,2.0,FIB,outer_medullary,Lineage1,AKI,lectin
7,0.5416666666666666,0.004220019304167769,4,4.0,FIB,outer_medullary,Lineage1,AKI,lectin
8,0.625,0.0,3,3.0,FIB,outer_medullary,Lineage1,AKI,lectin
9,0.7083333333333333,0.010868691441174234,1,1.0,FIB,outer_medullary,Lineage1,AKI,lectin
10,0.7916666666666666,,0,0.0,FIB,outer_medullary,Lineage1,AKI,lectin
11,0.875,,0,0.0,FIB,outer_medullary,Lineage1,AKI,lectin
12,0.9583333333333333,0.030683810953599417,10,10.0,FIB,outer_medullary,Lineage1,AKI,lectin
1,0.041666666666666664,,0,0.0,FIB,outer_medullary,Lineage1,AKI,alternative
2,0.125,,0,0.0,FIB,outer_medullary,Lineage1,AKI,alternative
3,0.20833333333333331,,0,0.0,FIB,outer_medullary,Lineage1,AKI,alternative
4,0.29166666666666663,0.05197180322951578,4,4.0,FIB,outer_medullary,Lineage1,AKI,alternative
5,0.375,0.03921324108389067,5,4.89775312524621,FIB,outer_medullary,Lineage1,AKI,alternative
6,0.4583333333333333,0.06387525242726422,2,2.0,FIB,outer_medullary,Lineage1,AKI,alternative
7,0.5416666666666666,0.0863714252035638,4,4.0,FIB,outer_medullary,Lineage1,AKI,alternative
8,0.625,0.19931741214171605,3,3.0,FIB,outer_medullary,Lineage1,AKI,alternative
9,0.7083333333333333,0.11593445359871707,1,1.0,FIB,outer_medullary,Lineage1,AKI,alternative
10,0.7916666666666666,,0,0.0,FIB,outer_medullary,Lineage1,AKI,alternative
11,0.875,,0,0.0,FIB,outer_medullary,Lineage1,AKI,alternative
12,0.9583333333333333,0.39943629907249156,10,10.0,FIB,outer_medullary,Lineage1,AKI,alternative
1,0.041666666666666664,,0,0.0,FIB,outer_medullary,Lineage1,AKI,terminal
2,0.125,,0,0.0,FIB,outer_medullary,Lineage1,AKI,terminal
3,0.20833333333333331,,0,0.0,FIB,outer_medullary,Lineage1,AKI,terminal
4,0.29166666666666663,0.49769802445062905,4,4.0,FIB,outer_medullary,Lineage1,AKI,terminal
5,0.375,0.48891149214027346,5,4.89775312524621,FIB,outer_medullary,Lineage1,AKI,terminal
6,0.4583333333333333,0.41504319680862867,2,2.0,FIB,outer_medullary,Lineage1,AKI,terminal
7,0.5416666666666666,0.5647910187083703,4,4.0,FIB,outer_medullary,Lineage1,AKI,terminal
8,0.625,0.518603516458312,3,3.0,FIB,outer_medullary,Lineage1,AKI,terminal
9,0.7083333333333333,0.49768397065552195,1,1.0,FIB,outer_medullary,Lineage1,AKI,terminal
10,0.7916666666666666,,0,0.0,FIB,outer_medullary,Lineage1,AKI,terminal
11,0.875,,0,0.0,FIB,outer_medullary,Lineage1,AKI,terminal
12,0.9583333333333333,0.4572431041532046,10,10.0,FIB,outer_medullary,Lineage1,AKI,terminal
1,0.041666666666666664,,0,0.0,FIB,outer_medullary,Lineage1,AKI,receptor
2,0.125,,0,0.0,FIB,outer_medullary,Lineage1,AKI,receptor
3,0.20833333333333331,,0,0.0,FIB,outer_medullary,Lineage1,AKI,receptor
4,0.29166666666666663,0.0046854280501315675,4,4.0,FIB,outer_medullary,Lineage1,AKI,receptor
5,0.375,0.007410858068148919,5,4.89775312524621,FIB,outer_medullary,Lineage1,AKI,receptor
6,0.4583333333333333,0.012279706266605368,2,2.0,FIB,outer_medullary,Lineage1,AKI,receptor
7,0.5416666666666666,0.02496160881568546,4,4.0,FIB,outer_medullary,Lineage1,AKI,receptor
8,0.625,0.053330435981709896,3,3.0,FIB,outer_medullary,Lineage1,AKI,receptor
9,0.7083333333333333,0.04954206466658884,1,1.0,FIB,outer_medullary,Lineage1,AKI,receptor
10,0.7916666666666666,,0,0.0,FIB,outer_medullary,Lineage1,AKI,receptor
11,0.875,,0,0.0,FIB,outer_medullary,Lineage1,AKI,receptor
12,0.9583333333333333,0.08061608066115152,10,10.0,FIB,outer_medullary,Lineage1,AKI,receptor
1,0.041666666666666664,,0,0.0,FIB,outer_medullary,Lineage1,AKI,regulator
2,0.125,,0,0.0,FIB,outer_medullary,Lineage1,AKI,regulator
3,0.20833333333333331,,0,0.0,FIB,outer_medullary,Lineage1,AKI,regulator
4,0.29166666666666663,0.7829570823873606,4,4.0,FIB,outer_medullary,Lineage1,AKI,regulator
5,0.375,0.8377262387941344,5,4.89775312524621,FIB,outer_medullary,Lineage1,AKI,regulator
6,0.4583333333333333,0.8363900458344546,2,2.0,FIB,outer_medullary,Lineage1,AKI,regulator
7,0.5416666666666666,0.7545550837500467,4,4.0,FIB,outer_medullary,Lineage1,AKI,regulator
8,0.625,0.7045389925881239,3,3.0,FIB,outer_medullary,Lineage1,AKI,regulator
9,0.7083333333333333,1.0759214395869618,1,1.0,FIB,outer_medullary,Lineage1,AKI,regulator
10,0.7916666666666666,,0,0.0,FIB,outer_medullary,Lineage1,AKI,regulator
11,0.875,,0,0.0,FIB,outer_medullary,Lineage1,AKI,regulator
12,0.9583333333333333,1.520197283356341,10,10.0,FIB,outer_medullary,Lineage1,AKI,regulator
1,0.041666666666666664,,0,0.0,FIB,outer_medullary,Lineage1,AKI,cfhr
2,0.125,,0,0.0,FIB,outer_medullary,Lineage1,AKI,cfhr
3,0.20833333333333331,,0,0.0,FIB,outer_medullary,Lineage1,AKI,cfhr
4,0.29166666666666663,0.001582455625002002,4,4.0,FIB,outer_medullary,Lineage1,AKI,cfhr
5,0.375,0.0,5,4.89775312524621,FIB,outer_medullary,Lineage1,AKI,cfhr
6,0.4583333333333333,0.0,2,2.0,FIB,outer_medullary,Lineage1,AKI,cfhr
7,0.5416666666666666,0.00636054793081021,4,4.0,FIB,outer_medullary,Lineage1,AKI,cfhr
8,0.625,0.038130182997737364,3,3.0,FIB,outer_medullary,Lineage1,AKI,cfhr
9,0.7083333333333333,0.05007840116247608,1,1.0,FIB,outer_medullary,Lineage1,AKI,cfhr
10,0.7916666666666666,,0,0.0,FIB,outer_medullary,Lineage1,AKI,cfhr
11,0.875,,0,0.0,FIB,outer_medullary,Lineage1,AKI,cfhr
12,0.9583333333333333,0.046237913314703324,10,10.0,FIB,outer_medullary,Lineage1,AKI,cfhr
1,0.041666666666666664,0.07414900568879511,7,5.546953472543866,Glomerular,podocyte_PEC,Lineage2,CKD,classical
2,0.125,0.06883994915609068,9,8.424866261445331,Glomerular,podocyte_PEC,Lineage2,CKD,classical
3,0.20833333333333331,0.06734817609650587,12,11.43320783181031,Glomerular,podocyte_PEC,Lineage2,CKD,classical
4,0.29166666666666663,0.12034425576887431,11,11.0,Glomerular,podocyte_PEC,Lineage2,CKD,classical
5,0.375,0.07408333013535773,3,3.0,Glomerular,podocyte_PEC,Lineage2,CKD,classical
6,0.4583333333333333,0.10693093144196324,2,2.0,Glomerular,podocyte_PEC,Lineage2,CKD,classical
7,0.5416666666666666,0.12975777060439048,7,7.0,Glomerular,podocyte_PEC,Lineage2,CKD,classical
8,0.625,0.11355788794215636,2,2.0,Glomerular,podocyte_PEC,Lineage2,CKD,classical
9,0.7083333333333333,0.149809901155068,12,12.0,Glomerular,podocyte_PEC,Lineage2,CKD,classical
10,0.7916666666666666,0.18145066956939013,2,2.0,Glomerular,podocyte_PEC,Lineage2,CKD,classical
11,0.875,0.06571596378667606,2,2.0,Glomerular,podocyte_PEC,Lineage2,CKD,classical
12,0.9583333333333333,0.041625247312911305,1,1.0,Glomerular,podocyte_PEC,Lineage2,CKD,classical
1,0.041666666666666664,0.006624711600492234,7,5.546953472543866,Glomerular,podocyte_PEC,Lineage2,CKD,lectin
2,0.125,0.007718057435643825,9,8.424866261445331,Glomerular,podocyte_PEC,Lineage2,CKD,lectin
3,0.20833333333333331,0.0044491843182281965,12,11.43320783181031,Glomerular,podocyte_PEC,Lineage2,CKD,lectin
4,0.29166666666666663,0.007685014811325965,11,11.0,Glomerular,podocyte_PEC,Lineage2,CKD,lectin
5,0.375,0.03088046603313496,3,3.0,Glomerular,podocyte_PEC,Lineage2,CKD,lectin
6,0.4583333333333333,0.016454564310368184,2,2.0,Glomerular,podocyte_PEC,Lineage2,CKD,lectin
7,0.5416666666666666,0.03446970941724585,7,7.0,Glomerular,podocyte_PEC,Lineage2,CKD,lectin
8,0.625,0.006018332335390828,2,2.0,Glomerular,podocyte_PEC,Lineage2,CKD,lectin
9,0.7083333333333333,0.0076018858445382025,12,12.0,Glomerular,podocyte_PEC,Lineage2,CKD,lectin
10,0.7916666666666666,0.0031719051615672245,2,2.0,Glomerular,podocyte_PEC,Lineage2,CKD,lectin
11,0.875,0.0,2,2.0,Glomerular,podocyte_PEC,Lineage2,CKD,lectin
12,0.9583333333333333,0.02864799376443483,1,1.0,Glomerular,podocyte_PEC,Lineage2,CKD,lectin
1,0.041666666666666664,0.026944921047517768,7,5.546953472543866,Glomerular,podocyte_PEC,Lineage2,CKD,alternative
2,0.125,0.019240299090858327,9,8.424866261445331,Glomerular,podocyte_PEC,Lineage2,CKD,alternative
3,0.20833333333333331,0.018443429598656805,12,11.43320783181031,Glomerular,podocyte_PEC,Lineage2,CKD,alternative
4,0.29166666666666663,0.018771542945455813,11,11.0,Glomerular,podocyte_PEC,Lineage2,CKD,alternative
5,0.375,0.0,3,3.0,Glomerular,podocyte_PEC,Lineage2,CKD,alternative
6,0.4583333333333333,0.028792112084886645,2,2.0,Glomerular,podocyte_PEC,Lineage2,CKD,alternative
7,0.5416666666666666,0.21058989474634787,7,7.0,Glomerular,podocyte_PEC,Lineage2,CKD,alternative
8,0.625,0.09634886386231913,2,2.0,Glomerular,podocyte_PEC,Lineage2,CKD,alternative
9,0.7083333333333333,0.09553156802866376,12,12.0,Glomerular,podocyte_PEC,Lineage2,CKD,alternative
10,0.7916666666666666,0.3014750190623752,2,2.0,Glomerular,podocyte_PEC,Lineage2,CKD,alternative
11,0.875,0.0714204610461443,2,2.0,Glomerular,podocyte_PEC,Lineage2,CKD,alternative
12,0.9583333333333333,0.05828588346961511,1,1.0,Glomerular,podocyte_PEC,Lineage2,CKD,alternative
1,0.041666666666666664,0.06583128661275546,7,5.546953472543866,Glomerular,podocyte_PEC,Lineage2,CKD,terminal
2,0.125,0.044440371697798235,9,8.424866261445331,Glomerular,podocyte_PEC,Lineage2,CKD,terminal
3,0.20833333333333331,0.04384051655643822,12,11.43320783181031,Glomerular,podocyte_PEC,Lineage2,CKD,terminal
4,0.29166666666666663,0.07601750623666373,11,11.0,Glomerular,podocyte_PEC,Lineage2,CKD,terminal
5,0.375,0.03246604637781911,3,3.0,Glomerular,podocyte_PEC,Lineage2,CKD,terminal
6,0.4583333333333333,0.26188519163086477,2,2.0,Glomerular,podocyte_PEC,Lineage2,CKD,terminal
7,0.5416666666666666,0.17986433521071538,7,7.0,Glomerular,podocyte_PEC,Lineage2,CKD,terminal
8,0.625,0.0940883119743437,2,2.0,Glomerular,podocyte_PEC,Lineage2,CKD,terminal
9,0.7083333333333333,0.12940122722353056,12,12.0,Glomerular,podocyte_PEC,Lineage2,CKD,terminal
10,0.7916666666666666,0.08836340025577143,2,2.0,Glomerular,podocyte_PEC,Lineage2,CKD,terminal
11,0.875,0.05493900384348427,2,2.0,Glomerular,podocyte_PEC,Lineage2,CKD,terminal
12,0.9583333333333333,0.03520385348883403,1,1.0,Glomerular,podocyte_PEC,Lineage2,CKD,terminal
1,0.041666666666666664,0.23099993311063355,7,5.546953472543866,Glomerular,podocyte_PEC,Lineage2,CKD,receptor
2,0.125,0.2161622256081926,9,8.424866261445331,Glomerular,podocyte_PEC,Lineage2,CKD,receptor
3,0.20833333333333331,0.23745780768599248,12,11.43320783181031,Glomerular,podocyte_PEC,Lineage2,CKD,receptor
4,0.29166666666666663,0.25024823679731395,11,11.0,Glomerular,podocyte_PEC,Lineage2,CKD,receptor
5,0.375,0.2150772977042074,3,3.0,Glomerular,podocyte_PEC,Lineage2,CKD,receptor
6,0.4583333333333333,0.20963140185712498,2,2.0,Glomerular,podocyte_PEC,Lineage2,CKD,receptor
7,0.5416666666666666,0.1482656298020106,7,7.0,Glomerular,podocyte_PEC,Lineage2,CKD,receptor
8,0.625,0.25469910513749705,2,2.0,Glomerular,podocyte_PEC,Lineage2,CKD,receptor
9,0.7083333333333333,0.21367634315013348,12,12.0,Glomerular,podocyte_PEC,Lineage2,CKD,receptor
10,0.7916666666666666,0.2595384718150169,2,2.0,Glomerular,podocyte_PEC,Lineage2,CKD,receptor
11,0.875,0.21714483968526233,2,2.0,Glomerular,podocyte_PEC,Lineage2,CKD,receptor
12,0.9583333333333333,0.20812214801817247,1,1.0,Glomerular,podocyte_PEC,Lineage2,CKD,receptor
1,0.041666666666666664,0.34348570165396985,7,5.546953472543866,Glomerular,podocyte_PEC,Lineage2,CKD,regulator
2,0.125,0.38404760909915936,9,8.424866261445331,Glomerular,podocyte_PEC,Lineage2,CKD,regulator
3,0.20833333333333331,0.34921610374170825,12,11.43320783181031,Glomerular,podocyte_PEC,Lineage2,CKD,regulator
4,0.29166666666666663,0.6145153784302599,11,11.0,Glomerular,podocyte_PEC,Lineage2,CKD,regulator
5,0.375,0.564094294421161,3,3.0,Glomerular,podocyte_PEC,Lineage2,CKD,regulator
6,0.4583333333333333,0.8544298863144733,2,2.0,Glomerular,podocyte_PEC,Lineage2,CKD,regulator
7,0.5416666666666666,0.8747190762932836,7,7.0,Glomerular,podocyte_PEC,Lineage2,CKD,regulator
8,0.625,0.5712216562583895,2,2.0,Glomerular,podocyte_PEC,Lineage2,CKD,regulator
9,0.7083333333333333,0.6120394816530289,12,12.0,Glomerular,podocyte_PEC,Lineage2,CKD,regulator
10,0.7916666666666666,0.7348785270805016,2,2.0,Glomerular,podocyte_PEC,Lineage2,CKD,regulator
11,0.875,0.3780044190057282,2,2.0,Glomerular,podocyte_PEC,Lineage2,CKD,regulator
12,0.9583333333333333,0.5273176391730509,1,1.0,Glomerular,podocyte_PEC,Lineage2,CKD,regulator
1,0.041666666666666664,0.0019472746505969979,7,5.546953472543866,Glomerular,podocyte_PEC,Lineage2,CKD,cfhr
2,0.125,0.0005804464009502935,9,8.424866261445331,Glomerular,podocyte_PEC,Lineage2,CKD,cfhr
3,0.20833333333333331,0.0006927404778162498,12,11.43320783181031,Glomerular,podocyte_PEC,Lineage2,CKD,cfhr
4,0.29166666666666663,0.002698517626684959,11,11.0,Glomerular,podocyte_PEC,Lineage2,CKD,cfhr
5,0.375,0.0,3,3.0,Glomerular,podocyte_PEC,Lineage2,CKD,cfhr
6,0.4583333333333333,0.01545084909878523,2,2.0,Glomerular,podocyte_PEC,Lineage2,CKD,cfhr
7,0.5416666666666666,0.005005235381184439,7,7.0,Glomerular,podocyte_PEC,Lineage2,CKD,cfhr
8,0.625,0.0,2,2.0,Glomerular,podocyte_PEC,Lineage2,CKD,cfhr
9,0.7083333333333333,0.00042583412100598354,12,12.0,Glomerular,podocyte_PEC,Lineage2,CKD,cfhr
10,0.7916666666666666,0.0,2,2.0,Glomerular,podocyte_PEC,Lineage2,CKD,cfhr
11,0.875,0.0,2,2.0,Glomerular,podocyte_PEC,Lineage2,CKD,cfhr
12,0.9583333333333333,0.0,1,1.0,Glomerular,podocyte_PEC,Lineage2,CKD,cfhr
1,0.041666666666666664,0.06741176940193568,1,0.385193247044332,Glomerular,podocyte_PEC,Lineage2,AKI,classical
2,0.125,0.06619924740608604,5,4.502170853458082,Glomerular,podocyte_PEC,Lineage2,AKI,classical
3,0.20833333333333331,0.09140973177693375,3,3.0,Glomerular,podocyte_PEC,Lineage2,AKI,classical
4,0.29166666666666663,0.08175415497892263,8,7.827277583662231,Glomerular,podocyte_PEC,Lineage2,AKI,classical
5,0.375,0.11761612036035486,4,4.0,Glomerular,podocyte_PEC,Lineage2,AKI,classical
6,0.4583333333333333,0.15256162011792923,2,2.0,Glomerular,podocyte_PEC,Lineage2,AKI,classical
7,0.5416666666666666,0.15626600764448217,8,8.0,Glomerular,podocyte_PEC,Lineage2,AKI,classical
8,0.625,0.16184422351280897,2,2.0,Glomerular,podocyte_PEC,Lineage2,AKI,classical
9,0.7083333333333333,0.15456221055740116,1,1.0,Glomerular,podocyte_PEC,Lineage2,AKI,classical
10,0.7916666666666666,0.1701909912043267,3,3.0,Glomerular,podocyte_PEC,Lineage2,AKI,classical
11,0.875,,0,0.0,Glomerular,podocyte_PEC,Lineage2,AKI,classical
12,0.9583333333333333,,0,0.0,Glomerular,podocyte_PEC,Lineage2,AKI,classical
1,0.041666666666666664,0.00297996811664472,1,0.385193247044332,Glomerular,podocyte_PEC,Lineage2,AKI,lectin
2,0.125,0.007876106400341268,5,4.502170853458082,Glomerular,podocyte_PEC,Lineage2,AKI,lectin
3,0.20833333333333331,0.009041528714507908,3,3.0,Glomerular,podocyte_PEC,Lineage2,AKI,lectin
4,0.29166666666666663,0.0028608398386786105,8,7.827277583662231,Glomerular,podocyte_PEC,Lineage2,AKI,lectin
5,0.375,0.006244272463018842,4,4.0,Glomerular,podocyte_PEC,Lineage2,AKI,lectin
6,0.4583333333333333,0.0422668597421205,2,2.0,Glomerular,podocyte_PEC,Lineage2,AKI,lectin
7,0.5416666666666666,0.04180778577193703,8,8.0,Glomerular,podocyte_PEC,Lineage2,AKI,lectin
8,0.625,0.024019865923383125,2,2.0,Glomerular,podocyte_PEC,Lineage2,AKI,lectin
9,0.7083333333333333,0.0018328617026779116,1,1.0,Glomerular,podocyte_PEC,Lineage2,AKI,lectin
10,0.7916666666666666,0.0044099178927023905,3,3.0,Glomerular,podocyte_PEC,Lineage2,AKI,lectin
11,0.875,,0,0.0,Glomerular,podocyte_PEC,Lineage2,AKI,lectin
12,0.9583333333333333,,0,0.0,Glomerular,podocyte_PEC,Lineage2,AKI,lectin
1,0.041666666666666664,0.017419394706343058,1,0.385193247044332,Glomerular,podocyte_PEC,Lineage2,AKI,alternative
2,0.125,0.02682318139377475,5,4.502170853458082,Glomerular,podocyte_PEC,Lineage2,AKI,alternative
3,0.20833333333333331,0.082906756718708,3,3.0,Glomerular,podocyte_PEC,Lineage2,AKI,alternative
4,0.29166666666666663,0.02223765998987524,8,7.827277583662231,Glomerular,podocyte_PEC,Lineage2,AKI,alternative
5,0.375,0.03420585357451808,4,4.0,Glomerular,podocyte_PEC,Lineage2,AKI,alternative
6,0.4583333333333333,0.09825845266137952,2,2.0,Glomerular,podocyte_PEC,Lineage2,AKI,alternative
7,0.5416666666666666,0.317697199356486,8,8.0,Glomerular,podocyte_PEC,Lineage2,AKI,alternative
8,0.625,0.10993492509419824,2,2.0,Glomerular,podocyte_PEC,Lineage2,AKI,alternative
9,0.7083333333333333,0.05008533174964578,1,1.0,Glomerular,podocyte_PEC,Lineage2,AKI,alternative
10,0.7916666666666666,0.09878227082792339,3,3.0,Glomerular,podocyte_PEC,Lineage2,AKI,alternative
11,0.875,,0,0.0,Glomerular,podocyte_PEC,Lineage2,AKI,alternative
12,0.9583333333333333,,0,0.0,Glomerular,podocyte_PEC,Lineage2,AKI,alternative
1,0.041666666666666664,0.032296048487473264,1,0.385193247044332,Glomerular,podocyte_PEC,Lineage2,AKI,terminal
2,0.125,0.06966800879470449,5,4.502170853458082,Glomerular,podocyte_PEC,Lineage2,AKI,terminal
3,0.20833333333333331,0.06305346649086756,3,3.0,Glomerular,podocyte_PEC,Lineage2,AKI,terminal
4,0.29166666666666663,0.05073967383656129,8,7.827277583662231,Glomerular,podocyte_PEC,Lineage2,AKI,terminal
5,0.375,0.0686704814702378,4,4.0,Glomerular,podocyte_PEC,Lineage2,AKI,terminal
6,0.4583333333333333,0.148097853512769,2,2.0,Glomerular,podocyte_PEC,Lineage2,AKI,terminal
7,0.5416666666666666,0.10374040153063105,8,8.0,Glomerular,podocyte_PEC,Lineage2,AKI,terminal
8,0.625,0.07738691214756499,2,2.0,Glomerular,podocyte_PEC,Lineage2,AKI,terminal
9,0.7083333333333333,0.024493335744154403,1,1.0,Glomerular,podocyte_PEC,Lineage2,AKI,terminal
10,0.7916666666666666,0.06385576358053253,3,3.0,Glomerular,podocyte_PEC,Lineage2,AKI,terminal
11,0.875,,0,0.0,Glomerular,podocyte_PEC,Lineage2,AKI,terminal
12,0.9583333333333333,,0,0.0,Glomerular,podocyte_PEC,Lineage2,AKI,terminal
1,0.041666666666666664,0.21021322756575206,1,0.385193247044332,Glomerular,podocyte_PEC,Lineage2,AKI,receptor
2,0.125,0.2297719898605326,5,4.502170853458082,Glomerular,podocyte_PEC,Lineage2,AKI,receptor
3,0.20833333333333331,0.2655727990599945,3,3.0,Glomerular,podocyte_PEC,Lineage2,AKI,receptor
4,0.29166666666666663,0.2583101797962247,8,7.827277583662231,Glomerular,podocyte_PEC,Lineage2,AKI,receptor
5,0.375,0.2561993479490591,4,4.0,Glomerular,podocyte_PEC,Lineage2,AKI,receptor
6,0.4583333333333333,0.2195919088455912,2,2.0,Glomerular,podocyte_PEC,Lineage2,AKI,receptor
7,0.5416666666666666,0.12131179694864311,8,8.0,Glomerular,podocyte_PEC,Lineage2,AKI,receptor
8,0.625,0.1653848198426794,2,2.0,Glomerular,podocyte_PEC,Lineage2,AKI,receptor
9,0.7083333333333333,0.22495814885467597,1,1.0,Glomerular,podocyte_PEC,Lineage2,AKI,receptor
10,0.7916666666666666,0.1574315210802735,3,3.0,Glomerular,podocyte_PEC,Lineage2,AKI,receptor
11,0.875,,0,0.0,Glomerular,podocyte_PEC,Lineage2,AKI,receptor
12,0.9583333333333333,,0,0.0,Glomerular,podocyte_PEC,Lineage2,AKI,receptor
1,0.041666666666666664,0.3477668251333902,1,0.385193247044332,Glomerular,podocyte_PEC,Lineage2,AKI,regulator
2,0.125,0.38823874013883114,5,4.502170853458082,Glomerular,podocyte_PEC,Lineage2,AKI,regulator
3,0.20833333333333331,0.4131883003283215,3,3.0,Glomerular,podocyte_PEC,Lineage2,AKI,regulator
4,0.29166666666666663,0.40761874892161504,8,7.827277583662231,Glomerular,podocyte_PEC,Lineage2,AKI,regulator
5,0.375,0.5177418765838565,4,4.0,Glomerular,podocyte_PEC,Lineage2,AKI,regulator
6,0.4583333333333333,0.7804160053571871,2,2.0,Glomerular,podocyte_PEC,Lineage2,AKI,regulator
7,0.5416666666666666,0.8911570381184201,8,8.0,Glomerular,podocyte_PEC,Lineage2,AKI,regulator
8,0.625,0.9259725588163403,2,2.0,Glomerular,podocyte_PEC,Lineage2,AKI,regulator
9,0.7083333333333333,0.810520778161771,1,1.0,Glomerular,podocyte_PEC,Lineage2,AKI,regulator
10,0.7916666666666666,0.7958138845722557,3,3.0,Glomerular,podocyte_PEC,Lineage2,AKI,regulator
11,0.875,,0,0.0,Glomerular,podocyte_PEC,Lineage2,AKI,regulator
12,0.9583333333333333,,0,0.0,Glomerular,podocyte_PEC,Lineage2,AKI,regulator
1,0.041666666666666664,0.0035759617399736634,1,0.385193247044332,Glomerular,podocyte_PEC,Lineage2,AKI,cfhr
2,0.125,0.0,5,4.502170853458082,Glomerular,podocyte_PEC,Lineage2,AKI,cfhr
3,0.20833333333333331,0.0025721866651924863,3,3.0,Glomerular,podocyte_PEC,Lineage2,AKI,cfhr
4,0.29166666666666663,0.0,8,7.827277583662231,Glomerular,podocyte_PEC,Lineage2,AKI,cfhr
5,0.375,0.0,4,4.0,Glomerular,podocyte_PEC,Lineage2,AKI,cfhr
6,0.4583333333333333,0.0,2,2.0,Glomerular,podocyte_PEC,Lineage2,AKI,cfhr
7,0.5416666666666666,0.012820492265889633,8,8.0,Glomerular,podocyte_PEC,Lineage2,AKI,cfhr
8,0.625,0.0,2,2.0,Glomerular,podocyte_PEC,Lineage2,AKI,cfhr
9,0.7083333333333333,0.0,1,1.0,Glomerular,podocyte_PEC,Lineage2,AKI,cfhr
10,0.7916666666666666,0.0,3,3.0,Glomerular,podocyte_PEC,Lineage2,AKI,cfhr
11,0.875,,0,0.0,Glomerular,podocyte_PEC,Lineage2,AKI,cfhr
12,0.9583333333333333,,0,0.0,Glomerular,podocyte_PEC,Lineage2,AKI,cfhr
1,0.041666666666666664,0.057618053572548684,2,1.9980565967796902,Glomerular,endothelial_mesangial,Lineage3,CKD,classical
2,0.125,0.029093029234360256,9,5.704842272871849,Glomerular,endothelial_mesangial,Lineage3,CKD,classical
3,0.20833333333333331,0.05387857536515971,12,9.326503604503067,Glomerular,endothelial_mesangial,Lineage3,CKD,classical
4,0.29166666666666663,0.059961462690336934,14,11.477840377483037,Glomerular,endothelial_mesangial,Lineage3,CKD,classical
5,0.375,0.08424624454545242,10,9.135641538184872,Glomerular,endothelial_mesangial,Lineage3,CKD,classical
6,0.4583333333333333,0.06566066266314077,3,2.253402703634662,Glomerular,endothelial_mesangial,Lineage3,CKD,classical
7,0.5416666666666666,0.08676047939986498,3,3.0,Glomerular,endothelial_mesangial,Lineage3,CKD,classical
8,0.625,0.03726171538787624,2,2.0,Glomerular,endothelial_mesangial,Lineage3,CKD,classical
9,0.7083333333333333,0.051948326874205364,5,5.0,Glomerular,endothelial_mesangial,Lineage3,CKD,classical
10,0.7916666666666666,0.07601522929804609,3,3.0,Glomerular,endothelial_mesangial,Lineage3,CKD,classical
11,0.875,0.08910982131382744,2,2.0,Glomerular,endothelial_mesangial,Lineage3,CKD,classical
12,0.9583333333333333,0.12312830608891152,3,3.0,Glomerular,endothelial_mesangial,Lineage3,CKD,classical
1,0.041666666666666664,0.015577070252517216,2,1.9980565967796902,Glomerular,endothelial_mesangial,Lineage3,CKD,lectin
2,0.125,0.11396189616409677,9,5.704842272871849,Glomerular,endothelial_mesangial,Lineage3,CKD,lectin
3,0.20833333333333331,0.09875881251797256,12,9.326503604503067,Glomerular,endothelial_mesangial,Lineage3,CKD,lectin
4,0.29166666666666663,0.09786140711331896,14,11.477840377483037,Glomerular,endothelial_mesangial,Lineage3,CKD,lectin
5,0.375,0.12701846004092943,10,9.135641538184872,Glomerular,endothelial_mesangial,Lineage3,CKD,lectin
6,0.4583333333333333,0.10966572881088865,3,2.253402703634662,Glomerular,endothelial_mesangial,Lineage3,CKD,lectin
7,0.5416666666666666,0.10620950878993209,3,3.0,Glomerular,endothelial_mesangial,Lineage3,CKD,lectin
8,0.625,0.23243653072222709,2,2.0,Glomerular,endothelial_mesangial,Lineage3,CKD,lectin
9,0.7083333333333333,0.08914281512073247,5,5.0,Glomerular,endothelial_mesangial,Lineage3,CKD,lectin
10,0.7916666666666666,0.03909928472868667,3,3.0,Glomerular,endothelial_mesangial,Lineage3,CKD,lectin
11,0.875,0.09124502413263712,2,2.0,Glomerular,endothelial_mesangial,Lineage3,CKD,lectin
12,0.9583333333333333,0.008440737759630121,3,3.0,Glomerular,endothelial_mesangial,Lineage3,CKD,lectin
1,0.041666666666666664,0.04673121075755165,2,1.9980565967796902,Glomerular,endothelial_mesangial,Lineage3,CKD,alternative
2,0.125,0.028663118184690594,9,5.704842272871849,Glomerular,endothelial_mesangial,Lineage3,CKD,alternative
3,0.20833333333333331,0.05074569983870949,12,9.326503604503067,Glomerular,endothelial_mesangial,Lineage3,CKD,alternative
4,0.29166666666666663,0.048444677115125574,14,11.477840377483037,Glomerular,endothelial_mesangial,Lineage3,CKD,alternative
5,0.375,0.041767539585940774,10,9.135641538184872,Glomerular,endothelial_mesangial,Lineage3,CKD,alternative
6,0.4583333333333333,0.0650784393174769,3,2.253402703634662,Glomerular,endothelial_mesangial,Lineage3,CKD,alternative
7,0.5416666666666666,0.02694339972593521,3,3.0,Glomerular,endothelial_mesangial,Lineage3,CKD,alternative
8,0.625,0.06766978035277756,2,2.0,Glomerular,endothelial_mesangial,Lineage3,CKD,alternative
9,0.7083333333333333,0.044246072618211466,5,5.0,Glomerular,endothelial_mesangial,Lineage3,CKD,alternative
10,0.7916666666666666,0.025197706103874905,3,3.0,Glomerular,endothelial_mesangial,Lineage3,CKD,alternative
11,0.875,0.03620893976115145,2,2.0,Glomerular,endothelial_mesangial,Lineage3,CKD,alternative
12,0.9583333333333333,0.08263456829065083,3,3.0,Glomerular,endothelial_mesangial,Lineage3,CKD,alternative
1,0.041666666666666664,0.07088483175347832,2,1.9980565967796902,Glomerular,endothelial_mesangial,Lineage3,CKD,terminal
2,0.125,0.05126971935195231,9,5.704842272871849,Glomerular,endothelial_mesangial,Lineage3,CKD,terminal
3,0.20833333333333331,0.11818667127887535,12,9.326503604503067,Glomerular,endothelial_mesangial,Lineage3,CKD,terminal
4,0.29166666666666663,0.0831702702890796,14,11.477840377483037,Glomerular,endothelial_mesangial,Lineage3,CKD,terminal
5,0.375,0.12677356709883245,10,9.135641538184872,Glomerular,endothelial_mesangial,Lineage3,CKD,terminal
6,0.4583333333333333,0.15048363439968948,3,2.253402703634662,Glomerular,endothelial_mesangial,Lineage3,CKD,terminal
7,0.5416666666666666,0.041869459833834,3,3.0,Glomerular,endothelial_mesangial,Lineage3,CKD,terminal
8,0.625,0.018783779695876794,2,2.0,Glomerular,endothelial_mesangial,Lineage3,CKD,terminal
9,0.7083333333333333,0.12571143343864438,5,5.0,Glomerular,endothelial_mesangial,Lineage3,CKD,terminal
10,0.7916666666666666,0.1673753436070665,3,3.0,Glomerular,endothelial_mesangial,Lineage3,CKD,terminal
11,0.875,0.05049766862301059,2,2.0,Glomerular,endothelial_mesangial,Lineage3,CKD,terminal
12,0.9583333333333333,0.09862039447044592,3,3.0,Glomerular,endothelial_mesangial,Lineage3,CKD,terminal
1,0.041666666666666664,0.04566481622462987,2,1.9980565967796902,Glomerular,endothelial_mesangial,Lineage3,CKD,receptor
2,0.125,0.019434626706890265,9,5.704842272871849,Glomerular,endothelial_mesangial,Lineage3,CKD,receptor
3,0.20833333333333331,0.015027466529788026,12,9.326503604503067,Glomerular,endothelial_mesangial,Lineage3,CKD,receptor
4,0.29166666666666663,0.02988122546111897,14,11.477840377483037,Glomerular,endothelial_mesangial,Lineage3,CKD,receptor
5,0.375,0.01893807937577886,10,9.135641538184872,Glomerular,endothelial_mesangial,Lineage3,CKD,receptor
6,0.4583333333333333,0.027078794984229073,3,2.253402703634662,Glomerular,endothelial_mesangial,Lineage3,CKD,receptor
7,0.5416666666666666,0.06093803608924065,3,3.0,Glomerular,endothelial_mesangial,Lineage3,CKD,receptor
8,0.625,0.016435807233892194,2,2.0,Glomerular,endothelial_mesangial,Lineage3,CKD,receptor
9,0.7083333333333333,0.09087937241229897,5,5.0,Glomerular,endothelial_mesangial,Lineage3,CKD,receptor
10,0.7916666666666666,0.07687943421106051,3,3.0,Glomerular,endothelial_mesangial,Lineage3,CKD,receptor
11,0.875,0.02472695653816626,2,2.0,Glomerular,endothelial_mesangial,Lineage3,CKD,receptor
12,0.9583333333333333,0.009187785185339218,3,3.0,Glomerular,endothelial_mesangial,Lineage3,CKD,receptor
1,0.041666666666666664,0.3103446277420912,2,1.9980565967796902,Glomerular,endothelial_mesangial,Lineage3,CKD,regulator
2,0.125,0.3798011183516383,9,5.704842272871849,Glomerular,endothelial_mesangial,Lineage3,CKD,regulator
3,0.20833333333333331,0.43662509280843964,12,9.326503604503067,Glomerular,endothelial_mesangial,Lineage3,CKD,regulator
4,0.29166666666666663,0.3638902885014832,14,11.477840377483037,Glomerular,endothelial_mesangial,Lineage3,CKD,regulator
5,0.375,0.5335533262280422,10,9.135641538184872,Glomerular,endothelial_mesangial,Lineage3,CKD,regulator
6,0.4583333333333333,0.5068180664072532,3,2.253402703634662,Glomerular,endothelial_mesangial,Lineage3,CKD,regulator
7,0.5416666666666666,0.2528560200757657,3,3.0,Glomerular,endothelial_mesangial,Lineage3,CKD,regulator
8,0.625,0.8147706343106975,2,2.0,Glomerular,endothelial_mesangial,Lineage3,CKD,regulator
9,0.7083333333333333,0.4315765606921226,5,5.0,Glomerular,endothelial_mesangial,Lineage3,CKD,regulator
10,0.7916666666666666,0.718409017800909,3,3.0,Glomerular,endothelial_mesangial,Lineage3,CKD,regulator
11,0.875,0.713144563029164,2,2.0,Glomerular,endothelial_mesangial,Lineage3,CKD,regulator
12,0.9583333333333333,0.6799760261700687,3,3.0,Glomerular,endothelial_mesangial,Lineage3,CKD,regulator
1,0.041666666666666664,0.0,2,1.9980565967796902,Glomerular,endothelial_mesangial,Lineage3,CKD,cfhr
2,0.125,0.0,9,5.704842272871849,Glomerular,endothelial_mesangial,Lineage3,CKD,cfhr
3,0.20833333333333331,0.0031045258820216856,12,9.326503604503067,Glomerular,endothelial_mesangial,Lineage3,CKD,cfhr
4,0.29166666666666663,0.0011965437052796415,14,11.477840377483037,Glomerular,endothelial_mesangial,Lineage3,CKD,cfhr
5,0.375,0.005001617146558701,10,9.135641538184872,Glomerular,endothelial_mesangial,Lineage3,CKD,cfhr
6,0.4583333333333333,0.04226387548282591,3,2.253402703634662,Glomerular,endothelial_mesangial,Lineage3,CKD,cfhr
7,0.5416666666666666,0.0,3,3.0,Glomerular,endothelial_mesangial,Lineage3,CKD,cfhr
8,0.625,0.0,2,2.0,Glomerular,endothelial_mesangial,Lineage3,CKD,cfhr
9,0.7083333333333333,0.0,5,5.0,Glomerular,endothelial_mesangial,Lineage3,CKD,cfhr
10,0.7916666666666666,0.00893732119365794,3,3.0,Glomerular,endothelial_mesangial,Lineage3,CKD,cfhr
11,0.875,0.0,2,2.0,Glomerular,endothelial_mesangial,Lineage3,CKD,cfhr
12,0.9583333333333333,0.0,3,3.0,Glomerular,endothelial_mesangial,Lineage3,CKD,cfhr
1,0.041666666666666664,0.030605674529302834,5,2.5292183189799458,Glomerular,endothelial_mesangial,Lineage3,AKI,classical
2,0.125,0.07269294247204035,2,1.144359003017903,Glomerular,endothelial_mesangial,Lineage3,AKI,classical
3,0.20833333333333331,0.05488913225845308,4,2.490752108897113,Glomerular,endothelial_mesangial,Lineage3,AKI,classical
4,0.29166666666666663,0.04717464131633349,6,4.1706192589767745,Glomerular,endothelial_mesangial,Lineage3,AKI,classical
5,0.375,0.08018128302876035,1,1.0,Glomerular,endothelial_mesangial,Lineage3,AKI,classical
6,0.4583333333333333,0.1067104447975844,1,1.0,Glomerular,endothelial_mesangial,Lineage3,AKI,classical
7,0.5416666666666666,0.06874764229830665,1,1.0,Glomerular,endothelial_mesangial,Lineage3,AKI,classical
8,0.625,,0,0.0,Glomerular,endothelial_mesangial,Lineage3,AKI,classical
9,0.7083333333333333,,0,0.0,Glomerular,endothelial_mesangial,Lineage3,AKI,classical
10,0.7916666666666666,,0,0.0,Glomerular,endothelial_mesangial,Lineage3,AKI,classical
11,0.875,,0,0.0,Glomerular,endothelial_mesangial,Lineage3,AKI,classical
12,0.9583333333333333,0.17062946531351011,1,1.0,Glomerular,endothelial_mesangial,Lineage3,AKI,classical
1,0.041666666666666664,0.26921717502670284,5,2.5292183189799458,Glomerular,endothelial_mesangial,Lineage3,AKI,lectin
2,0.125,0.07915434535315835,2,1.144359003017903,Glomerular,endothelial_mesangial,Lineage3,AKI,lectin
3,0.20833333333333331,0.09369347130954757,4,2.490752108897113,Glomerular,endothelial_mesangial,Lineage3,AKI,lectin
4,0.29166666666666663,0.109865873564012,6,4.1706192589767745,Glomerular,endothelial_mesangial,Lineage3,AKI,lectin
5,0.375,0.32384621254677487,1,1.0,Glomerular,endothelial_mesangial,Lineage3,AKI,lectin
6,0.4583333333333333,0.2390035383060111,1,1.0,Glomerular,endothelial_mesangial,Lineage3,AKI,lectin
7,0.5416666666666666,0.059171395925323854,1,1.0,Glomerular,endothelial_mesangial,Lineage3,AKI,lectin
8,0.625,,0,0.0,Glomerular,endothelial_mesangial,Lineage3,AKI,lectin
9,0.7083333333333333,,0,0.0,Glomerular,endothelial_mesangial,Lineage3,AKI,lectin
10,0.7916666666666666,,0,0.0,Glomerular,endothelial_mesangial,Lineage3,AKI,lectin
11,0.875,,0,0.0,Glomerular,endothelial_mesangial,Lineage3,AKI,lectin
12,0.9583333333333333,0.06832786067533071,1,1.0,Glomerular,endothelial_mesangial,Lineage3,AKI,lectin
1,0.041666666666666664,0.04323726049547398,5,2.5292183189799458,Glomerular,endothelial_mesangial,Lineage3,AKI,alternative
2,0.125,0.04147539692924446,2,1.144359003017903,Glomerular,endothelial_mesangial,Lineage3,AKI,alternative
3,0.20833333333333331,0.10099215295283936,4,2.490752108897113,Glomerular,endothelial_mesangial,Lineage3,AKI,alternative
4,0.29166666666666663,0.056054796682540514,6,4.1706192589767745,Glomerular,endothelial_mesangial,Lineage3,AKI,alternative
5,0.375,0.0,1,1.0,Glomerular,endothelial_mesangial,Lineage3,AKI,alternative
6,0.4583333333333333,0.11439979237058431,1,1.0,Glomerular,endothelial_mesangial,Lineage3,AKI,alternative
7,0.5416666666666666,0.048296943294484904,1,1.0,Glomerular,endothelial_mesangial,Lineage3,AKI,alternative
8,0.625,,0,0.0,Glomerular,endothelial_mesangial,Lineage3,AKI,alternative
9,0.7083333333333333,,0,0.0,Glomerular,endothelial_mesangial,Lineage3,AKI,alternative
10,0.7916666666666666,,0,0.0,Glomerular,endothelial_mesangial,Lineage3,AKI,alternative
11,0.875,,0,0.0,Glomerular,endothelial_mesangial,Lineage3,AKI,alternative
12,0.9583333333333333,0.49983968872434503,1,1.0,Glomerular,endothelial_mesangial,Lineage3,AKI,alternative
1,0.041666666666666664,0.06680260812964386,5,2.5292183189799458,Glomerular,endothelial_mesangial,Lineage3,AKI,terminal
2,0.125,0.06621096837723056,2,1.144359003017903,Glomerular,endothelial_mesangial,Lineage3,AKI,terminal
3,0.20833333333333331,0.05095434359755091,4,2.490752108897113,Glomerular,endothelial_mesangial,Lineage3,AKI,terminal
4,0.29166666666666663,0.08791379345845138,6,4.1706192589767745,Glomerular,endothelial_mesangial,Lineage3,AKI,terminal
5,0.375,0.09823727907832655,1,1.0,Glomerular,endothelial_mesangial,Lineage3,AKI,terminal
6,0.4583333333333333,0.23633442794737408,1,1.0,Glomerular,endothelial_mesangial,Lineage3,AKI,terminal
7,0.5416666666666666,0.15298525081877565,1,1.0,Glomerular,endothelial_mesangial,Lineage3,AKI,terminal
8,0.625,,0,0.0,Glomerular,endothelial_mesangial,Lineage3,AKI,terminal
9,0.7083333333333333,,0,0.0,Glomerular,endothelial_mesangial,Lineage3,AKI,terminal
10,0.7916666666666666,,0,0.0,Glomerular,endothelial_mesangial,Lineage3,AKI,terminal
11,0.875,,0,0.0,Glomerular,endothelial_mesangial,Lineage3,AKI,terminal
12,0.9583333333333333,0.05754117671835618,1,1.0,Glomerular,endothelial_mesangial,Lineage3,AKI,terminal
1,0.041666666666666664,0.0027807902154829258,5,2.5292183189799458,Glomerular,endothelial_mesangial,Lineage3,AKI,receptor
2,0.125,0.0075574844301500655,2,1.144359003017903,Glomerular,endothelial_mesangial,Lineage3,AKI,receptor
3,0.20833333333333331,0.05629303629584605,4,2.490752108897113,Glomerular,endothelial_mesangial,Lineage3,AKI,receptor
4,0.29166666666666663,0.029008760222628324,6,4.1706192589767745,Glomerular,endothelial_mesangial,Lineage3,AKI,receptor
5,0.375,0.0,1,1.0,Glomerular,endothelial_mesangial,Lineage3,AKI,receptor
6,0.4583333333333333,0.010392268548174275,1,1.0,Glomerular,endothelial_mesangial,Lineage3,AKI,receptor
7,0.5416666666666666,0.024148471647242452,1,1.0,Glomerular,endothelial_mesangial,Lineage3,AKI,receptor
8,0.625,,0,0.0,Glomerular,endothelial_mesangial,Lineage3,AKI,receptor
9,0.7083333333333333,,0,0.0,Glomerular,endothelial_mesangial,Lineage3,AKI,receptor
10,0.7916666666666666,,0,0.0,Glomerular,endothelial_mesangial,Lineage3,AKI,receptor
11,0.875,,0,0.0,Glomerular,endothelial_mesangial,Lineage3,AKI,receptor
12,0.9583333333333333,0.1712047607460576,1,1.0,Glomerular,endothelial_mesangial,Lineage3,AKI,receptor
1,0.041666666666666664,0.44556096412061547,5,2.5292183189799458,Glomerular,endothelial_mesangial,Lineage3,AKI,regulator
2,0.125,0.48005394310043514,2,1.144359003017903,Glomerular,endothelial_mesangial,Lineage3,AKI,regulator
3,0.20833333333333331,0.436008380659529,4,2.490752108897113,Glomerular,endothelial_mesangial,Lineage3,AKI,regulator
4,0.29166666666666663,0.4546661969352867,6,4.1706192589767745,Glomerular,endothelial_mesangial,Lineage3,AKI,regulator
5,0.375,0.5884611896421994,1,1.0,Glomerular,endothelial_mesangial,Lineage3,AKI,regulator
6,0.4583333333333333,0.6178257142255156,1,1.0,Glomerular,endothelial_mesangial,Lineage3,AKI,regulator
7,0.5416666666666666,0.5796096568525759,1,1.0,Glomerular,endothelial_mesangial,Lineage3,AKI,regulator
8,0.625,,0,0.0,Glomerular,endothelial_mesangial,Lineage3,AKI,regulator
9,0.7083333333333333,,0,0.0,Glomerular,endothelial_mesangial,Lineage3,AKI,regulator
10,0.7916666666666666,,0,0.0,Glomerular,endothelial_mesangial,Lineage3,AKI,regulator
11,0.875,,0,0.0,Glomerular,endothelial_mesangial,Lineage3,AKI,regulator
12,0.9583333333333333,1.0008250090889084,1,1.0,Glomerular,endothelial_mesangial,Lineage3,AKI,regulator
1,0.041666666666666664,0.0,5,2.5292183189799458,Glomerular,endothelial_mesangial,Lineage3,AKI,cfhr
2,0.125,0.002164289660870893,2,1.144359003017903,Glomerular,endothelial_mesangial,Lineage3,AKI,cfhr
3,0.20833333333333331,0.0008644986819000028,4,2.490752108897113,Glomerular,endothelial_mesangial,Lineage3,AKI,cfhr
4,0.29166666666666663,0.0,6,4.1706192589767745,Glomerular,endothelial_mesangial,Lineage3,AKI,cfhr
5,0.375,0.0,1,1.0,Glomerular,endothelial_mesangial,Lineage3,AKI,cfhr
6,0.4583333333333333,0.0,1,1.0,Glomerular,endothelial_mesangial,Lineage3,AKI,cfhr
7,0.5416666666666666,0.0,1,1.0,Glomerular,endothelial_mesangial,Lineage3,AKI,cfhr
8,0.625,,0,0.0,Glomerular,endothelial_mesangial,Lineage3,AKI,cfhr
9,0.7083333333333333,,0,0.0,Glomerular,endothelial_mesangial,Lineage3,AKI,cfhr
10,0.7916666666666666,,0,0.0,Glomerular,endothelial_mesangial,Lineage3,AKI,cfhr
11,0.875,,0,0.0,Glomerular,endothelial_mesangial,Lineage3,AKI,cfhr
12,0.9583333333333333,0.0,1,1.0,Glomerular,endothelial_mesangial,Lineage3,AKI,cfhr
