compartment,trajectory,lineage,module,n_primary_module_genes,n_association_supported,n_joint_association_startend_supported,n_donor_supported,fraction_joint_supported,median_late_minus_early,has_donor_support,half_module_supported
FIB,contractile,Lineage1,alternative,4,2,2,0,0.5,0.8130434650406746,False,True
FIB,contractile,Lineage1,classical,10,0,0,0,0.0,,False,False
FIB,contractile,Lineage1,lectin,6,0,0,0,0.0,,False,False
FIB,contractile,Lineage1,receptor,8,0,0,0,0.0,,False,False
FIB,contractile,Lineage1,regulator,6,1,1,0,0.16666666666666666,0.2958388901346113,False,False
FIB,contractile,Lineage1,terminal,7,0,0,0,0.0,,False,False
FIB,contractile,Lineage2,alternative,4,0,0,0,0.0,,False,False
FIB,contractile,Lineage2,classical,10,0,0,0,0.0,,False,False
FIB,contractile,Lineage2,lectin,6,0,0,0,0.0,,False,False
FIB,contractile,Lineage2,receptor,8,0,0,0,0.0,,False,False
FIB,contractile,Lineage2,regulator,6,0,0,0,0.0,,False,False
FIB,contractile,Lineage2,terminal,7,0,0,0,0.0,,False,False
FIB,contractile,Lineage3,alternative,4,0,0,0,0.0,,False,False
FIB,contractile,Lineage3,classical,10,0,0,0,0.0,,False,False
FIB,contractile,Lineage3,lectin,6,0,0,0,0.0,,False,False
FIB,contractile,Lineage3,receptor,8,0,0,0,0.0,,False,False
FIB,contractile,Lineage3,regulator,6,2,1,0,0.16666666666666666,0.2834974211691712,False,False
FIB,contractile,Lineage3,terminal,7,0,0,0,0.0,,False,False
FIB,contractile,Lineage4,alternative,4,0,0,0,0.0,,False,False
FIB,contractile,Lineage4,classical,10,0,0,0,0.0,,False,False
FIB,contractile,Lineage4,lectin,6,0,0,0,0.0,,False,False
FIB,contractile,Lineage4,receptor,8,0,0,0,0.0,,False,False
FIB,contractile,Lineage4,regulator,6,2,1,0,0.16666666666666666,-0.7330496545476426,False,False
FIB,contractile,Lineage4,terminal,7,1,1,0,0.14285714285714285,0.1228555421206714,False,False
FIB,contractile,Lineage5,alternative,4,0,0,0,0.0,,False,False
FIB,contractile,Lineage5,classical,10,0,0,0,0.0,,False,False
FIB,contractile,Lineage5,lectin,6,0,0,0,0.0,,False,False
FIB,contractile,Lineage5,receptor,8,0,0,0,0.0,,False,False
FIB,contractile,Lineage5,regulator,6,0,0,0,0.0,,False,False
FIB,contractile,Lineage5,terminal,7,0,0,0,0.0,,False,False
FIB,contractile,Lineage6,alternative,4,0,0,0,0.0,,False,False
FIB,contractile,Lineage6,classical,10,0,0,0,0.0,,False,False
FIB,contractile,Lineage6,lectin,6,0,0,0,0.0,,False,False
FIB,contractile,Lineage6,receptor,8,0,0,0,0.0,,False,False
FIB,contractile,Lineage6,regulator,6,0,0,0,0.0,,False,False
FIB,contractile,Lineage6,terminal,7,0,0,0,0.0,,False,False
FIB,outer_medullary,Lineage1,alternative,4,1,1,0,0.25,0.3311497111940696,False,False
FIB,outer_medullary,Lineage1,classical,10,2,2,0,0.2,0.5967036603195304,False,False
FIB,outer_medullary,Lineage1,lectin,6,0,0,0,0.0,,False,False
FIB,outer_medullary,Lineage1,receptor,8,1,0,0,0.0,,False,False
FIB,outer_medullary,Lineage1,regulator,6,2,2,0,0.3333333333333333,0.33514007705461424,False,False
FIB,outer_medullary,Lineage1,terminal,7,0,0,0,0.0,,False,False
FIB,outer_medullary,Lineage2,alternative,4,1,0,0,0.0,,False,False
FIB,outer_medullary,Lineage2,classical,10,0,0,0,0.0,,False,False
FIB,outer_medullary,Lineage2,lectin,6,0,0,0,0.0,,False,False
FIB,outer_medullary,Lineage2,receptor,8,0,0,0,0.0,,False,False
FIB,outer_medullary,Lineage2,regulator,6,0,0,0,0.0,,False,False
FIB,outer_medullary,Lineage2,terminal,7,0,0,0,0.0,,False,False
Glomerular,endothelial_mesangial,Lineage1,alternative,4,0,0,0,0.0,,False,False
Glomerular,endothelial_mesangial,Lineage1,classical,10,0,0,0,0.0,,False,False
Glomerular,endothelial_mesangial,Lineage1,lectin,6,0,0,0,0.0,,False,False
Glomerular,endothelial_mesangial,Lineage1,receptor,8,0,0,0,0.0,,False,False
Glomerular,endothelial_mesangial,Lineage1,regulator,6,0,0,0,0.0,,False,False
Glomerular,endothelial_mesangial,Lineage1,terminal,7,1,1,0,0.14285714285714285,0.1423662535278163,False,False
Glomerular,endothelial_mesangial,Lineage2,alternative,4,0,0,0,0.0,,False,False
Glomerular,endothelial_mesangial,Lineage2,classical,10,0,0,0,0.0,,False,False
Glomerular,endothelial_mesangial,Lineage2,lectin,6,1,1,0,0.16666666666666666,0.8024514697826259,False,False
Glomerular,endothelial_mesangial,Lineage2,receptor,8,0,0,0,0.0,,False,False
Glomerular,endothelial_mesangial,Lineage2,regulator,6,0,0,0,0.0,,False,False
Glomerular,endothelial_mesangial,Lineage2,terminal,7,0,0,0,0.0,,False,False
Glomerular,endothelial_mesangial,Lineage3,alternative,4,0,0,0,0.0,,False,False
Glomerular,endothelial_mesangial,Lineage3,classical,10,0,0,0,0.0,,False,False
Glomerular,endothelial_mesangial,Lineage3,lectin,6,0,0,0,0.0,,False,False
Glomerular,endothelial_mesangial,Lineage3,receptor,8,1,1,0,0.125,0.2861245430842604,False,False
Glomerular,endothelial_mesangial,Lineage3,regulator,6,2,2,0,0.3333333333333333,0.37283361582802577,False,False
Glomerular,endothelial_mesangial,Lineage3,terminal,7,1,0,0,0.0,,False,False
Glomerular,endothelial_mesangial,Lineage4,alternative,4,0,0,0,0.0,,False,False
Glomerular,endothelial_mesangial,Lineage4,classical,10,0,0,0,0.0,,False,False
Glomerular,endothelial_mesangial,Lineage4,lectin,6,0,0,0,0.0,,False,False
Glomerular,endothelial_mesangial,Lineage4,receptor,8,0,0,0,0.0,,False,False
Glomerular,endothelial_mesangial,Lineage4,regulator,6,1,0,0,0.0,,False,False
Glomerular,endothelial_mesangial,Lineage4,terminal,7,0,0,0,0.0,,False,False
Glomerular,podocyte_PEC,Lineage1,alternative,4,0,0,0,0.0,,False,False
Glomerular,podocyte_PEC,Lineage1,classical,10,1,0,0,0.0,,False,False
Glomerular,podocyte_PEC,Lineage1,lectin,6,0,0,0,0.0,,False,False
Glomerular,podocyte_PEC,Lineage1,receptor,8,2,1,0,0.125,-1.5733889103557177,False,False
Glomerular,podocyte_PEC,Lineage1,regulator,6,1,0,0,0.0,,False,False
Glomerular,podocyte_PEC,Lineage1,terminal,7,1,0,0,0.0,,False,False
Glomerular,podocyte_PEC,Lineage2,alternative,4,2,0,0,0.0,,False,False
Glomerular,podocyte_PEC,Lineage2,classical,10,2,1,0,0.1,0.460593368186013,False,False
Glomerular,podocyte_PEC,Lineage2,lectin,6,1,0,0,0.0,,False,False
Glomerular,podocyte_PEC,Lineage2,receptor,8,1,0,0,0.0,,False,False
Glomerular,podocyte_PEC,Lineage2,regulator,6,1,1,0,0.16666666666666666,0.3368044633657912,False,False
Glomerular,podocyte_PEC,Lineage2,terminal,7,0,0,0,0.0,,False,False
Glomerular,podocyte_PEC,Lineage3,alternative,4,1,0,0,0.0,,False,False
Glomerular,podocyte_PEC,Lineage3,classical,10,2,0,0,0.0,,False,False
Glomerular,podocyte_PEC,Lineage3,lectin,6,0,0,0,0.0,,False,False
Glomerular,podocyte_PEC,Lineage3,receptor,8,1,0,0,0.0,,False,False
Glomerular,podocyte_PEC,Lineage3,regulator,6,1,0,0,0.0,,False,False
Glomerular,podocyte_PEC,Lineage3,terminal,7,0,0,0,0.0,,False,False
PT,PT,Lineage1,alternative,4,3,3,0,0.75,0.0946067213223571,False,True
PT,PT,Lineage1,classical,10,8,4,0,0.4,-0.0085781957280041,False,False
PT,PT,Lineage1,lectin,6,1,1,0,0.16666666666666666,-0.0422913719270436,False,False
PT,PT,Lineage1,receptor,8,5,3,0,0.375,-0.0112903519142149,False,False
PT,PT,Lineage1,regulator,6,6,5,0,0.8333333333333334,-0.0096583913311264,False,True
PT,PT,Lineage1,terminal,7,5,5,0,0.7142857142857143,-0.1028502343985113,False,True
PT,PT,Lineage10,alternative,4,1,0,0,0.0,,False,False
PT,PT,Lineage10,classical,10,0,0,0,0.0,,False,False
PT,PT,Lineage10,lectin,6,0,0,0,0.0,,False,False
PT,PT,Lineage10,receptor,8,0,0,0,0.0,,False,False
PT,PT,Lineage10,regulator,6,1,0,0,0.0,,False,False
PT,PT,Lineage10,terminal,7,1,0,0,0.0,,False,False
PT,PT,Lineage11,alternative,4,0,0,0,0.0,,False,False
PT,PT,Lineage11,classical,10,0,0,0,0.0,,False,False
PT,PT,Lineage11,lectin,6,0,0,0,0.0,,False,False
PT,PT,Lineage11,receptor,8,0,0,0,0.0,,False,False
PT,PT,Lineage11,regulator,6,0,0,1,0.0,,False,False
PT,PT,Lineage11,terminal,7,0,0,0,0.0,,False,False
PT,PT,Lineage2,alternative,4,0,0,3,0.0,,False,False
PT,PT,Lineage2,classical,10,3,2,3,0.2,-0.07431432249099229,True,False
PT,PT,Lineage2,lectin,6,0,0,1,0.0,,False,False
PT,PT,Lineage2,receptor,8,1,1,1,0.125,-0.0935130410584337,True,False
PT,PT,Lineage2,regulator,6,4,2,5,0.3333333333333333,0.08906583946963391,True,False
PT,PT,Lineage2,terminal,7,1,1,4,0.14285714285714285,0.0119354787440369,False,False
PT,PT,Lineage3,alternative,4,3,2,3,0.5,0.5628494666632183,True,True
PT,PT,Lineage3,classical,10,3,1,3,0.1,0.1662729639901365,True,False
PT,PT,Lineage3,lectin,6,2,1,2,0.16666666666666666,-0.051705804981672,True,False
PT,PT,Lineage3,receptor,8,3,1,1,0.125,0.0062221115871297,False,False
PT,PT,Lineage3,regulator,6,2,1,3,0.16666666666666666,0.3436789917156971,True,False
PT,PT,Lineage3,terminal,7,5,2,5,0.2857142857142857,-0.0591751298283682,True,False
PT,PT,Lineage4,alternative,4,1,0,0,0.0,,False,False
PT,PT,Lineage4,classical,10,3,0,1,0.0,,False,False
PT,PT,Lineage4,lectin,6,0,0,0,0.0,,False,False
PT,PT,Lineage4,receptor,8,1,0,0,0.0,,False,False
PT,PT,Lineage4,regulator,6,2,0,2,0.0,,False,False
PT,PT,Lineage4,terminal,7,3,0,1,0.0,,False,False
PT,PT,Lineage5,alternative,4,1,1,2,0.25,0.0900025656107809,False,False
PT,PT,Lineage5,classical,10,2,0,2,0.0,,False,False
PT,PT,Lineage5,lectin,6,1,0,1,0.0,,False,False
PT,PT,Lineage5,receptor,8,2,1,1,0.125,0.1249191545576768,False,False
PT,PT,Lineage5,regulator,6,4,1,2,0.16666666666666666,0.0680101957750479,False,False
PT,PT,Lineage5,terminal,7,1,1,0,0.14285714285714285,0.0721028218500619,False,False
PT,PT,Lineage6,alternative,4,1,0,1,0.0,,False,False
PT,PT,Lineage6,classical,10,0,0,0,0.0,,False,False
PT,PT,Lineage6,lectin,6,1,0,1,0.0,,False,False
PT,PT,Lineage6,receptor,8,0,0,2,0.0,,False,False
PT,PT,Lineage6,regulator,6,2,1,3,0.16666666666666666,0.2858148802669553,True,False
PT,PT,Lineage6,terminal,7,1,0,4,0.0,,False,False
PT,PT,Lineage7,alternative,4,0,0,1,0.0,,False,False
PT,PT,Lineage7,classical,10,1,1,1,0.1,-0.0072574323793727,True,False
PT,PT,Lineage7,lectin,6,0,0,0,0.0,,False,False
PT,PT,Lineage7,receptor,8,2,0,2,0.0,,False,False
PT,PT,Lineage7,regulator,6,2,0,3,0.0,,False,False
PT,PT,Lineage7,terminal,7,1,1,3,0.14285714285714285,-0.0227682943112985,True,False
PT,PT,Lineage8,alternative,4,1,1,0,0.25,0.1159646530841999,False,False
PT,PT,Lineage8,classical,10,3,0,0,0.0,,False,False
PT,PT,Lineage8,lectin,6,0,0,0,0.0,,False,False
PT,PT,Lineage8,receptor,8,1,0,0,0.0,,False,False
PT,PT,Lineage8,regulator,6,2,0,0,0.0,,False,False
PT,PT,Lineage8,terminal,7,3,1,0,0.14285714285714285,0.1276715795859636,False,False
PT,PT,Lineage9,alternative,4,0,0,0,0.0,,False,False
PT,PT,Lineage9,classical,10,0,0,0,0.0,,False,False
PT,PT,Lineage9,lectin,6,0,0,0,0.0,,False,False
PT,PT,Lineage9,receptor,8,0,0,0,0.0,,False,False
PT,PT,Lineage9,regulator,6,1,1,3,0.16666666666666666,0.2849597922960843,True,False
PT,PT,Lineage9,terminal,7,0,0,2,0.0,,False,False
