pseudotime_bin,pseudotime_midpoint,weighted_mean_expression,pooled_metacell_mean,donor_mean_expression,donor_sd,donor_sem,ci95_low,ci95_high,n_donors,n_metacells,sum_weight,compartment,trajectory,lineage,gene,group,module,start_end_logFC,association_q,start_end_q,panel
1,0.041666666666666664,0.027097201579874816,0.02623792453928308,0.027097201579874816,0.029623282065773502,0.004743521466839659,0.01749444440601347,0.03669995875373616,39,409,340.06208827481237,PT,PT,Lineage3,C3,All,alternative,5.58631010817289,0.0,0.0,B
2,0.125,0.05057249978378707,0.04300389018428653,0.05057249978378707,0.07959832084778376,0.009380752073755074,0.031867811400919044,0.0692771881666551,72,673,546.741374932681,PT,PT,Lineage3,C3,All,alternative,5.58631010817289,0.0,0.0,B
3,0.20833333333333331,0.07977690297054356,0.08232043278527552,0.07977690297054356,0.11483540192868824,0.013628454872028625,0.05259580679767084,0.10695799914341628,71,502,306.0747940267638,PT,PT,Lineage3,C3,All,alternative,5.58631010817289,0.0,0.0,B
4,0.29166666666666663,0.23910348845834525,0.2024683036986349,0.23910348845834525,0.2040156741042128,0.04254020874429906,0.15088049524052854,0.32732648167616196,23,155,119.349663157181,PT,PT,Lineage3,C3,All,alternative,5.58631010817289,0.0,0.0,B
5,0.375,0.14223157709172482,0.1557164054873562,0.14223157709172482,0.18485777791399932,0.03557589594681452,0.06910427566695199,0.21535887851649765,27,134,111.51340952083389,PT,PT,Lineage3,C3,All,alternative,5.58631010817289,0.0,0.0,B
6,0.4583333333333333,0.14661709334469708,0.14055372357186713,0.14661709334469708,0.2539521854783227,0.04887312088240113,0.04615695461256991,0.24707723207682425,27,155,146.44079655625026,PT,PT,Lineage3,C3,All,alternative,5.58631010817289,0.0,0.0,B
7,0.5416666666666666,0.2664542419870636,0.24505407218515496,0.2664542419870636,0.2619436702268932,0.05716079507758517,0.14721891283856794,0.38568957113555924,21,137,126.20835714998594,PT,PT,Lineage3,C3,All,alternative,5.58631010817289,0.0,0.0,B
8,0.625,0.19332162451352264,0.2497155122607796,0.19332162451352264,0.2779138482489815,0.055582769649796304,0.07860442618200643,0.30803882284503886,25,124,81.39704473700887,PT,PT,Lineage3,C3,All,alternative,5.58631010817289,0.0,0.0,B
9,0.7083333333333333,0.17736955309043065,0.3523241092697923,0.17736955309043065,0.2983592492735418,0.058513062850257064,0.056859644310649674,0.29787946187021164,26,164,132.81926894098208,PT,PT,Lineage3,C3,All,alternative,5.58631010817289,0.0,0.0,B
10,0.7916666666666666,0.2880408107664425,0.26887107420834,0.2880408107664425,0.2067474093101661,0.09246025227790086,0.03132999590411101,0.544751625628774,5,56,56.0,PT,PT,Lineage3,C3,All,alternative,5.58631010817289,0.0,0.0,B
11,0.875,0.8681577466764495,0.9685775921265344,0.8681577466764495,0.459044244445916,0.15301474814863866,0.5153051046984648,1.2210103886544341,9,57,57.0,PT,PT,Lineage3,C3,All,alternative,5.58631010817289,0.0,0.0,B
12,0.9583333333333333,0.631566730061132,1.0664509019271564,0.631566730061132,0.7067053006400101,0.2671094965292289,-0.02202666254960428,1.285160122671868,7,47,47.0,PT,PT,Lineage3,C3,All,alternative,5.58631010817289,0.0,0.0,B
1,0.041666666666666664,0.05370443879039904,0.05370443879039904,0.061344406112207775,,,,,4,19,11.977033315003501,PT,PT,Lineage3,C3,CKD,alternative,5.58631010817289,0.0,0.0,B
2,0.125,0.06566725051902196,0.07347601324082595,0.06566725051902196,0.05913684182136286,0.012071257288501634,0.04069595226183674,0.09063854877620718,24,141,120.62368054517826,PT,PT,Lineage3,C3,CKD,alternative,5.58631010817289,0.0,0.0,B
3,0.20833333333333331,0.06877758610810356,0.068479019534689,0.06877758610810356,0.08552262660151305,0.0158811530685577,0.03624651874252651,0.1013086534736806,29,185,117.54006217567482,PT,PT,Lineage3,C3,CKD,alternative,5.58631010817289,0.0,0.0,B
4,0.29166666666666663,0.09436675453423304,0.11345418103629762,0.09436675453423304,0.05694308906233278,0.02546572359844017,0.023662570899023752,0.16507093816944235,5,31,27.367404949854382,PT,PT,Lineage3,C3,CKD,alternative,5.58631010817289,0.0,0.0,B
5,0.375,0.2044876870327329,0.24117866946358374,0.2044876870327329,0.2140025180597049,0.0713341726865683,0.039990789836138324,0.36898458422932745,9,45,37.92787838387348,PT,PT,Lineage3,C3,CKD,alternative,5.58631010817289,0.0,0.0,B
6,0.4583333333333333,0.16314329402059496,0.20045078377266287,0.16314329402059496,0.1843806634030271,0.06518840870597738,0.008997201871698668,0.31728938616949126,8,31,29.404670946109725,PT,PT,Lineage3,C3,CKD,alternative,5.58631010817289,0.0,0.0,B
7,0.5416666666666666,0.4053524619614943,0.4053524619614943,0.2880020561920615,,,,,4,42,39.618029815580776,PT,PT,Lineage3,C3,CKD,alternative,5.58631010817289,0.0,0.0,B
8,0.625,0.15088524299763273,0.19340197479332505,0.15088524299763273,0.15810202556252848,0.05270067518750949,0.029357268087184266,0.2724132179080812,9,44,27.56462848408621,PT,PT,Lineage3,C3,CKD,alternative,5.58631010817289,0.0,0.0,B
9,0.7083333333333333,0.0751367456655504,0.1350490111039375,0.0751367456655504,0.18404668781387412,0.07513674566555041,-0.11800840793113904,0.26828189926223983,6,26,15.983083696125338,PT,PT,Lineage3,C3,CKD,alternative,5.58631010817289,0.0,0.0,B
10,0.7916666666666666,1.318912006482732,1.318912006482732,,,,,,0,1,1.0,PT,PT,Lineage3,C3,CKD,alternative,5.58631010817289,0.0,0.0,B
11,0.875,1.5170213291218904,1.5170213291218904,,,,,,0,3,3.0,PT,PT,Lineage3,C3,CKD,alternative,5.58631010817289,0.0,0.0,B
12,0.9583333333333333,1.268840916596757,1.268840916596757,,,,,,0,2,2.0,PT,PT,Lineage3,C3,CKD,alternative,5.58631010817289,0.0,0.0,B
1,0.041666666666666664,0.13101350084311797,0.13101350084311797,0.13101350084311797,,,,,1,9,7.464793938930383,PT,PT,Lineage3,C3,AKI,alternative,5.58631010817289,0.0,0.0,B
2,0.125,0.4021198822144291,0.4021198822144291,0.3455790702001105,,,,,2,12,10.089109291830955,PT,PT,Lineage3,C3,AKI,alternative,5.58631010817289,0.0,0.0,B
3,0.20833333333333331,0.23668520008499352,0.2731775959291458,0.23668520008499352,0.16843635559838474,0.05078547205224731,0.12352811669000173,0.3498422834799853,11,57,43.44357625335297,PT,PT,Lineage3,C3,AKI,alternative,5.58631010817289,0.0,0.0,B
4,0.29166666666666663,0.36047664511506905,0.37599222607549615,0.36047664511506905,0.18041156257692192,0.060137187525640644,0.22180004200139336,0.49915324822874474,9,36,26.906133352945783,PT,PT,Lineage3,C3,AKI,alternative,5.58631010817289,0.0,0.0,B
5,0.375,0.4998035726393692,0.4998035726393692,0.40284959760245365,,,,,2,13,10.37166605959088,PT,PT,Lineage3,C3,AKI,alternative,5.58631010817289,0.0,0.0,B
6,0.4583333333333333,0.5507778863837,0.5507778863837,0.6844054556302637,,,,,3,16,15.195518637396841,PT,PT,Lineage3,C3,AKI,alternative,5.58631010817289,0.0,0.0,B
7,0.5416666666666666,0.38623824834272336,0.31804083419205204,0.38623824834272336,0.21372449799907992,0.0872526609383717,0.1619481430236109,0.6105283536618358,6,26,24.04292272883005,PT,PT,Lineage3,C3,AKI,alternative,5.58631010817289,0.0,0.0,B
8,0.625,0.4767488894897261,0.4767488894897261,0.7432306804297629,,,,,3,12,9.502750678767196,PT,PT,Lineage3,C3,AKI,alternative,5.58631010817289,0.0,0.0,B
9,0.7083333333333333,0.4740441988126957,0.7688174770924225,0.4740441988126957,0.48636240728975555,0.19855662132193178,-0.03636184530278014,0.9844502429281716,6,47,44.892648290675076,PT,PT,Lineage3,C3,AKI,alternative,5.58631010817289,0.0,0.0,B
10,0.7916666666666666,0.5837875998268668,0.5837875998268668,0.487019956804593,,,,,2,7,7.0,PT,PT,Lineage3,C3,AKI,alternative,5.58631010817289,0.0,0.0,B
11,0.875,1.2162501031921888,1.2162501031921888,1.1545096242570205,,,,,4,16,16.0,PT,PT,Lineage3,C3,AKI,alternative,5.58631010817289,0.0,0.0,B
12,0.9583333333333333,1.6209622558396029,1.6209622558396029,1.7774715339918916,,,,,1,16,16.0,PT,PT,Lineage3,C3,AKI,alternative,5.58631010817289,0.0,0.0,B
1,0.041666666666666664,0.02001175695068144,0.022772468427321755,0.02001175695068144,0.02077293050861832,0.003562528191491698,0.012763738847497055,0.02725977505386582,34,381,320.6202610208785,PT,PT,Lineage3,C3,Control/Other,alternative,5.58631010817289,0.0,0.0,B
2,0.125,0.02987060503425915,0.025459855013089564,0.02987060503425915,0.03990016175113926,0.005882957899484778,0.018021719592263515,0.041719490476254784,46,520,416.0285850956718,PT,PT,Lineage3,C3,Control/Other,alternative,5.58631010817289,0.0,0.0,B
3,0.20833333333333331,0.03438944880124709,0.03638657059353899,0.03438944880124709,0.05668829754873225,0.01018151880262374,0.013596013387335473,0.05518288421515871,31,260,145.09115559773605,PT,PT,Lineage3,C3,Control/Other,alternative,5.58631010817289,0.0,0.0,B
4,0.29166666666666663,0.19813962842612823,0.1681581437246342,0.19813962842612823,0.22076770588669603,0.07358923529556534,0.028442547528042206,0.36783670932421425,9,88,65.07612485438084,PT,PT,Lineage3,C3,Control/Other,alternative,5.58631010817289,0.0,0.0,B
5,0.375,0.07463526268606668,0.047984351146793766,0.07463526268606668,0.11223103914563334,0.028057759786408336,0.014831563339913992,0.1344389620322194,16,76,63.21386507736953,PT,PT,Lineage3,C3,Control/Other,alternative,5.58631010817289,0.0,0.0,B
6,0.4583333333333333,0.03751867507820441,0.062050437947291516,0.03751867507820441,0.039695851458038486,0.009923962864509622,0.01636624894049778,0.05867110121591104,16,108,101.84060697274369,PT,PT,Lineage3,C3,Control/Other,alternative,5.58631010817289,0.0,0.0,B
7,0.5416666666666666,0.1932819424457954,0.1154640193952513,0.1932819424457954,0.2943633575694229,0.08875389173518171,-0.004474051992452821,0.39103793688404365,11,69,62.54740460557511,PT,PT,Lineage3,C3,Control/Other,alternative,5.58631010817289,0.0,0.0,B
8,0.625,0.09579856804385253,0.23606370973053564,0.09579856804385253,0.09514177406216456,0.02638758037074955,0.03830496938828885,0.15329216669941623,13,68,44.32966557415546,PT,PT,Lineage3,C3,Control/Other,alternative,5.58631010817289,0.0,0.0,B
9,0.7083333333333333,0.0940373366772657,0.14070309586746915,0.0940373366772657,0.11939726772225408,0.03191026205239985,0.025099406719803805,0.1629752666347276,14,91,71.94353695418167,PT,PT,Lineage3,C3,Control/Other,alternative,5.58631010817289,0.0,0.0,B
10,0.7916666666666666,0.20106989479992166,0.20106989479992166,0.15538804674100884,,,,,3,48,48.0,PT,PT,Lineage3,C3,Control/Other,alternative,5.58631010817289,0.0,0.0,B
11,0.875,0.6390762446119925,0.8209962398097833,0.6390762446119925,0.4696392923366379,0.2100290765139237,0.05594204317569518,1.2222104460482899,5,38,38.0,PT,PT,Lineage3,C3,Control/Other,alternative,5.58631010817289,0.0,0.0,B
12,0.9583333333333333,0.4405825960726719,0.746555671170662,0.4405825960726719,0.5412294957654467,0.2209560163948622,-0.1274029261465205,1.0085681182918642,6,29,29.0,PT,PT,Lineage3,C3,Control/Other,alternative,5.58631010817289,0.0,0.0,B
1,0.041666666666666664,0.1379359733449185,0.14600919769142326,0.1379359733449185,0.04436050260478759,0.0069279465710589865,0.12393407102479445,0.15193787566504255,41,416,344.6811721631068,PT,PT,Lineage2,C1S,All,classical,-2.83821460345483,0.0,1.3689117447518817e-08,C
2,0.125,0.1338647443516779,0.12500216344723933,0.1338647443516779,0.050650577091495945,0.005888009987898189,0.12212995736858603,0.14559953133476974,74,687,553.9032477209337,PT,PT,Lineage2,C1S,All,classical,-2.83821460345483,0.0,1.3689117447518817e-08,C
3,0.20833333333333331,0.1367061476023045,0.1397693046804196,0.1367061476023045,0.0659000706189371,0.007933436219873177,0.12087522210606737,0.15253707309854167,69,482,296.6911554216136,PT,PT,Lineage2,C1S,All,classical,-2.83821460345483,0.0,1.3689117447518817e-08,C
4,0.29166666666666663,0.1963292150496798,0.15619139146277444,0.1963292150496798,0.133054758738208,0.027159688896477577,0.14014511791736795,0.25251331218199163,24,157,124.30220364047699,PT,PT,Lineage2,C1S,All,classical,-2.83821460345483,0.0,1.3689117447518817e-08,C
5,0.375,0.16189707697098527,0.14842356506734267,0.16189707697098527,0.09068003209660784,0.017451380313700148,0.12602525099122194,0.1977689029507486,27,129,113.08254465823454,PT,PT,Lineage2,C1S,All,classical,-2.83821460345483,0.0,1.3689117447518817e-08,C
6,0.4583333333333333,0.1783735655544126,0.18854340642892528,0.1783735655544126,0.1105214446150259,0.02210428892300518,0.13275255544041203,0.2239945756684132,25,150,143.99032421523532,PT,PT,Lineage2,C1S,All,classical,-2.83821460345483,0.0,1.3689117447518817e-08,C
7,0.5416666666666666,0.15424979698064198,0.1266764720988648,0.15424979698064198,0.15467669788408064,0.034586761100400217,0.08185887403343232,0.22664071992785162,20,127,123.74065553406498,PT,PT,Lineage2,C1S,All,classical,-2.83821460345483,0.0,1.3689117447518817e-08,C
8,0.625,0.12075444105758151,0.12905386150023118,0.12075444105758151,0.1403374563796931,0.03508436409492328,0.04597388915121947,0.19553499296394355,16,74,65.04180948253214,PT,PT,Lineage2,C1S,All,classical,-2.83821460345483,0.0,1.3689117447518817e-08,C
9,0.7083333333333333,0.06495072209180244,0.06144854112068995,0.06495072209180244,0.11287213654920707,0.02660421772031943,0.008820729109406962,0.12108071507419793,18,86,85.54497763851997,PT,PT,Lineage2,C1S,All,classical,-2.83821460345483,0.0,1.3689117447518817e-08,C
10,0.7916666666666666,0.05697388545835767,0.07205081111516207,0.05697388545835767,0.10535977777848508,0.02417119073949046,0.006192098094893975,0.10775567282182137,19,111,111.0,PT,PT,Lineage2,C1S,All,classical,-2.83821460345483,0.0,1.3689117447518817e-08,C
11,0.875,0.046711033518840386,0.04823021985468088,0.046711033518840386,0.08197344390707711,0.018805997791839425,0.007201098269242111,0.08622096876843865,19,95,95.0,PT,PT,Lineage2,C1S,All,classical,-2.83821460345483,0.0,1.3689117447518817e-08,C
12,0.9583333333333333,0.0139581307588466,0.0139581307588466,0.015121308322083816,,,,,3,13,13.0,PT,PT,Lineage2,C1S,All,classical,-2.83821460345483,0.0,1.3689117447518817e-08,C
1,0.041666666666666664,0.18457717317209782,0.14889180956682194,0.18457717317209782,0.04829706698205155,0.021599104977145577,0.12460844388164857,0.24454590246254707,5,20,12.447498516292768,PT,PT,Lineage2,C1S,CKD,classical,-2.83821460345483,0.0,1.3689117447518817e-08,C
2,0.125,0.16216985893893707,0.1540811364403144,0.16216985893893707,0.06133673826593332,0.012029124050697204,0.1373954142006743,0.18694430367719983,26,147,124.87679414014534,PT,PT,Lineage2,C1S,CKD,classical,-2.83821460345483,0.0,1.3689117447518817e-08,C
3,0.20833333333333331,0.14347450165836723,0.13779848773162895,0.14347450165836723,0.07582649374659953,0.014080626399054908,0.1146316459815925,0.17231735733514195,29,178,113.72966652892853,PT,PT,Lineage2,C1S,CKD,classical,-2.83821460345483,0.0,1.3689117447518817e-08,C
4,0.29166666666666663,0.16356960074316076,0.16752449112946888,0.16356960074316076,0.12073201074430374,0.04928863699062675,0.0368691257917835,0.290270075694538,6,32,28.633164813456013,PT,PT,Lineage2,C1S,CKD,classical,-2.83821460345483,0.0,1.3689117447518817e-08,C
5,0.375,0.16508078520328212,0.14855252252166656,0.16508078520328212,0.10617082916741322,0.03539027638913774,0.08347066150391214,0.2466909089026521,9,44,38.94864109963714,PT,PT,Lineage2,C1S,CKD,classical,-2.83821460345483,0.0,1.3689117447518817e-08,C
6,0.4583333333333333,0.2506880013751512,0.21619900188686814,0.2506880013751512,0.15454944607068064,0.06309454715049237,0.08849830454239654,0.4128776982079058,6,30,28.789147483118406,PT,PT,Lineage2,C1S,CKD,classical,-2.83821460345483,0.0,1.3689117447518817e-08,C
7,0.5416666666666666,0.11169253880131116,0.11169253880131116,0.1922471147744369,,,,,4,41,40.39928914124507,PT,PT,Lineage2,C1S,CKD,classical,-2.83821460345483,0.0,1.3689117447518817e-08,C
8,0.625,0.10143839054672536,0.14407263194743233,0.10143839054672536,0.1757698796485958,0.0717577528815782,-0.08302078557673893,0.2858975666701897,6,28,25.055852385990402,PT,PT,Lineage2,C1S,CKD,classical,-2.83821460345483,0.0,1.3689117447518817e-08,C
9,0.7083333333333333,0.014323716519899134,0.04132617193939629,0.014323716519899134,0.037896991761840665,0.014323716519899133,-0.02072515518508303,0.0493725882248813,7,29,29.0,PT,PT,Lineage2,C1S,CKD,classical,-2.83821460345483,0.0,1.3689117447518817e-08,C
10,0.7916666666666666,0.041154614677301755,0.0626046769917691,0.041154614677301755,0.05829361098390939,0.02060990381328647,-0.007580063702590033,0.08988929305719354,8,40,40.0,PT,PT,Lineage2,C1S,CKD,classical,-2.83821460345483,0.0,1.3689117447518817e-08,C
11,0.875,0.0821100569393589,0.06015067532735536,0.0821100569393589,0.11196705396049793,0.039586331562474084,-0.011496742704860202,0.175716856583578,8,34,34.0,PT,PT,Lineage2,C1S,CKD,classical,-2.83821460345483,0.0,1.3689117447518817e-08,C
12,0.9583333333333333,0.0,0.0,,,,,,0,2,2.0,PT,PT,Lineage2,C1S,CKD,classical,-2.83821460345483,0.0,1.3689117447518817e-08,C
1,0.041666666666666664,0.17802817566244653,0.17802817566244653,0.17802817566244653,,,,,1,9,7.470674769804104,PT,PT,Lineage2,C1S,AKI,classical,-2.83821460345483,0.0,1.3689117447518817e-08,C
2,0.125,0.10968140549694334,0.10968140549694334,0.11881025141181728,,,,,2,13,11.089629283924541,PT,PT,Lineage2,C1S,AKI,classical,-2.83821460345483,0.0,1.3689117447518817e-08,C
3,0.20833333333333331,0.16088937306845855,0.15958424479523275,0.16088937306845855,0.07578804665820807,0.0228509558508386,0.10997427053266953,0.21180447560424756,11,57,43.72471018703489,PT,PT,Lineage2,C1S,AKI,classical,-2.83821460345483,0.0,1.3689117447518817e-08,C
4,0.29166666666666663,0.20970321848642923,0.19999706228162775,0.20970321848642923,0.09305177140010759,0.031017257133369197,0.13817729527418895,0.2812291416986695,9,36,27.4864839938846,PT,PT,Lineage2,C1S,AKI,classical,-2.83821460345483,0.0,1.3689117447518817e-08,C
5,0.375,0.1700828751733143,0.1700828751733143,0.17207266961019335,,,,,2,12,9.770625775740992,PT,PT,Lineage2,C1S,AKI,classical,-2.83821460345483,0.0,1.3689117447518817e-08,C
6,0.4583333333333333,0.16810202468086702,0.16810202468086702,0.11574391011131552,,,,,4,15,14.221283048046375,PT,PT,Lineage2,C1S,AKI,classical,-2.83821460345483,0.0,1.3689117447518817e-08,C
7,0.5416666666666666,0.1946677490408186,0.15512279260451423,0.1946677490408186,0.16705240605267982,0.06819885918888162,0.019357000398760787,0.3699784976828764,6,20,18.569615510198048,PT,PT,Lineage2,C1S,AKI,classical,-2.83821460345483,0.0,1.3689117447518817e-08,C
8,0.625,0.27968214067804825,0.27968214067804825,0.1325475026710216,,,,,3,9,7.174084139242067,PT,PT,Lineage2,C1S,AKI,classical,-2.83821460345483,0.0,1.3689117447518817e-08,C
9,0.7083333333333333,0.08943645527737915,0.08943645527737915,0.0,,,,,1,6,5.58758570881226,PT,PT,Lineage2,C1S,AKI,classical,-2.83821460345483,0.0,1.3689117447518817e-08,C
10,0.7916666666666666,0.0,0.0,,,,,,0,3,3.0,PT,PT,Lineage2,C1S,AKI,classical,-2.83821460345483,0.0,1.3689117447518817e-08,C
11,0.875,0.08075526670980145,0.08075526670980145,,,,,,0,2,2.0,PT,PT,Lineage2,C1S,AKI,classical,-2.83821460345483,0.0,1.3689117447518817e-08,C
12,0.9583333333333333,,,,,,,,0,0,0.0,PT,PT,Lineage2,C1S,AKI,classical,-2.83821460345483,0.0,1.3689117447518817e-08,C
1,0.041666666666666664,0.13012745330339207,0.14516216561302664,0.13012745330339207,0.0401340746238645,0.006783896785590174,0.11634091630909832,0.1439139902976858,35,387,324.76299887701,PT,PT,Lineage2,C1S,Control/Other,classical,-2.83821460345483,0.0,1.3689117447518817e-08,C
2,0.125,0.1185207444953949,0.11672008061314354,0.1185207444953949,0.036363155327480676,0.00536145475344812,0.10772222030714372,0.12931926868364607,46,527,417.9368242968638,PT,PT,Lineage2,C1S,Control/Other,classical,-2.83821460345483,0.0,1.3689117447518817e-08,C
3,0.20833333333333331,0.12076484595563174,0.13515657113768306,0.12076484595563174,0.046961908721095166,0.008720607521403608,0.10290149122799526,0.1386282006832682,29,247,139.23677870565018,PT,PT,Lineage2,C1S,Control/Other,classical,-2.83821460345483,0.0,1.3689117447518817e-08,C
4,0.29166666666666663,0.20479495448394294,0.1337726601003542,0.20479495448394294,0.1790034864056354,0.059667828801878466,0.06720069452815697,0.3423892144397289,9,89,68.18255483313636,PT,PT,Lineage2,C1S,Control/Other,classical,-2.83821460345483,0.0,1.3689117447518817e-08,C
5,0.375,0.1588342920104173,0.1450575504907907,0.1588342920104173,0.0828420082417901,0.020710502060447524,0.114690901805371,0.20297768221546358,16,73,64.3632777828564,PT,PT,Lineage2,C1S,Control/Other,classical,-2.83821460345483,0.0,1.3689117447518817e-08,C
6,0.4583333333333333,0.16614903267760972,0.18353767387961872,0.16614903267760972,0.0867911364594088,0.022409375073713707,0.11808570333497115,0.2142123620202483,15,105,100.97989368407053,PT,PT,Lineage2,C1S,Control/Other,classical,-2.83821460345483,0.0,1.3689117447518817e-08,C
7,0.5416666666666666,0.11480009862701804,0.12786685244586124,0.11480009862701804,0.14616520850656683,0.046221497355416946,0.010239807306619803,0.21936038994741627,10,66,64.77175088262187,PT,PT,Lineage2,C1S,Control/Other,classical,-2.83821460345483,0.0,1.3689117447518817e-08,C
8,0.625,0.1322568865182696,0.08465139639831362,0.1322568865182696,0.12945199556309087,0.048928255282996456,0.012533758810459136,0.2519800142260801,7,37,32.811872957299684,PT,PT,Lineage2,C1S,Control/Other,classical,-2.83821460345483,0.0,1.3689117447518817e-08,C
9,0.7083333333333333,0.10688469820131499,0.06983130603309716,0.10688469820131499,0.13671547867032519,0.04323323039983959,0.009084336378996291,0.20468506002363368,10,51,50.95739192970771,PT,PT,Lineage2,C1S,Control/Other,classical,-2.83821460345483,0.0,1.3689117447518817e-08,C
10,0.7916666666666666,0.06847880966276199,0.08078607285459156,0.06847880966276199,0.13136486731161162,0.03960799777340353,-0.01977330902469919,0.15673092835022318,11,68,68.0,PT,PT,Lineage2,C1S,Control/Other,classical,-2.83821460345483,0.0,1.3689117447518817e-08,C
11,0.875,0.020966289213008745,0.04025826087533895,0.020966289213008745,0.03985201823433667,0.012015835601972403,-0.005806660930569481,0.04773923935658697,11,59,59.0,PT,PT,Lineage2,C1S,Control/Other,classical,-2.83821460345483,0.0,1.3689117447518817e-08,C
12,0.9583333333333333,0.016495972715000525,0.016495972715000525,0.015121308322083816,,,,,3,11,11.0,PT,PT,Lineage2,C1S,Control/Other,classical,-2.83821460345483,0.0,1.3689117447518817e-08,C
1,0.041666666666666664,1.7229043554779118,1.8086645049582768,1.7229043554779118,0.33201865225278865,0.10499351667782073,1.4853925196719384,1.9604161912838851,10,61,50.66330790383319,Glomerular,podocyte_PEC,Lineage1,CR1,All,receptor,-4.12639738906222,0.0,0.0,D
2,0.125,1.8390051012229152,1.8066348062794797,1.8390051012229152,0.4158269488503692,0.14701702766610383,1.4913650722065586,2.1866451302392718,8,44,43.797262553938516,Glomerular,podocyte_PEC,Lineage1,CR1,All,receptor,-4.12639738906222,0.0,0.0,D
3,0.20833333333333331,1.4334671402333041,1.4334671402333041,,,,,,0,12,11.843756833574421,Glomerular,podocyte_PEC,Lineage1,CR1,All,receptor,-4.12639738906222,0.0,0.0,D
4,0.29166666666666663,0.3716535862006591,0.3716535862006591,,,,,,0,11,8.94790832736216,Glomerular,podocyte_PEC,Lineage1,CR1,All,receptor,-4.12639738906222,0.0,0.0,D
5,0.375,0.5886877491282241,0.5886877491282241,0.40842269105796214,,,,,2,22,10.837056361331188,Glomerular,podocyte_PEC,Lineage1,CR1,All,receptor,-4.12639738906222,0.0,0.0,D
6,0.4583333333333333,0.22403082867988597,0.22403082867988597,0.0,,,,,2,23,12.863094935197914,Glomerular,podocyte_PEC,Lineage1,CR1,All,receptor,-4.12639738906222,0.0,0.0,D
7,0.5416666666666666,0.2868201702682098,0.2868201702682098,0.03663947855440806,,,,,2,14,11.639344464927662,Glomerular,podocyte_PEC,Lineage1,CR1,All,receptor,-4.12639738906222,0.0,0.0,D
8,0.625,0.1322761761887959,0.1322761761887959,0.10758257920530097,,,,,2,33,31.48337060295515,Glomerular,podocyte_PEC,Lineage1,CR1,All,receptor,-4.12639738906222,0.0,0.0,D
9,0.7083333333333333,0.07888332976965462,0.0899698866083737,0.07888332976965462,0.09521472202330873,0.030109538837345136,0.01077082081852064,0.14699583872078859,10,58,58.0,Glomerular,podocyte_PEC,Lineage1,CR1,All,receptor,-4.12639738906222,0.0,0.0,D
10,0.7916666666666666,0.04500374908827462,0.08221242217969643,0.04500374908827462,0.05914023762114263,0.015269943693162315,0.012252977129939044,0.0777545210466102,15,72,72.0,Glomerular,podocyte_PEC,Lineage1,CR1,All,receptor,-4.12639738906222,0.0,0.0,D
11,0.875,0.07066975720350872,0.07574449081781714,0.07066975720350872,0.07071551322001242,0.025001709466478863,0.011550108667795905,0.12978940573922154,8,44,44.0,Glomerular,podocyte_PEC,Lineage1,CR1,All,receptor,-4.12639738906222,0.0,0.0,D
12,0.9583333333333333,0.13806496867993073,0.09763603644323679,0.13806496867993073,0.11579185090925062,0.05178368997472104,-0.005709603879463815,0.2818395412393253,5,16,16.0,Glomerular,podocyte_PEC,Lineage1,CR1,All,receptor,-4.12639738906222,0.0,0.0,D
1,0.041666666666666664,1.7130769656064277,1.7130769656064277,1.6140671071232948,,,,,3,20,15.946085744820508,Glomerular,podocyte_PEC,Lineage1,CR1,CKD,receptor,-4.12639738906222,0.0,0.0,D
2,0.125,1.5349974608898667,1.5349974608898667,,,,,,0,3,2.998801902943427,Glomerular,podocyte_PEC,Lineage1,CR1,CKD,receptor,-4.12639738906222,0.0,0.0,D
3,0.20833333333333331,1.2598053765773527,1.2598053765773527,,,,,,0,3,3.0,Glomerular,podocyte_PEC,Lineage1,CR1,CKD,receptor,-4.12639738906222,0.0,0.0,D
4,0.29166666666666663,0.5423175668468267,0.5423175668468267,,,,,,0,3,2.571117332305075,Glomerular,podocyte_PEC,Lineage1,CR1,CKD,receptor,-4.12639738906222,0.0,0.0,D
5,0.375,0.507547226550309,0.507547226550309,,,,,,0,6,3.965983417911035,Glomerular,podocyte_PEC,Lineage1,CR1,CKD,receptor,-4.12639738906222,0.0,0.0,D
6,0.4583333333333333,0.2121557427577602,0.2121557427577602,0.0,,,,,1,6,3.9036830498784365,Glomerular,podocyte_PEC,Lineage1,CR1,CKD,receptor,-4.12639738906222,0.0,0.0,D
7,0.5416666666666666,,,,,,,,0,0,0.0,Glomerular,podocyte_PEC,Lineage1,CR1,CKD,receptor,-4.12639738906222,0.0,0.0,D
8,0.625,0.03897811379256672,0.03897811379256672,,,,,,0,3,3.0,Glomerular,podocyte_PEC,Lineage1,CR1,CKD,receptor,-4.12639738906222,0.0,0.0,D
9,0.7083333333333333,0.0694204298786032,0.0694204298786032,,,,,,0,6,6.0,Glomerular,podocyte_PEC,Lineage1,CR1,CKD,receptor,-4.12639738906222,0.0,0.0,D
10,0.7916666666666666,0.10833860451403363,0.10833860451403363,0.03061963357913572,,,,,2,16,16.0,Glomerular,podocyte_PEC,Lineage1,CR1,CKD,receptor,-4.12639738906222,0.0,0.0,D
11,0.875,0.029442316031517618,0.029442316031517618,,,,,,0,8,8.0,Glomerular,podocyte_PEC,Lineage1,CR1,CKD,receptor,-4.12639738906222,0.0,0.0,D
12,0.9583333333333333,0.04989351841077015,0.04989351841077015,0.06652469121436021,,,,,1,4,4.0,Glomerular,podocyte_PEC,Lineage1,CR1,CKD,receptor,-4.12639738906222,0.0,0.0,D
1,0.041666666666666664,1.8050209430976993,1.8050209430976993,,,,,,0,6,4.5998137199257085,Glomerular,podocyte_PEC,Lineage1,CR1,AKI,receptor,-4.12639738906222,0.0,0.0,D
2,0.125,1.6130949657755815,1.6130949657755815,,,,,,0,2,1.997817449591164,Glomerular,podocyte_PEC,Lineage1,CR1,AKI,receptor,-4.12639738906222,0.0,0.0,D
3,0.20833333333333331,1.7820677752722278,1.7820677752722278,,,,,,0,2,2.0,Glomerular,podocyte_PEC,Lineage1,CR1,AKI,receptor,-4.12639738906222,0.0,0.0,D
4,0.29166666666666663,0.0,0.0,,,,,,0,2,1.850311793150617,Glomerular,podocyte_PEC,Lineage1,CR1,AKI,receptor,-4.12639738906222,0.0,0.0,D
5,0.375,0.6860475706195017,0.6860475706195017,,,,,,0,1,0.297767772778063,Glomerular,podocyte_PEC,Lineage1,CR1,AKI,receptor,-4.12639738906222,0.0,0.0,D
6,0.4583333333333333,0.5105790294683272,0.5105790294683272,,,,,,0,5,1.809660461693959,Glomerular,podocyte_PEC,Lineage1,CR1,AKI,receptor,-4.12639738906222,0.0,0.0,D
7,0.5416666666666666,,,,,,,,0,0,0.0,Glomerular,podocyte_PEC,Lineage1,CR1,AKI,receptor,-4.12639738906222,0.0,0.0,D
8,0.625,0.0,0.0,,,,,,0,1,1.0,Glomerular,podocyte_PEC,Lineage1,CR1,AKI,receptor,-4.12639738906222,0.0,0.0,D
9,0.7083333333333333,0.13231148028754605,0.13231148028754605,0.2646229605750921,,,,,1,4,4.0,Glomerular,podocyte_PEC,Lineage1,CR1,AKI,receptor,-4.12639738906222,0.0,0.0,D
10,0.7916666666666666,0.08373334607284658,0.08373334607284658,0.0,,,,,1,8,8.0,Glomerular,podocyte_PEC,Lineage1,CR1,AKI,receptor,-4.12639738906222,0.0,0.0,D
11,0.875,0.13322659660114805,0.13322659660114805,0.0,,,,,1,10,10.0,Glomerular,podocyte_PEC,Lineage1,CR1,AKI,receptor,-4.12639738906222,0.0,0.0,D
12,0.9583333333333333,0.14241449428040237,0.14241449428040237,0.28482898856080474,,,,,1,4,4.0,Glomerular,podocyte_PEC,Lineage1,CR1,AKI,receptor,-4.12639738906222,0.0,0.0,D
1,0.041666666666666664,1.7695488904870333,1.8598311519024644,1.7695488904870333,0.3760079117781637,0.14211763222253362,1.4217995719450536,2.117298209029013,7,35,30.117408439086976,Glomerular,podocyte_PEC,Lineage1,CR1,Control/Other,receptor,-4.12639738906222,0.0,0.0,D
2,0.125,1.8390051012229152,1.8375941863232408,1.8390051012229152,0.4158269488503692,0.14701702766610383,1.4913650722065586,2.1866451302392718,8,39,38.80064320140393,Glomerular,podocyte_PEC,Lineage1,CR1,Control/Other,receptor,-4.12639738906222,0.0,0.0,D
3,0.20833333333333331,1.407718712374864,1.407718712374864,,,,,,0,7,6.843756833574423,Glomerular,podocyte_PEC,Lineage1,CR1,Control/Other,receptor,-4.12639738906222,0.0,0.0,D
4,0.29166666666666663,0.4266362523685355,0.4266362523685355,,,,,,0,6,4.526479201906468,Glomerular,podocyte_PEC,Lineage1,CR1,Control/Other,receptor,-4.12639738906222,0.0,0.0,D
5,0.375,0.6332332771783867,0.6332332771783867,0.40842269105796214,,,,,2,15,6.573305170642092,Glomerular,podocyte_PEC,Lineage1,CR1,Control/Other,receptor,-4.12639738906222,0.0,0.0,D
6,0.4583333333333333,0.15798680145035088,0.15798680145035088,0.0,,,,,1,12,7.149751423625518,Glomerular,podocyte_PEC,Lineage1,CR1,Control/Other,receptor,-4.12639738906222,0.0,0.0,D
7,0.5416666666666666,0.2868201702682098,0.2868201702682098,0.03663947855440806,,,,,2,14,11.639344464927662,Glomerular,podocyte_PEC,Lineage1,CR1,Control/Other,receptor,-4.12639738906222,0.0,0.0,D
8,0.625,0.14727325821821644,0.14727325821821644,0.10758257920530097,,,,,2,29,27.48337060295515,Glomerular,podocyte_PEC,Lineage1,CR1,Control/Other,receptor,-4.12639738906222,0.0,0.0,D
9,0.7083333333333333,0.05824559301349489,0.08901010255966398,0.05824559301349489,0.07353581912263442,0.024511939707544807,0.0017209586860213733,0.11477022734096841,9,48,48.0,Glomerular,podocyte_PEC,Lineage1,CR1,Control/Other,receptor,-4.12639738906222,0.0,0.0,D
10,0.7916666666666666,0.051151414097153985,0.07325020741939235,0.051151414097153985,0.06338780751034515,0.018298483864718978,0.010876722658890232,0.09142610553541775,12,48,48.0,Glomerular,podocyte_PEC,Lineage1,CR1,Control/Other,receptor,-4.12639738906222,0.0,0.0,D
11,0.875,0.08076543680400997,0.06788281160462824,0.08076543680400997,0.06987740796138805,0.026411177675376814,0.016139613147435006,0.14539126046058493,7,26,26.0,Glomerular,podocyte_PEC,Lineage1,CR1,Control/Other,receptor,-4.12639738906222,0.0,0.0,D
12,0.9583333333333333,0.09911806654088731,0.09911806654088731,0.11299038787482958,,,,,3,8,8.0,Glomerular,podocyte_PEC,Lineage1,CR1,Control/Other,receptor,-4.12639738906222,0.0,0.0,D
1,0.041666666666666664,0.02013326701330345,0.04218557113032796,0.02013326701330345,0.020737408696279564,0.008466011648906578,-0.0016293087516612431,0.04189584277826814,6,30,22.476921530889623,Glomerular,endothelial_mesangial,Lineage3,CFH,All,regulator,4.52610218193538,2.9470547852072936e-08,1.165510530464803e-10,E
2,0.125,0.11820604022270284,0.11820604022270284,0.02374195555233105,,,,,2,22,17.669055507340637,Glomerular,endothelial_mesangial,Lineage3,CFH,All,regulator,4.52610218193538,2.9470547852072936e-08,1.165510530464803e-10,E
3,0.20833333333333331,0.08485271894025591,0.13364842412973602,0.08485271894025591,0.06695418257268086,0.027333930574702334,0.014588613508382017,0.1551168243721298,6,40,28.238567594414135,Glomerular,endothelial_mesangial,Lineage3,CFH,All,regulator,4.52610218193538,2.9470547852072936e-08,1.165510530464803e-10,E
4,0.29166666666666663,0.10087168115807466,0.1382883016452321,0.10087168115807466,0.07808112922129752,0.0318764875220827,0.018930561349921243,0.18281280096622807,6,44,33.67303065470877,Glomerular,endothelial_mesangial,Lineage3,CFH,All,regulator,4.52610218193538,2.9470547852072936e-08,1.165510530464803e-10,E
5,0.375,0.13885873417543962,0.13885873417543962,0.035655233634177386,,,,,2,21,19.36816563085013,Glomerular,endothelial_mesangial,Lineage3,CFH,All,regulator,4.52610218193538,2.9470547852072936e-08,1.165510530464803e-10,E
6,0.4583333333333333,0.2989500877567462,0.2989500877567462,,,,,,0,7,6.253402703634662,Glomerular,endothelial_mesangial,Lineage3,CFH,All,regulator,4.52610218193538,2.9470547852072936e-08,1.165510530464803e-10,E
7,0.5416666666666666,0.2589177491078569,0.2589177491078569,,,,,,0,7,7.0,Glomerular,endothelial_mesangial,Lineage3,CFH,All,regulator,4.52610218193538,2.9470547852072936e-08,1.165510530464803e-10,E
8,0.625,1.1705744694921105,1.1705744694921105,,,,,,0,4,4.0,Glomerular,endothelial_mesangial,Lineage3,CFH,All,regulator,4.52610218193538,2.9470547852072936e-08,1.165510530464803e-10,E
9,0.7083333333333333,0.5082600915223934,0.5082600915223934,,,,,,0,7,7.0,Glomerular,endothelial_mesangial,Lineage3,CFH,All,regulator,4.52610218193538,2.9470547852072936e-08,1.165510530464803e-10,E
10,0.7916666666666666,1.1169524828983142,1.1169524828983142,,,,,,0,5,5.0,Glomerular,endothelial_mesangial,Lineage3,CFH,All,regulator,4.52610218193538,2.9470547852072936e-08,1.165510530464803e-10,E
11,0.875,0.4510366374597354,0.4510366374597354,,,,,,0,3,3.0,Glomerular,endothelial_mesangial,Lineage3,CFH,All,regulator,4.52610218193538,2.9470547852072936e-08,1.165510530464803e-10,E
12,0.9583333333333333,1.173838300914173,1.173838300914173,,,,,,0,7,7.0,Glomerular,endothelial_mesangial,Lineage3,CFH,All,regulator,4.52610218193538,2.9470547852072936e-08,1.165510530464803e-10,E
1,0.041666666666666664,0.18265926489851947,0.18265926489851947,,,,,,0,2,1.9980565967796902,Glomerular,endothelial_mesangial,Lineage3,CFH,CKD,regulator,4.52610218193538,2.9470547852072936e-08,1.165510530464803e-10,E
2,0.125,0.16821154907911137,0.16821154907911137,0.0474839111046621,,,,,1,9,5.704842272871849,Glomerular,endothelial_mesangial,Lineage3,CFH,CKD,regulator,4.52610218193538,2.9470547852072936e-08,1.165510530464803e-10,E
3,0.20833333333333331,0.181376133328848,0.181376133328848,0.15899214453936727,,,,,2,12,9.326503604503067,Glomerular,endothelial_mesangial,Lineage3,CFH,CKD,regulator,4.52610218193538,2.9470547852072936e-08,1.165510530464803e-10,E
4,0.29166666666666663,0.12561664574667394,0.12561664574667394,0.06439534228185151,,,,,3,14,11.477840377483037,Glomerular,endothelial_mesangial,Lineage3,CFH,CKD,regulator,4.52610218193538,2.9470547852072936e-08,1.165510530464803e-10,E
5,0.375,0.1685049530294178,0.1685049530294178,0.03142349086801327,,,,,1,10,9.135641538184872,Glomerular,endothelial_mesangial,Lineage3,CFH,CKD,regulator,4.52610218193538,2.9470547852072936e-08,1.165510530464803e-10,E
6,0.4583333333333333,0.3796554385469447,0.3796554385469447,,,,,,0,3,2.253402703634662,Glomerular,endothelial_mesangial,Lineage3,CFH,CKD,regulator,4.52610218193538,2.9470547852072936e-08,1.165510530464803e-10,E
7,0.5416666666666666,0.031161644885764644,0.031161644885764644,,,,,,0,3,3.0,Glomerular,endothelial_mesangial,Lineage3,CFH,CKD,regulator,4.52610218193538,2.9470547852072936e-08,1.165510530464803e-10,E
8,0.625,1.6786980352228231,1.6786980352228231,,,,,,0,2,2.0,Glomerular,endothelial_mesangial,Lineage3,CFH,CKD,regulator,4.52610218193538,2.9470547852072936e-08,1.165510530464803e-10,E
9,0.7083333333333333,0.49086333165745355,0.49086333165745355,,,,,,0,5,5.0,Glomerular,endothelial_mesangial,Lineage3,CFH,CKD,regulator,4.52610218193538,2.9470547852072936e-08,1.165510530464803e-10,E
10,0.7916666666666666,0.9488109359960193,0.9488109359960193,,,,,,0,3,3.0,Glomerular,endothelial_mesangial,Lineage3,CFH,CKD,regulator,4.52610218193538,2.9470547852072936e-08,1.165510530464803e-10,E
11,0.875,0.676554956189603,0.676554956189603,,,,,,0,2,2.0,Glomerular,endothelial_mesangial,Lineage3,CFH,CKD,regulator,4.52610218193538,2.9470547852072936e-08,1.165510530464803e-10,E
12,0.9583333333333333,1.4423695915767976,1.4423695915767976,,,,,,0,3,3.0,Glomerular,endothelial_mesangial,Lineage3,CFH,CKD,regulator,4.52610218193538,2.9470547852072936e-08,1.165510530464803e-10,E
1,0.041666666666666664,0.04672320435039112,0.04672320435039112,0.01756077303278085,,,,,1,5,2.5292183189799458,Glomerular,endothelial_mesangial,Lineage3,CFH,AKI,regulator,4.52610218193538,2.9470547852072936e-08,1.165510530464803e-10,E
2,0.125,0.1785035578369241,0.1785035578369241,,,,,,0,2,1.144359003017903,Glomerular,endothelial_mesangial,Lineage3,CFH,AKI,regulator,4.52610218193538,2.9470547852072936e-08,1.165510530464803e-10,E
3,0.20833333333333331,0.04818702504766566,0.04818702504766566,,,,,,0,4,2.490752108897113,Glomerular,endothelial_mesangial,Lineage3,CFH,AKI,regulator,4.52610218193538,2.9470547852072936e-08,1.165510530464803e-10,E
4,0.29166666666666663,0.13242009047699277,0.13242009047699277,,,,,,0,6,4.1706192589767745,Glomerular,endothelial_mesangial,Lineage3,CFH,AKI,regulator,4.52610218193538,2.9470547852072936e-08,1.165510530464803e-10,E
5,0.375,0.41557263376303955,0.41557263376303955,,,,,,0,1,1.0,Glomerular,endothelial_mesangial,Lineage3,CFH,AKI,regulator,4.52610218193538,2.9470547852072936e-08,1.165510530464803e-10,E
6,0.4583333333333333,0.23117185307654697,0.23117185307654697,,,,,,0,1,1.0,Glomerular,endothelial_mesangial,Lineage3,CFH,AKI,regulator,4.52610218193538,2.9470547852072936e-08,1.165510530464803e-10,E
7,0.5416666666666666,0.494288649805127,0.494288649805127,,,,,,0,1,1.0,Glomerular,endothelial_mesangial,Lineage3,CFH,AKI,regulator,4.52610218193538,2.9470547852072936e-08,1.165510530464803e-10,E
8,0.625,,,,,,,,0,0,0.0,Glomerular,endothelial_mesangial,Lineage3,CFH,AKI,regulator,4.52610218193538,2.9470547852072936e-08,1.165510530464803e-10,E
9,0.7083333333333333,,,,,,,,0,0,0.0,Glomerular,endothelial_mesangial,Lineage3,CFH,AKI,regulator,4.52610218193538,2.9470547852072936e-08,1.165510530464803e-10,E
10,0.7916666666666666,,,,,,,,0,0,0.0,Glomerular,endothelial_mesangial,Lineage3,CFH,AKI,regulator,4.52610218193538,2.9470547852072936e-08,1.165510530464803e-10,E
11,0.875,,,,,,,,0,0,0.0,Glomerular,endothelial_mesangial,Lineage3,CFH,AKI,regulator,4.52610218193538,2.9470547852072936e-08,1.165510530464803e-10,E
12,0.9583333333333333,1.8296318341621918,1.8296318341621918,,,,,,0,1,1.0,Glomerular,endothelial_mesangial,Lineage3,CFH,AKI,regulator,4.52610218193538,2.9470547852072936e-08,1.165510530464803e-10,E
1,0.041666666666666664,0.02064776580940797,0.025909425875953823,0.02064776580940797,0.0231422736936481,0.010349539426580458,-0.008087162272572977,0.04938269389138891,5,23,17.949646615129986,Glomerular,endothelial_mesangial,Lineage3,CFH,Control/Other,regulator,4.52610218193538,2.9470547852072936e-08,1.165510530464803e-10,E
2,0.125,0.08546294217687408,0.08546294217687408,0.0,,,,,1,11,10.819854231450885,Glomerular,endothelial_mesangial,Lineage3,CFH,Control/Other,regulator,4.52610218193538,2.9470547852072936e-08,1.165510530464803e-10,E
3,0.20833333333333331,0.11950403094299104,0.11950403094299104,0.047783006140700184,,,,,4,24,16.421311881013956,Glomerular,endothelial_mesangial,Lineage3,CFH,Control/Other,regulator,4.52610218193538,2.9470547852072936e-08,1.165510530464803e-10,E
4,0.29166666666666663,0.14771528429375178,0.14771528429375178,0.1373480200342978,,,,,3,24,18.024571018248952,Glomerular,endothelial_mesangial,Lineage3,CFH,Control/Other,regulator,4.52610218193538,2.9470547852072936e-08,1.165510530464803e-10,E
5,0.375,0.0795519701199716,0.0795519701199716,0.03988697640034151,,,,,1,10,9.232524092665255,Glomerular,endothelial_mesangial,Lineage3,CFH,Control/Other,regulator,4.52610218193538,2.9470547852072936e-08,1.165510530464803e-10,E
6,0.4583333333333333,0.26092228076067353,0.26092228076067353,,,,,,0,3,3.0,Glomerular,endothelial_mesangial,Lineage3,CFH,Control/Other,regulator,4.52610218193538,2.9470547852072936e-08,1.165510530464803e-10,E
7,0.5416666666666666,0.4082168864308593,0.4082168864308593,,,,,,0,3,3.0,Glomerular,endothelial_mesangial,Lineage3,CFH,Control/Other,regulator,4.52610218193538,2.9470547852072936e-08,1.165510530464803e-10,E
8,0.625,0.6624509037613981,0.6624509037613981,,,,,,0,2,2.0,Glomerular,endothelial_mesangial,Lineage3,CFH,Control/Other,regulator,4.52610218193538,2.9470547852072936e-08,1.165510530464803e-10,E
9,0.7083333333333333,0.5517519911847428,0.5517519911847428,,,,,,0,2,2.0,Glomerular,endothelial_mesangial,Lineage3,CFH,Control/Other,regulator,4.52610218193538,2.9470547852072936e-08,1.165510530464803e-10,E
10,0.7916666666666666,1.369164803251757,1.369164803251757,,,,,,0,2,2.0,Glomerular,endothelial_mesangial,Lineage3,CFH,Control/Other,regulator,4.52610218193538,2.9470547852072936e-08,1.165510530464803e-10,E
11,0.875,0.0,0.0,,,,,,0,1,1.0,Glomerular,endothelial_mesangial,Lineage3,CFH,Control/Other,regulator,4.52610218193538,2.9470547852072936e-08,1.165510530464803e-10,E
12,0.9583333333333333,0.6867091658355418,0.6867091658355418,,,,,,0,3,3.0,Glomerular,endothelial_mesangial,Lineage3,CFH,Control/Other,regulator,4.52610218193538,2.9470547852072936e-08,1.165510530464803e-10,E
1,0.041666666666666664,0.6571729372038152,0.6571729372038152,0.6128341017978587,,,,,3,15,14.685482662493543,FIB,outer_medullary,Lineage1,C1R,All,classical,1.56049743276925,0.0,4.598345051983251e-09,F
2,0.125,0.5735435338286557,0.5735435338286557,0.5684186536140903,,,,,2,26,25.697597034740912,FIB,outer_medullary,Lineage1,C1R,All,classical,1.56049743276925,0.0,4.598345051983251e-09,F
3,0.20833333333333331,0.9059872868250496,0.9059872868250496,1.0162077651139534,,,,,4,20,17.637613887789,FIB,outer_medullary,Lineage1,C1R,All,classical,1.56049743276925,0.0,4.598345051983251e-09,F
4,0.29166666666666663,0.9246916895150985,0.9059924974032982,0.9246916895150985,0.2899643218463779,0.11837743868929715,0.6203927958712399,1.2289905831589572,6,24,22.688337766486306,FIB,outer_medullary,Lineage1,C1R,All,classical,1.56049743276925,0.0,4.598345051983251e-09,F
5,0.375,0.8751062854281051,0.8919623976897926,0.8751062854281051,0.26325154865836176,0.09307347760709399,0.6550224830982927,1.0951900877579175,8,54,43.755943314972896,FIB,outer_medullary,Lineage1,C1R,All,classical,1.56049743276925,0.0,4.598345051983251e-09,F
6,0.4583333333333333,1.10407952432905,1.1612209734795413,1.10407952432905,0.2382454593953091,0.08423248996266366,0.9049013357912897,1.3032577128668104,8,51,49.16386675317636,FIB,outer_medullary,Lineage1,C1R,All,classical,1.56049743276925,0.0,4.598345051983251e-09,F
7,0.5416666666666666,1.1908277597332828,1.0762217953341553,1.1908277597332828,0.3199477243011601,0.12092887300598949,0.8949254672293221,1.4867300522372435,7,32,32.0,FIB,outer_medullary,Lineage1,C1R,All,classical,1.56049743276925,0.0,4.598345051983251e-09,F
8,0.625,0.9813619134972422,0.9813619134972422,0.9644070426093261,,,,,2,19,19.0,FIB,outer_medullary,Lineage1,C1R,All,classical,1.56049743276925,0.0,4.598345051983251e-09,F
9,0.7083333333333333,1.241308865763005,1.241308865763005,,,,,,0,5,5.0,FIB,outer_medullary,Lineage1,C1R,All,classical,1.56049743276925,0.0,4.598345051983251e-09,F
10,0.7916666666666666,0.45884908760899534,0.45884908760899534,,,,,,0,1,1.0,FIB,outer_medullary,Lineage1,C1R,All,classical,1.56049743276925,0.0,4.598345051983251e-09,F
11,0.875,2.3910102254370647,2.3910102254370647,,,,,,0,1,1.0,FIB,outer_medullary,Lineage1,C1R,All,classical,1.56049743276925,0.0,4.598345051983251e-09,F
12,0.9583333333333333,1.985824222103558,1.985824222103558,2.112436156524751,,,,,1,14,14.0,FIB,outer_medullary,Lineage1,C1R,All,classical,1.56049743276925,0.0,4.598345051983251e-09,F
1,0.041666666666666664,,,,,,,,0,0,0.0,FIB,outer_medullary,Lineage1,C1R,CKD,classical,1.56049743276925,0.0,4.598345051983251e-09,F
2,0.125,,,,,,,,0,0,0.0,FIB,outer_medullary,Lineage1,C1R,CKD,classical,1.56049743276925,0.0,4.598345051983251e-09,F
3,0.20833333333333331,0.9489769570120966,0.9489769570120966,,,,,,0,1,0.658801319558931,FIB,outer_medullary,Lineage1,C1R,CKD,classical,1.56049743276925,0.0,4.598345051983251e-09,F
4,0.29166666666666663,0.9054815076236759,0.9054815076236759,,,,,,0,1,1.0,FIB,outer_medullary,Lineage1,C1R,CKD,classical,1.56049743276925,0.0,4.598345051983251e-09,F
5,0.375,0.7027609612311384,0.7027609612311384,0.7027609612311384,,,,,1,3,3.0,FIB,outer_medullary,Lineage1,C1R,CKD,classical,1.56049743276925,0.0,4.598345051983251e-09,F
6,0.4583333333333333,1.198422329691216,1.198422329691216,,,,,,0,2,2.0,FIB,outer_medullary,Lineage1,C1R,CKD,classical,1.56049743276925,0.0,4.598345051983251e-09,F
7,0.5416666666666666,0.9789713013865681,0.9789713013865681,1.127595125630124,,,,,4,21,21.0,FIB,outer_medullary,Lineage1,C1R,CKD,classical,1.56049743276925,0.0,4.598345051983251e-09,F
8,0.625,0.9353352373536884,0.9353352373536884,0.9644070426093261,,,,,2,10,10.0,FIB,outer_medullary,Lineage1,C1R,CKD,classical,1.56049743276925,0.0,4.598345051983251e-09,F
9,0.7083333333333333,1.1164161082681403,1.1164161082681403,,,,,,0,2,2.0,FIB,outer_medullary,Lineage1,C1R,CKD,classical,1.56049743276925,0.0,4.598345051983251e-09,F
10,0.7916666666666666,,,,,,,,0,0,0.0,FIB,outer_medullary,Lineage1,C1R,CKD,classical,1.56049743276925,0.0,4.598345051983251e-09,F
11,0.875,2.3910102254370647,2.3910102254370647,,,,,,0,1,1.0,FIB,outer_medullary,Lineage1,C1R,CKD,classical,1.56049743276925,0.0,4.598345051983251e-09,F
12,0.9583333333333333,1.6692943860505753,1.6692943860505753,,,,,,0,4,4.0,FIB,outer_medullary,Lineage1,C1R,CKD,classical,1.56049743276925,0.0,4.598345051983251e-09,F
1,0.041666666666666664,,,,,,,,0,0,0.0,FIB,outer_medullary,Lineage1,C1R,AKI,classical,1.56049743276925,0.0,4.598345051983251e-09,F
2,0.125,,,,,,,,0,0,0.0,FIB,outer_medullary,Lineage1,C1R,AKI,classical,1.56049743276925,0.0,4.598345051983251e-09,F
3,0.20833333333333331,,,,,,,,0,0,0.0,FIB,outer_medullary,Lineage1,C1R,AKI,classical,1.56049743276925,0.0,4.598345051983251e-09,F
4,0.29166666666666663,0.9096710134991568,0.9096710134991568,0.9096710134991568,,,,,1,4,4.0,FIB,outer_medullary,Lineage1,C1R,AKI,classical,1.56049743276925,0.0,4.598345051983251e-09,F
5,0.375,0.815286623190985,0.815286623190985,0.815286623190985,,,,,1,5,4.89775312524621,FIB,outer_medullary,Lineage1,C1R,AKI,classical,1.56049743276925,0.0,4.598345051983251e-09,F
6,0.4583333333333333,0.8710879076226672,0.8710879076226672,0.8710879076226672,,,,,1,2,2.0,FIB,outer_medullary,Lineage1,C1R,AKI,classical,1.56049743276925,0.0,4.598345051983251e-09,F
7,0.5416666666666666,1.0965519804295152,1.0965519804295152,1.0663507775573409,,,,,1,4,4.0,FIB,outer_medullary,Lineage1,C1R,AKI,classical,1.56049743276925,0.0,4.598345051983251e-09,F
8,0.625,0.9890849620077211,0.9890849620077211,,,,,,0,3,3.0,FIB,outer_medullary,Lineage1,C1R,AKI,classical,1.56049743276925,0.0,4.598345051983251e-09,F
9,0.7083333333333333,1.443265575648186,1.443265575648186,,,,,,0,1,1.0,FIB,outer_medullary,Lineage1,C1R,AKI,classical,1.56049743276925,0.0,4.598345051983251e-09,F
10,0.7916666666666666,,,,,,,,0,0,0.0,FIB,outer_medullary,Lineage1,C1R,AKI,classical,1.56049743276925,0.0,4.598345051983251e-09,F
11,0.875,,,,,,,,0,0,0.0,FIB,outer_medullary,Lineage1,C1R,AKI,classical,1.56049743276925,0.0,4.598345051983251e-09,F
12,0.9583333333333333,2.112436156524751,2.112436156524751,2.112436156524751,,,,,1,10,10.0,FIB,outer_medullary,Lineage1,C1R,AKI,classical,1.56049743276925,0.0,4.598345051983251e-09,F
1,0.041666666666666664,0.6571729372038152,0.6571729372038152,0.6128341017978587,,,,,3,15,14.685482662493543,FIB,outer_medullary,Lineage1,C1R,Control/Other,classical,1.56049743276925,0.0,4.598345051983251e-09,F
2,0.125,0.5735435338286557,0.5735435338286557,0.5684186536140903,,,,,2,26,25.697597034740912,FIB,outer_medullary,Lineage1,C1R,Control/Other,classical,1.56049743276925,0.0,4.598345051983251e-09,F
3,0.20833333333333331,0.9043192283944131,0.9043192283944131,1.0162077651139534,,,,,4,19,16.978812568230072,FIB,outer_medullary,Lineage1,C1R,Control/Other,classical,1.56049743276925,0.0,4.598345051983251e-09,F
4,0.29166666666666663,0.9276958247182868,0.9051895347512213,0.9276958247182868,0.3240855577118402,0.14493546751392117,0.5252904553697058,1.3301011940668679,5,19,17.688337766486306,FIB,outer_medullary,Lineage1,C1R,Control/Other,classical,1.56049743276925,0.0,4.598345051983251e-09,F
5,0.375,0.9138004498337864,0.918264431299631,0.9138004498337864,0.29760541398977836,0.12149690149411725,0.6014827217669141,1.2261181779006587,6,46,35.858190189726685,FIB,outer_medullary,Lineage1,C1R,Control/Other,classical,1.56049743276925,0.0,4.598345051983251e-09,F
6,0.4583333333333333,1.1373640410013903,1.1724215959163882,1.1373640410013903,0.23639168966327198,0.08934766040733938,0.9187381918785955,1.3559898901241851,7,47,45.16386675317636,FIB,outer_medullary,Lineage1,C1R,Control/Other,classical,1.56049743276925,0.0,4.598345051983251e-09,F
7,0.5416666666666666,1.3563560285509964,1.3563560285509964,1.3795315190275712,,,,,2,7,7.0,FIB,outer_medullary,Lineage1,C1R,Control/Other,classical,1.56049743276925,0.0,4.598345051983251e-09,F
8,0.625,1.0542115161479253,1.0542115161479253,,,,,,0,6,6.0,FIB,outer_medullary,Lineage1,C1R,Control/Other,classical,1.56049743276925,0.0,4.598345051983251e-09,F
9,0.7083333333333333,1.2652232683152784,1.2652232683152784,,,,,,0,2,2.0,FIB,outer_medullary,Lineage1,C1R,Control/Other,classical,1.56049743276925,0.0,4.598345051983251e-09,F
10,0.7916666666666666,0.45884908760899534,0.45884908760899534,,,,,,0,1,1.0,FIB,outer_medullary,Lineage1,C1R,Control/Other,classical,1.56049743276925,0.0,4.598345051983251e-09,F
11,0.875,,,,,,,,0,0,0.0,FIB,outer_medullary,Lineage1,C1R,Control/Other,classical,1.56049743276925,0.0,4.598345051983251e-09,F
12,0.9583333333333333,,,,,,,,0,0,0.0,FIB,outer_medullary,Lineage1,C1R,Control/Other,classical,1.56049743276925,0.0,4.598345051983251e-09,F
