compartment,trajectory,lineage,endpoint,disease_group,coefficient,standard_error,p_value,q_value,significant,n_donors
PT,PT,Lineage5,occupancy,AKI,0.0318670127630661,0.0408681532220781,0.4355370295001763,0.6355491585046813,False,207.0
PT,PT,Lineage5,occupancy,CKD,0.0351797226311583,0.0336179748501334,0.2953506709813659,0.485899490969344,False,207.0
PT,PT,Lineage5,position,AKI,0.2653903009739821,0.0368850446964466,6.243093145768223e-13,3.618458096515994e-11,True,161.0
PT,PT,Lineage5,position,CKD,0.1959856935045346,0.033318988869913,4.0508837816005166e-09,5.6712372942407234e-08,True,161.0
PT,PT,Lineage6,occupancy,AKI,-0.3012241418318802,0.0391938088640887,1.5239684615177554e-14,1.5544478307481109e-12,True,207.0
PT,PT,Lineage6,occupancy,CKD,-0.1695381589935839,0.0389718069063563,1.3596560632738982e-05,9.906065603852686e-05,True,207.0
PT,PT,Lineage6,position,AKI,-0.0012291950330998,0.0338457910789197,0.9710291840155308,0.9827283308108984,False,125.0
PT,PT,Lineage6,position,CKD,-0.0319964256606441,0.0209869085883285,0.1273614562586203,0.3146577154624738,False,125.0
PT,PT,Lineage7,occupancy,AKI,-0.3212382089075716,0.0431259466999925,9.416560969156885e-14,4.8024460942700114e-12,True,207.0
PT,PT,Lineage7,occupancy,CKD,-0.0712050328443339,0.0440651053013294,0.1061148109395964,0.2122296218791929,False,207.0
PT,PT,Lineage7,position,AKI,0.0254514049644438,0.0491556489053686,0.6046175505496809,0.8358420068918458,False,132.0
PT,PT,Lineage7,position,CKD,0.1202343351236174,0.0275339553970876,1.260998032755729e-05,0.0001324047934393,True,132.0
PT,PT,Lineage8,occupancy,AKI,-0.0742691693161962,0.0358612226120765,0.03835729171686,0.0954254574419444,False,207.0
PT,PT,Lineage8,occupancy,CKD,-0.024803090230474,0.0294228250479404,0.3992351211103724,0.5988526816655586,False,207.0
PT,PT,Lineage8,position,AKI,0.3298616493019008,0.0519517637834867,2.1618011254937703e-10,3.631825890829534e-09,True,158.0
PT,PT,Lineage8,position,CKD,0.0866745714700275,0.0327768645506475,0.0081840082629961,0.036181931267983,True,158.0
PT,PT,Lineage10,occupancy,AKI,-0.0647213917047498,0.0215077500032124,0.002619257838084,0.010686571979383,True,207.0
PT,PT,Lineage10,occupancy,CKD,-0.0221055085973711,0.0206423262394562,0.2842222073381751,0.4752568057130142,False,207.0
PT,PT,Lineage10,position,AKI,0.3153999882965997,0.0447784845983174,1.873878914536727e-12,5.246860960702836e-11,True,138.0
PT,PT,Lineage10,position,CKD,0.1273623217840457,0.0332379131726695,0.0001271891242928,0.0009712624036908,True,138.0
FIB,contractile,Lineage1,occupancy,AKI,0.3957418705529358,0.0908617580175865,1.32806995456756e-05,9.906065603852686e-05,True,191.0
FIB,contractile,Lineage1,occupancy,CKD,0.2634599383760918,0.0762356050190007,0.0005485305270092,0.0027975056877474,True,191.0
FIB,contractile,Lineage1,position,AKI,0.2712782843567684,0.0379357618939169,8.615376420276175e-13,3.618458096515994e-11,True,131.0
FIB,contractile,Lineage1,position,CKD,0.2019175456135463,0.0308677282827472,6.095366436946066e-11,1.2800269517586741e-09,True,131.0
FIB,outer_medullary,Lineage1,occupancy,AKI,0.1514585453411136,0.0704920700830211,0.0316669280510369,0.0807506665301442,False,58.0
FIB,outer_medullary,Lineage1,occupancy,CKD,0.1417248526812272,0.0591063547502155,0.0164941461489539,0.0454703488430622,True,58.0
FIB,outer_medullary,Lineage1,position,AKI,0.3020969873480331,0.0911100263003582,0.0009140143607943,0.005484086164766,True,54.0
FIB,outer_medullary,Lineage1,position,CKD,0.3114351460615978,0.062382514798879,5.965003451672009e-07,7.158004142006411e-06,True,54.0
FIB,outer_medullary,Lineage2,occupancy,AKI,-0.6274261169698293,0.1276121877327748,8.803191947297478e-07,1.2827508266062038e-05,True,58.0
FIB,outer_medullary,Lineage2,occupancy,CKD,-0.6529595751675923,0.0957235342798868,9.02161708107023e-12,3.067349807563878e-10,True,58.0
FIB,outer_medullary,Lineage2,position,AKI,,,,,False,
FIB,outer_medullary,Lineage2,position,CKD,,,,,False,
Glomerular,podocyte_PEC,Lineage1,occupancy,AKI,-0.2187811234813072,0.0851040923457744,0.0101479317345347,0.0323465324038295,True,191.0
Glomerular,podocyte_PEC,Lineage1,occupancy,CKD,-0.1939899599884055,0.0707902929319476,0.0061374367672705,0.0201941467826322,True,191.0
Glomerular,podocyte_PEC,Lineage1,position,AKI,0.059428089386732,0.0601735429988763,0.3233429004916869,0.5778894391766319,False,137.0
Glomerular,podocyte_PEC,Lineage1,position,CKD,-0.0182012296195601,0.0471979604931551,0.6997663157853209,0.909678660945839,False,137.0
Glomerular,podocyte_PEC,Lineage2,occupancy,AKI,0.1091372939025788,0.0773555641108418,0.1582880995060588,0.2736506127053898,False,191.0
Glomerular,podocyte_PEC,Lineage2,occupancy,CKD,0.169041380110812,0.0607174343128364,0.005368201231035,0.0182518841855191,True,191.0
Glomerular,podocyte_PEC,Lineage2,position,AKI,0.0420212907353728,0.0540241098169591,0.4366723238441586,0.6913996040636473,False,104.0
Glomerular,podocyte_PEC,Lineage2,position,CKD,0.0826752958575931,0.056231480374193,0.141489426511778,0.3261298655647577,False,104.0
Glomerular,endothelial_mesangial,Lineage2,occupancy,AKI,-0.074555920447928,0.1348291753965634,0.5802868411020927,0.7669864381561625,False,126.0
Glomerular,endothelial_mesangial,Lineage2,occupancy,CKD,-0.3866198618514989,0.0853870681250152,5.958677004182003e-06,6.753167271406269e-05,True,126.0
Glomerular,endothelial_mesangial,Lineage2,position,AKI,0.0097487412033162,0.0787132637016728,0.9014330011987102,0.978622947579982,False,68.0
Glomerular,endothelial_mesangial,Lineage2,position,CKD,-0.0487972618894177,0.0539333897061125,0.3655877502005047,0.6267218574865795,False,68.0
Glomerular,endothelial_mesangial,Lineage3,occupancy,AKI,0.089891291327619,0.0728768834916941,0.2174012719101308,0.3695821622472223,False,126.0
Glomerular,endothelial_mesangial,Lineage3,occupancy,CKD,0.0105704266276742,0.0686318257626123,0.877596805712329,0.9249433093499402,False,126.0
Glomerular,endothelial_mesangial,Lineage3,position,AKI,0.0104805789684202,0.0699008679101855,0.8808159842995132,0.978622947579982,False,106.0
Glomerular,endothelial_mesangial,Lineage3,position,CKD,0.1509672395482274,0.0482884888462863,0.0017698425720584,0.0099111184035275,True,106.0
