comparison_id,population,group1,group2,candidate_covariates,final_covariates,complete_case_dropped_ids,n_complete_case_dropped,used_unadjusted_fallback,design_formula,n_genes_tested,n_fitted_group1,n_fitted_group2,n_fitted_nuclei_group1,n_fitted_nuclei_group2,fitted_ids_group1,fitted_ids_group2,source_file
targeted_SubclassLevel1_ATL_ckd_vs_normal,ATL,chronic kidney disease,normal,,,,,,~ sex + diabetes_history_clean + hypertension_clean + Race_grouped + Age_grouped + disease,21907.0,,,,,,,pseudobulk_de_targeted_SubclassLevel1_ATL_ckd_vs_normal.csv
targeted_SubclassLevel1_CNT_aki_vs_ckd,CNT,acute kidney injury,chronic kidney disease,,,,,,~ sex + diabetes_history_clean + hypertension_clean + Race_grouped + Age_grouped + disease,22245.0,,,,,,,pseudobulk_de_targeted_SubclassLevel1_CNT_aki_vs_ckd.csv
targeted_SubclassLevel1_CNT_aki_vs_normal,CNT,acute kidney injury,normal,,,,,,~ sex + diabetes_history_clean + hypertension_clean + Race_grouped + Age_grouped + disease,24474.0,,,,,,,pseudobulk_de_targeted_SubclassLevel1_CNT_aki_vs_normal.csv
targeted_SubclassLevel1_CNT_ckd_vs_normal,CNT,chronic kidney disease,normal,,,,,,~ sex + diabetes_history_clean + hypertension_clean + Race_grouped + Age_grouped + disease,24993.0,,,,,,,pseudobulk_de_targeted_SubclassLevel1_CNT_ckd_vs_normal.csv
targeted_SubclassLevel1_DCT_aki_vs_ckd,DCT,acute kidney injury,chronic kidney disease,,,,,,~ sex + diabetes_history_clean + hypertension_clean + Race_grouped + Age_grouped + disease,24296.0,,,,,,,pseudobulk_de_targeted_SubclassLevel1_DCT_aki_vs_ckd.csv
targeted_SubclassLevel1_DCT_aki_vs_normal,DCT,acute kidney injury,normal,,,,,,~ sex + diabetes_history_clean + hypertension_clean + Race_grouped + Age_grouped + disease,26507.0,,,,,,,pseudobulk_de_targeted_SubclassLevel1_DCT_aki_vs_normal.csv
targeted_SubclassLevel1_DCT_ckd_vs_normal,DCT,chronic kidney disease,normal,,,,,,~ sex + diabetes_history_clean + hypertension_clean + Race_grouped + Age_grouped + disease,27030.0,,,,,,,pseudobulk_de_targeted_SubclassLevel1_DCT_ckd_vs_normal.csv
targeted_SubclassLevel1_DTL_aki_vs_ckd,DTL,acute kidney injury,chronic kidney disease,,,,,,~ sex + diabetes_history_clean + hypertension_clean + Race_grouped + Age_grouped + disease,22901.0,,,,,,,pseudobulk_de_targeted_SubclassLevel1_DTL_aki_vs_ckd.csv
targeted_SubclassLevel1_DTL_aki_vs_normal,DTL,acute kidney injury,normal,,,,,,~ sex + diabetes_history_clean + hypertension_clean + Race_grouped + Age_grouped + disease,27199.0,,,,,,,pseudobulk_de_targeted_SubclassLevel1_DTL_aki_vs_normal.csv
targeted_SubclassLevel1_DTL_ckd_vs_normal,DTL,chronic kidney disease,normal,,,,,,~ sex + diabetes_history_clean + hypertension_clean + Race_grouped + Age_grouped + disease,27362.0,,,,,,,pseudobulk_de_targeted_SubclassLevel1_DTL_ckd_vs_normal.csv
targeted_SubclassLevel1_EC_aki_vs_ckd,EC,acute kidney injury,chronic kidney disease,,,,,,~ sex + diabetes_history_clean + hypertension_clean + Race_grouped + Age_grouped + disease,23649.0,,,,,,,pseudobulk_de_targeted_SubclassLevel1_EC_aki_vs_ckd.csv
targeted_SubclassLevel1_EC_aki_vs_normal,EC,acute kidney injury,normal,,,,,,~ sex + diabetes_history_clean + hypertension_clean + Race_grouped + Age_grouped + disease,27267.0,,,,,,,pseudobulk_de_targeted_SubclassLevel1_EC_aki_vs_normal.csv
targeted_SubclassLevel1_EC_ckd_vs_normal,EC,chronic kidney disease,normal,,,,,,~ sex + diabetes_history_clean + hypertension_clean + Race_grouped + Age_grouped + disease,27673.0,,,,,,,pseudobulk_de_targeted_SubclassLevel1_EC_ckd_vs_normal.csv
targeted_SubclassLevel1_FIB_aki_vs_ckd,FIB,acute kidney injury,chronic kidney disease,,,,,,~ sex + diabetes_history_clean + hypertension_clean + Race_grouped + Age_grouped + disease,24260.0,,,,,,,pseudobulk_de_targeted_SubclassLevel1_FIB_aki_vs_ckd.csv
targeted_SubclassLevel1_FIB_aki_vs_normal,FIB,acute kidney injury,normal,,,,,,~ sex + diabetes_history_clean + hypertension_clean + Race_grouped + Age_grouped + disease,27405.0,,,,,,,pseudobulk_de_targeted_SubclassLevel1_FIB_aki_vs_normal.csv
targeted_SubclassLevel1_FIB_ckd_vs_normal,FIB,chronic kidney disease,normal,,,,,,~ sex + diabetes_history_clean + hypertension_clean + Race_grouped + Age_grouped + disease,27810.0,,,,,,,pseudobulk_de_targeted_SubclassLevel1_FIB_ckd_vs_normal.csv
targeted_SubclassLevel1_IC_aki_vs_ckd,IC,acute kidney injury,chronic kidney disease,,,,,,~ sex + diabetes_history_clean + hypertension_clean + Race_grouped + Age_grouped + disease,25032.0,,,,,,,pseudobulk_de_targeted_SubclassLevel1_IC_aki_vs_ckd.csv
targeted_SubclassLevel1_IC_aki_vs_normal,IC,acute kidney injury,normal,,,,,,~ sex + diabetes_history_clean + hypertension_clean + Race_grouped + Age_grouped + disease,27313.0,,,,,,,pseudobulk_de_targeted_SubclassLevel1_IC_aki_vs_normal.csv
targeted_SubclassLevel1_IC_ckd_vs_normal,IC,chronic kidney disease,normal,,,,,,~ sex + diabetes_history_clean + hypertension_clean + Race_grouped + Age_grouped + disease,27959.0,,,,,,,pseudobulk_de_targeted_SubclassLevel1_IC_ckd_vs_normal.csv
targeted_SubclassLevel1_Lymphoid_aki_vs_ckd,Lymphoid,acute kidney injury,chronic kidney disease,,,,,,~ sex + diabetes_history_clean + hypertension_clean + Race_grouped + Age_grouped + disease,22758.0,,,,,,,pseudobulk_de_targeted_SubclassLevel1_Lymphoid_aki_vs_ckd.csv
targeted_SubclassLevel1_Lymphoid_aki_vs_normal,Lymphoid,acute kidney injury,normal,,,,,,~ sex + diabetes_history_clean + hypertension_clean + Race_grouped + Age_grouped + disease,21786.0,,,,,,,pseudobulk_de_targeted_SubclassLevel1_Lymphoid_aki_vs_normal.csv
targeted_SubclassLevel1_Lymphoid_ckd_vs_normal,Lymphoid,chronic kidney disease,normal,,,,,,~ sex + diabetes_history_clean + hypertension_clean + Race_grouped + Age_grouped + disease,23138.0,,,,,,,pseudobulk_de_targeted_SubclassLevel1_Lymphoid_ckd_vs_normal.csv
targeted_SubclassLevel1_Myeloid_aki_vs_ckd,Myeloid,acute kidney injury,chronic kidney disease,,,,,,~ sex + diabetes_history_clean + hypertension_clean + Race_grouped + Age_grouped + disease,23076.0,,,,,,,pseudobulk_de_targeted_SubclassLevel1_Myeloid_aki_vs_ckd.csv
targeted_SubclassLevel1_Myeloid_aki_vs_normal,Myeloid,acute kidney injury,normal,,,,,,~ sex + diabetes_history_clean + hypertension_clean + Race_grouped + Age_grouped + disease,23128.0,,,,,,,pseudobulk_de_targeted_SubclassLevel1_Myeloid_aki_vs_normal.csv
targeted_SubclassLevel1_Myeloid_ckd_vs_normal,Myeloid,chronic kidney disease,normal,,,,,,~ sex + diabetes_history_clean + hypertension_clean + Race_grouped + Age_grouped + disease,23851.0,,,,,,,pseudobulk_de_targeted_SubclassLevel1_Myeloid_ckd_vs_normal.csv
targeted_SubclassLevel1_PC_aki_vs_ckd,PC,acute kidney injury,chronic kidney disease,,,,,,~ sex + diabetes_history_clean + hypertension_clean + Race_grouped + Age_grouped + disease,25860.0,,,,,,,pseudobulk_de_targeted_SubclassLevel1_PC_aki_vs_ckd.csv
targeted_SubclassLevel1_PC_aki_vs_normal,PC,acute kidney injury,normal,,,,,,~ sex + diabetes_history_clean + hypertension_clean + Race_grouped + Age_grouped + disease,29120.0,,,,,,,pseudobulk_de_targeted_SubclassLevel1_PC_aki_vs_normal.csv
targeted_SubclassLevel1_PC_ckd_vs_normal,PC,chronic kidney disease,normal,,,,,,~ sex + diabetes_history_clean + hypertension_clean + Race_grouped + Age_grouped + disease,29446.0,,,,,,,pseudobulk_de_targeted_SubclassLevel1_PC_ckd_vs_normal.csv
targeted_SubclassLevel1_PEC_aki_vs_ckd,PEC,acute kidney injury,chronic kidney disease,,,,,,~ sex + diabetes_history_clean + hypertension_clean + Race_grouped + Age_grouped + disease,18653.0,,,,,,,pseudobulk_de_targeted_SubclassLevel1_PEC_aki_vs_ckd.csv
targeted_SubclassLevel1_PEC_aki_vs_normal,PEC,acute kidney injury,normal,,,,,,~ sex + diabetes_history_clean + hypertension_clean + Race_grouped + Age_grouped + disease,21138.0,,,,,,,pseudobulk_de_targeted_SubclassLevel1_PEC_aki_vs_normal.csv
targeted_SubclassLevel1_PEC_ckd_vs_normal,PEC,chronic kidney disease,normal,,,,,,~ sex + diabetes_history_clean + hypertension_clean + Race_grouped + Age_grouped + disease,21603.0,,,,,,,pseudobulk_de_targeted_SubclassLevel1_PEC_ckd_vs_normal.csv
targeted_SubclassLevel1_POD_aki_vs_ckd,POD,acute kidney injury,chronic kidney disease,,,,,,~ sex + diabetes_history_clean + hypertension_clean + Race_grouped + Age_grouped + disease,19418.0,,,,,,,pseudobulk_de_targeted_SubclassLevel1_POD_aki_vs_ckd.csv
targeted_SubclassLevel1_POD_aki_vs_normal,POD,acute kidney injury,normal,,,,,,~ sex + diabetes_history_clean + hypertension_clean + Race_grouped + Age_grouped + disease,21489.0,,,,,,,pseudobulk_de_targeted_SubclassLevel1_POD_aki_vs_normal.csv
targeted_SubclassLevel1_POD_ckd_vs_normal,POD,chronic kidney disease,normal,,,,,,~ sex + diabetes_history_clean + hypertension_clean + Race_grouped + Age_grouped + disease,22332.0,,,,,,,pseudobulk_de_targeted_SubclassLevel1_POD_ckd_vs_normal.csv
targeted_SubclassLevel1_PT_aki_vs_ckd,PT,acute kidney injury,chronic kidney disease,,,,,,~ sex + diabetes_history_clean + hypertension_clean + Race_grouped + Age_grouped + disease,29750.0,,,,,,,pseudobulk_de_targeted_SubclassLevel1_PT_aki_vs_ckd.csv
targeted_SubclassLevel1_PT_aki_vs_normal,PT,acute kidney injury,normal,,,,,,~ sex + diabetes_history_clean + hypertension_clean + Race_grouped + Age_grouped + disease,31053.0,,,,,,,pseudobulk_de_targeted_SubclassLevel1_PT_aki_vs_normal.csv
targeted_SubclassLevel1_PT_ckd_vs_normal,PT,chronic kidney disease,normal,,,,,,~ sex + diabetes_history_clean + hypertension_clean + Race_grouped + Age_grouped + disease,31540.0,,,,,,,pseudobulk_de_targeted_SubclassLevel1_PT_ckd_vs_normal.csv
targeted_SubclassLevel1_TAL_aki_vs_ckd,TAL,acute kidney injury,chronic kidney disease,,,,,,~ sex + diabetes_history_clean + hypertension_clean + Race_grouped + Age_grouped + disease,29318.0,,,,,,,pseudobulk_de_targeted_SubclassLevel1_TAL_aki_vs_ckd.csv
targeted_SubclassLevel1_TAL_aki_vs_normal,TAL,acute kidney injury,normal,,,,,,~ sex + diabetes_history_clean + hypertension_clean + Race_grouped + Age_grouped + disease,30991.0,,,,,,,pseudobulk_de_targeted_SubclassLevel1_TAL_aki_vs_normal.csv
targeted_SubclassLevel1_TAL_ckd_vs_normal,TAL,chronic kidney disease,normal,,,,,,~ sex + diabetes_history_clean + hypertension_clean + Race_grouped + Age_grouped + disease,31331.0,,,,,,,pseudobulk_de_targeted_SubclassLevel1_TAL_ckd_vs_normal.csv
targeted_SubclassLevel1_VSM_P_aki_vs_ckd,VSM_P,acute kidney injury,chronic kidney disease,,,,,,~ sex + diabetes_history_clean + hypertension_clean + Race_grouped + Age_grouped + disease,18138.0,,,,,,,pseudobulk_de_targeted_SubclassLevel1_VSM_P_aki_vs_ckd.csv
targeted_SubclassLevel1_VSM_P_aki_vs_normal,VSM_P,acute kidney injury,normal,,,,,,~ sex + diabetes_history_clean + hypertension_clean + Race_grouped + Age_grouped + disease,21599.0,,,,,,,pseudobulk_de_targeted_SubclassLevel1_VSM_P_aki_vs_normal.csv
targeted_SubclassLevel1_VSM_P_ckd_vs_normal,VSM_P,chronic kidney disease,normal,,,,,,~ sex + diabetes_history_clean + hypertension_clean + Race_grouped + Age_grouped + disease,22317.0,,,,,,,pseudobulk_de_targeted_SubclassLevel1_VSM_P_ckd_vs_normal.csv
aki_vs_ckd,global,acute kidney injury,chronic kidney disease,sex;diabetes_history_clean;hypertension_clean;Race_grouped;Age_grouped,sex;diabetes_history_clean;hypertension_clean;Race_grouped;Age_grouped,disease.acute kidney injury-donor_id.30-11081;disease.acute kidney injury-donor_id.32-10074;disease.acute kidney injury-donor_id.COV-02-0002;disease.acute kidney injury-donor_id.COV-02-0010;disease.acute kidney injury-donor_id.COV-02-0094;disease.acute kidney injury-donor_id.COV-02-0096;disease.chronic kidney disease-donor_id.SDKZ0024,7.0,False,~ sex + diabetes_history_clean + hypertension_clean + Race_grouped + Age_grouped + disease,32781.0,34.0,94.0,124074.0,311889.0,disease.acute kidney injury-donor_id.30-10018;disease.acute kidney injury-donor_id.30-10034;disease.acute kidney injury-donor_id.30-10044;disease.acute kidney injury-donor_id.30-10125;disease.acute kidney injury-donor_id.30-10631;disease.acute kidney injury-donor_id.30-10868;disease.acute kidney injury-donor_id.30-10929;disease.acute kidney injury-donor_id.30-11051;disease.acute kidney injury-donor_id.30-11080;disease.acute kidney injury-donor_id.30-11084;disease.acute kidney injury-donor_id.32-10003;disease.acute kidney injury-donor_id.32-10034;disease.acute kidney injury-donor_id.32-10205;disease.acute kidney injury-donor_id.32-10333;disease.acute kidney injury-donor_id.32-10346;disease.acute kidney injury-donor_id.32-10419;disease.acute kidney injury-donor_id.32-10456;disease.acute kidney injury-donor_id.32-10458;disease.acute kidney injury-donor_id.32-2;disease.acute kidney injury-donor_id.33-10005;disease.acute kidney injury-donor_id.33-10006;disease.acute kidney injury-donor_id.33-10331;disease.acute kidney injury-donor_id.33-10376;disease.acute kidney injury-donor_id.34-10050;disease.acute kidney injury-donor_id.34-10184;disease.acute kidney injury-donor_id.34-10187;disease.acute kidney injury-donor_id.34-10209;disease.acute kidney injury-donor_id.34-10240;disease.acute kidney injury-donor_id.34-10306;disease.acute kidney injury-donor_id.34-10331;disease.acute kidney injury-donor_id.34-10393;disease.acute kidney injury-donor_id.34-10579;disease.acute kidney injury-donor_id.3673;disease.acute kidney injury-donor_id.3782,disease.chronic kidney disease-donor_id.27-10039;disease.chronic kidney disease-donor_id.27-10041;disease.chronic kidney disease-donor_id.27-10043;disease.chronic kidney disease-donor_id.27-10066;disease.chronic kidney disease-donor_id.27-10067;disease.chronic kidney disease-donor_id.27-10074;disease.chronic kidney disease-donor_id.27-10088;disease.chronic kidney disease-donor_id.27-10089;disease.chronic kidney disease-donor_id.27-10094;disease.chronic kidney disease-donor_id.27-10104;disease.chronic kidney disease-donor_id.27-10154;disease.chronic kidney disease-donor_id.27-10163;disease.chronic kidney disease-donor_id.27-10165;disease.chronic kidney disease-donor_id.27-10166;disease.chronic kidney disease-donor_id.27-10171;disease.chronic kidney disease-donor_id.27-10185;disease.chronic kidney disease-donor_id.27-10201;disease.chronic kidney disease-donor_id.27-10206;disease.chronic kidney disease-donor_id.27-10207;disease.chronic kidney disease-donor_id.27-10231;disease.chronic kidney disease-donor_id.28-10051;disease.chronic kidney disease-donor_id.28-10109;disease.chronic kidney disease-donor_id.28-11515;disease.chronic kidney disease-donor_id.28-12178;disease.chronic kidney disease-donor_id.28-12265;disease.chronic kidney disease-donor_id.28-12372;disease.chronic kidney disease-donor_id.28-12412;disease.chronic kidney disease-donor_id.28-12510;disease.chronic kidney disease-donor_id.28-12546;disease.chronic kidney disease-donor_id.28-12558;disease.chronic kidney disease-donor_id.28-12579;disease.chronic kidney disease-donor_id.29-10006;disease.chronic kidney disease-donor_id.29-10008;disease.chronic kidney disease-donor_id.29-10010;disease.chronic kidney disease-donor_id.29-10011;disease.chronic kidney disease-donor_id.29-10012;disease.chronic kidney disease-donor_id.29-10013;disease.chronic kidney disease-donor_id.29-10016;disease.chronic kidney disease-donor_id.29-10276;disease.chronic kidney disease-donor_id.29-10277;disease.chronic kidney disease-donor_id.29-10280;disease.chronic kidney disease-donor_id.29-10380;disease.chronic kidney disease-donor_id.29-10393;disease.chronic kidney disease-donor_id.29-10395;disease.chronic kidney disease-donor_id.29-10399;disease.chronic kidney disease-donor_id.29-10400;disease.chronic kidney disease-donor_id.29-10401;disease.chronic kidney disease-donor_id.29-10402;disease.chronic kidney disease-donor_id.29-10404;disease.chronic kidney disease-donor_id.29-10406;disease.chronic kidney disease-donor_id.29-10410;disease.chronic kidney disease-donor_id.29-10422;disease.chronic kidney disease-donor_id.29-10439;disease.chronic kidney disease-donor_id.29-10662;disease.chronic kidney disease-donor_id.31-10000;disease.chronic kidney disease-donor_id.31-10001;disease.chronic kidney disease-donor_id.31-10006;disease.chronic kidney disease-donor_id.31-10013;disease.chronic kidney disease-donor_id.31-10035;disease.chronic kidney disease-donor_id.31-10061;disease.chronic kidney disease-donor_id.31-10063;disease.chronic kidney disease-donor_id.31-10078;disease.chronic kidney disease-donor_id.31-10081;disease.chronic kidney disease-donor_id.31-10090;disease.chronic kidney disease-donor_id.31-10091;disease.chronic kidney disease-donor_id.31-10100;disease.chronic kidney disease-donor_id.31-10105;disease.chronic kidney disease-donor_id.31-10169;disease.chronic kidney disease-donor_id.31-10177;disease.chronic kidney disease-donor_id.31-10210;disease.chronic kidney disease-donor_id.31-10221;disease.chronic kidney disease-donor_id.31-10236;disease.chronic kidney disease-donor_id.31-10322;disease.chronic kidney disease-donor_id.31-10340;disease.chronic kidney disease-donor_id.3477;disease.chronic kidney disease-donor_id.3479;disease.chronic kidney disease-donor_id.3487;disease.chronic kidney disease-donor_id.3609;disease.chronic kidney disease-donor_id.3612;disease.chronic kidney disease-donor_id.3716;disease.chronic kidney disease-donor_id.3804;disease.chronic kidney disease-donor_id.3814;disease.chronic kidney disease-donor_id.3903;disease.chronic kidney disease-donor_id.3904;disease.chronic kidney disease-donor_id.3916;disease.chronic kidney disease-donor_id.933-10003;disease.chronic kidney disease-donor_id.933-10010;disease.chronic kidney disease-donor_id.934-10016;disease.chronic kidney disease-donor_id.934-10022;disease.chronic kidney disease-donor_id.934-10023;disease.chronic kidney disease-donor_id.934-10032;disease.chronic kidney disease-donor_id.936-10002;disease.chronic kidney disease-donor_id.936-10003;disease.chronic kidney disease-donor_id.936-10006,
aki_vs_normal,global,acute kidney injury,normal,sex;diabetes_history_clean;hypertension_clean;Race_grouped;Age_grouped,sex;diabetes_history_clean;hypertension_clean;Race_grouped;Age_grouped,disease.acute kidney injury-donor_id.30-11081;disease.acute kidney injury-donor_id.32-10074;disease.acute kidney injury-donor_id.COV-02-0002;disease.acute kidney injury-donor_id.COV-02-0010;disease.acute kidney injury-donor_id.COV-02-0094;disease.acute kidney injury-donor_id.COV-02-0096;disease.normal-donor_id.163-6;disease.normal-donor_id.18-142;disease.normal-donor_id.18-162;disease.normal-donor_id.18-312;disease.normal-donor_id.21-015;disease.normal-donor_id.21-016;disease.normal-donor_id.21-019;disease.normal-donor_id.21-020;disease.normal-donor_id.21-021;disease.normal-donor_id.3374;disease.normal-donor_id.3918;disease.normal-donor_id.KRP446;disease.normal-donor_id.KRP460;disease.normal-donor_id.KRP461;disease.normal-donor_id.KRP462;disease.normal-donor_id.SDKZ0001,22.0,False,~ sex + diabetes_history_clean + hypertension_clean + Race_grouped + Age_grouped + disease,33603.0,34.0,72.0,124074.0,772784.0,disease.acute kidney injury-donor_id.30-10018;disease.acute kidney injury-donor_id.30-10034;disease.acute kidney injury-donor_id.30-10044;disease.acute kidney injury-donor_id.30-10125;disease.acute kidney injury-donor_id.30-10631;disease.acute kidney injury-donor_id.30-10868;disease.acute kidney injury-donor_id.30-10929;disease.acute kidney injury-donor_id.30-11051;disease.acute kidney injury-donor_id.30-11080;disease.acute kidney injury-donor_id.30-11084;disease.acute kidney injury-donor_id.32-10003;disease.acute kidney injury-donor_id.32-10034;disease.acute kidney injury-donor_id.32-10205;disease.acute kidney injury-donor_id.32-10333;disease.acute kidney injury-donor_id.32-10346;disease.acute kidney injury-donor_id.32-10419;disease.acute kidney injury-donor_id.32-10456;disease.acute kidney injury-donor_id.32-10458;disease.acute kidney injury-donor_id.32-2;disease.acute kidney injury-donor_id.33-10005;disease.acute kidney injury-donor_id.33-10006;disease.acute kidney injury-donor_id.33-10331;disease.acute kidney injury-donor_id.33-10376;disease.acute kidney injury-donor_id.34-10050;disease.acute kidney injury-donor_id.34-10184;disease.acute kidney injury-donor_id.34-10187;disease.acute kidney injury-donor_id.34-10209;disease.acute kidney injury-donor_id.34-10240;disease.acute kidney injury-donor_id.34-10306;disease.acute kidney injury-donor_id.34-10331;disease.acute kidney injury-donor_id.34-10393;disease.acute kidney injury-donor_id.34-10579;disease.acute kidney injury-donor_id.3673;disease.acute kidney injury-donor_id.3782,disease.normal-donor_id.163-5;disease.normal-donor_id.164-1;disease.normal-donor_id.164-10;disease.normal-donor_id.164-11;disease.normal-donor_id.164-12;disease.normal-donor_id.164-13;disease.normal-donor_id.164-14;disease.normal-donor_id.164-15;disease.normal-donor_id.164-17;disease.normal-donor_id.164-18;disease.normal-donor_id.164-20;disease.normal-donor_id.164-3;disease.normal-donor_id.164-5;disease.normal-donor_id.164-6;disease.normal-donor_id.164-7;disease.normal-donor_id.164-8;disease.normal-donor_id.165-10;disease.normal-donor_id.165-11;disease.normal-donor_id.165-13;disease.normal-donor_id.165-14;disease.normal-donor_id.165-15;disease.normal-donor_id.165-7;disease.normal-donor_id.165-9;disease.normal-donor_id.3490;disease.normal-donor_id.3499;disease.normal-donor_id.3504;disease.normal-donor_id.3510;disease.normal-donor_id.3535;disease.normal-donor_id.3579;disease.normal-donor_id.3593;disease.normal-donor_id.3611;disease.normal-donor_id.3613;disease.normal-donor_id.3619;disease.normal-donor_id.3620;disease.normal-donor_id.3621;disease.normal-donor_id.3622;disease.normal-donor_id.3623;disease.normal-donor_id.3625;disease.normal-donor_id.3626;disease.normal-donor_id.3627;disease.normal-donor_id.3630;disease.normal-donor_id.3631;disease.normal-donor_id.3632;disease.normal-donor_id.3675;disease.normal-donor_id.3691;disease.normal-donor_id.3693;disease.normal-donor_id.3704;disease.normal-donor_id.3711;disease.normal-donor_id.3712;disease.normal-donor_id.3715;disease.normal-donor_id.3723;disease.normal-donor_id.3728;disease.normal-donor_id.3775;disease.normal-donor_id.3778;disease.normal-donor_id.3781;disease.normal-donor_id.3785;disease.normal-donor_id.3800;disease.normal-donor_id.3824;disease.normal-donor_id.3825;disease.normal-donor_id.3830;disease.normal-donor_id.3893;disease.normal-donor_id.3898;disease.normal-donor_id.3900;disease.normal-donor_id.3907;disease.normal-donor_id.3948;disease.normal-donor_id.3965;disease.normal-donor_id.D_080;disease.normal-donor_id.IU-KRP-429;disease.normal-donor_id.IU-KRP-430;disease.normal-donor_id.IU-KRP-473;disease.normal-donor_id.KPMP_101;disease.normal-donor_id.KPMP_104,
ckd_vs_normal,global,chronic kidney disease,normal,sex;diabetes_history_clean;hypertension_clean;Race_grouped;Age_grouped,sex;diabetes_history_clean;hypertension_clean;Race_grouped;Age_grouped,disease.chronic kidney disease-donor_id.SDKZ0024;disease.normal-donor_id.163-6;disease.normal-donor_id.18-142;disease.normal-donor_id.18-162;disease.normal-donor_id.18-312;disease.normal-donor_id.21-015;disease.normal-donor_id.21-016;disease.normal-donor_id.21-019;disease.normal-donor_id.21-020;disease.normal-donor_id.21-021;disease.normal-donor_id.3374;disease.normal-donor_id.3918;disease.normal-donor_id.KRP446;disease.normal-donor_id.KRP460;disease.normal-donor_id.KRP461;disease.normal-donor_id.KRP462;disease.normal-donor_id.SDKZ0001,17.0,False,~ sex + diabetes_history_clean + hypertension_clean + Race_grouped + Age_grouped + disease,33801.0,94.0,72.0,311889.0,772784.0,disease.chronic kidney disease-donor_id.27-10039;disease.chronic kidney disease-donor_id.27-10041;disease.chronic kidney disease-donor_id.27-10043;disease.chronic kidney disease-donor_id.27-10066;disease.chronic kidney disease-donor_id.27-10067;disease.chronic kidney disease-donor_id.27-10074;disease.chronic kidney disease-donor_id.27-10088;disease.chronic kidney disease-donor_id.27-10089;disease.chronic kidney disease-donor_id.27-10094;disease.chronic kidney disease-donor_id.27-10104;disease.chronic kidney disease-donor_id.27-10154;disease.chronic kidney disease-donor_id.27-10163;disease.chronic kidney disease-donor_id.27-10165;disease.chronic kidney disease-donor_id.27-10166;disease.chronic kidney disease-donor_id.27-10171;disease.chronic kidney disease-donor_id.27-10185;disease.chronic kidney disease-donor_id.27-10201;disease.chronic kidney disease-donor_id.27-10206;disease.chronic kidney disease-donor_id.27-10207;disease.chronic kidney disease-donor_id.27-10231;disease.chronic kidney disease-donor_id.28-10051;disease.chronic kidney disease-donor_id.28-10109;disease.chronic kidney disease-donor_id.28-11515;disease.chronic kidney disease-donor_id.28-12178;disease.chronic kidney disease-donor_id.28-12265;disease.chronic kidney disease-donor_id.28-12372;disease.chronic kidney disease-donor_id.28-12412;disease.chronic kidney disease-donor_id.28-12510;disease.chronic kidney disease-donor_id.28-12546;disease.chronic kidney disease-donor_id.28-12558;disease.chronic kidney disease-donor_id.28-12579;disease.chronic kidney disease-donor_id.29-10006;disease.chronic kidney disease-donor_id.29-10008;disease.chronic kidney disease-donor_id.29-10010;disease.chronic kidney disease-donor_id.29-10011;disease.chronic kidney disease-donor_id.29-10012;disease.chronic kidney disease-donor_id.29-10013;disease.chronic kidney disease-donor_id.29-10016;disease.chronic kidney disease-donor_id.29-10276;disease.chronic kidney disease-donor_id.29-10277;disease.chronic kidney disease-donor_id.29-10280;disease.chronic kidney disease-donor_id.29-10380;disease.chronic kidney disease-donor_id.29-10393;disease.chronic kidney disease-donor_id.29-10395;disease.chronic kidney disease-donor_id.29-10399;disease.chronic kidney disease-donor_id.29-10400;disease.chronic kidney disease-donor_id.29-10401;disease.chronic kidney disease-donor_id.29-10402;disease.chronic kidney disease-donor_id.29-10404;disease.chronic kidney disease-donor_id.29-10406;disease.chronic kidney disease-donor_id.29-10410;disease.chronic kidney disease-donor_id.29-10422;disease.chronic kidney disease-donor_id.29-10439;disease.chronic kidney disease-donor_id.29-10662;disease.chronic kidney disease-donor_id.31-10000;disease.chronic kidney disease-donor_id.31-10001;disease.chronic kidney disease-donor_id.31-10006;disease.chronic kidney disease-donor_id.31-10013;disease.chronic kidney disease-donor_id.31-10035;disease.chronic kidney disease-donor_id.31-10061;disease.chronic kidney disease-donor_id.31-10063;disease.chronic kidney disease-donor_id.31-10078;disease.chronic kidney disease-donor_id.31-10081;disease.chronic kidney disease-donor_id.31-10090;disease.chronic kidney disease-donor_id.31-10091;disease.chronic kidney disease-donor_id.31-10100;disease.chronic kidney disease-donor_id.31-10105;disease.chronic kidney disease-donor_id.31-10169;disease.chronic kidney disease-donor_id.31-10177;disease.chronic kidney disease-donor_id.31-10210;disease.chronic kidney disease-donor_id.31-10221;disease.chronic kidney disease-donor_id.31-10236;disease.chronic kidney disease-donor_id.31-10322;disease.chronic kidney disease-donor_id.31-10340;disease.chronic kidney disease-donor_id.3477;disease.chronic kidney disease-donor_id.3479;disease.chronic kidney disease-donor_id.3487;disease.chronic kidney disease-donor_id.3609;disease.chronic kidney disease-donor_id.3612;disease.chronic kidney disease-donor_id.3716;disease.chronic kidney disease-donor_id.3804;disease.chronic kidney disease-donor_id.3814;disease.chronic kidney disease-donor_id.3903;disease.chronic kidney disease-donor_id.3904;disease.chronic kidney disease-donor_id.3916;disease.chronic kidney disease-donor_id.933-10003;disease.chronic kidney disease-donor_id.933-10010;disease.chronic kidney disease-donor_id.934-10016;disease.chronic kidney disease-donor_id.934-10022;disease.chronic kidney disease-donor_id.934-10023;disease.chronic kidney disease-donor_id.934-10032;disease.chronic kidney disease-donor_id.936-10002;disease.chronic kidney disease-donor_id.936-10003;disease.chronic kidney disease-donor_id.936-10006,disease.normal-donor_id.163-5;disease.normal-donor_id.164-1;disease.normal-donor_id.164-10;disease.normal-donor_id.164-11;disease.normal-donor_id.164-12;disease.normal-donor_id.164-13;disease.normal-donor_id.164-14;disease.normal-donor_id.164-15;disease.normal-donor_id.164-17;disease.normal-donor_id.164-18;disease.normal-donor_id.164-20;disease.normal-donor_id.164-3;disease.normal-donor_id.164-5;disease.normal-donor_id.164-6;disease.normal-donor_id.164-7;disease.normal-donor_id.164-8;disease.normal-donor_id.165-10;disease.normal-donor_id.165-11;disease.normal-donor_id.165-13;disease.normal-donor_id.165-14;disease.normal-donor_id.165-15;disease.normal-donor_id.165-7;disease.normal-donor_id.165-9;disease.normal-donor_id.3490;disease.normal-donor_id.3499;disease.normal-donor_id.3504;disease.normal-donor_id.3510;disease.normal-donor_id.3535;disease.normal-donor_id.3579;disease.normal-donor_id.3593;disease.normal-donor_id.3611;disease.normal-donor_id.3613;disease.normal-donor_id.3619;disease.normal-donor_id.3620;disease.normal-donor_id.3621;disease.normal-donor_id.3622;disease.normal-donor_id.3623;disease.normal-donor_id.3625;disease.normal-donor_id.3626;disease.normal-donor_id.3627;disease.normal-donor_id.3630;disease.normal-donor_id.3631;disease.normal-donor_id.3632;disease.normal-donor_id.3675;disease.normal-donor_id.3691;disease.normal-donor_id.3693;disease.normal-donor_id.3704;disease.normal-donor_id.3711;disease.normal-donor_id.3712;disease.normal-donor_id.3715;disease.normal-donor_id.3723;disease.normal-donor_id.3728;disease.normal-donor_id.3775;disease.normal-donor_id.3778;disease.normal-donor_id.3781;disease.normal-donor_id.3785;disease.normal-donor_id.3800;disease.normal-donor_id.3824;disease.normal-donor_id.3825;disease.normal-donor_id.3830;disease.normal-donor_id.3893;disease.normal-donor_id.3898;disease.normal-donor_id.3900;disease.normal-donor_id.3907;disease.normal-donor_id.3948;disease.normal-donor_id.3965;disease.normal-donor_id.D_080;disease.normal-donor_id.IU-KRP-429;disease.normal-donor_id.IU-KRP-430;disease.normal-donor_id.IU-KRP-473;disease.normal-donor_id.KPMP_101;disease.normal-donor_id.KPMP_104,
