name,status
targeted_SubclassLevel1_PT_ckd_vs_normal,completed
targeted_SubclassLevel1_PT_aki_vs_normal,completed
targeted_SubclassLevel1_PT_aki_vs_ckd,completed
targeted_SubclassLevel1_TAL_ckd_vs_normal,completed
targeted_SubclassLevel1_TAL_aki_vs_normal,completed
targeted_SubclassLevel1_TAL_aki_vs_ckd,completed
targeted_SubclassLevel1_PC_ckd_vs_normal,completed
targeted_SubclassLevel1_PC_aki_vs_normal,completed
targeted_SubclassLevel1_PC_aki_vs_ckd,completed
targeted_SubclassLevel1_EC_ckd_vs_normal,completed
targeted_SubclassLevel1_EC_aki_vs_normal,completed
targeted_SubclassLevel1_EC_aki_vs_ckd,completed
targeted_SubclassLevel1_FIB_ckd_vs_normal,completed
targeted_SubclassLevel1_FIB_aki_vs_normal,completed
targeted_SubclassLevel1_FIB_aki_vs_ckd,completed
targeted_SubclassLevel1_IC_ckd_vs_normal,completed
targeted_SubclassLevel1_IC_aki_vs_normal,completed
targeted_SubclassLevel1_IC_aki_vs_ckd,completed
targeted_SubclassLevel1_DTL_ckd_vs_normal,completed
targeted_SubclassLevel1_DTL_aki_vs_normal,completed
targeted_SubclassLevel1_DTL_aki_vs_ckd,completed
targeted_SubclassLevel1_DCT_ckd_vs_normal,completed
targeted_SubclassLevel1_DCT_aki_vs_normal,completed
targeted_SubclassLevel1_DCT_aki_vs_ckd,completed
targeted_SubclassLevel1_Myeloid_ckd_vs_normal,completed
targeted_SubclassLevel1_Myeloid_aki_vs_normal,completed
targeted_SubclassLevel1_Myeloid_aki_vs_ckd,completed
targeted_SubclassLevel1_CNT_ckd_vs_normal,completed
targeted_SubclassLevel1_CNT_aki_vs_normal,completed
targeted_SubclassLevel1_CNT_aki_vs_ckd,completed
targeted_SubclassLevel1_Lymphoid_ckd_vs_normal,completed
targeted_SubclassLevel1_Lymphoid_aki_vs_normal,completed
targeted_SubclassLevel1_Lymphoid_aki_vs_ckd,completed
targeted_SubclassLevel1_VSM_P_ckd_vs_normal,completed
targeted_SubclassLevel1_VSM_P_aki_vs_normal,completed
targeted_SubclassLevel1_VSM_P_aki_vs_ckd,completed
targeted_SubclassLevel1_POD_ckd_vs_normal,completed
targeted_SubclassLevel1_POD_aki_vs_normal,completed
targeted_SubclassLevel1_POD_aki_vs_ckd,completed
targeted_SubclassLevel1_ATL_ckd_vs_normal,completed
targeted_SubclassLevel1_PEC_ckd_vs_normal,completed
targeted_SubclassLevel1_PEC_aki_vs_normal,completed
targeted_SubclassLevel1_PEC_aki_vs_ckd,completed
