compartment,trajectory,lineage,gene,n_supported_metacells,n_supported_donors,early_mean_log1p_cp10k,late_mean_log1p_cp10k,late_minus_early,direction_descriptive,peak_bin,trough_bin,transient_shape_descriptive,n_donors_with_early_late,donor_median_late_minus_early,donor_wilcoxon_p,donor_wilcoxon_q,donor_supported_fdr_0_05,association_p,association_q,start_end_p,start_end_q,start_end_logFC,module,association_fdr_0_05,start_end_fdr_0_05
PT,PT,Lineage1,C1QA,3026,205,0.0170009473376879,0.005796138026816,-0.0112048093108718,decreasing,7,10,True,3,0.0294218951251241,,,False,3.4416913763379904e-15,5.955557943403678e-15,2.76642048713249e-07,1.143397519667386e-06,-3.48170931135582,classical,True,True
PT,PT,Lineage1,C1QB,3026,205,0.00956341771099,0.0036118355658536,-0.0059515821451364,decreasing,6,9,True,3,0.0,,,False,1.95399252334028e-13,3.24119855945988e-13,3.51533519959979e-07,1.4319043942730725e-06,-4.62916612693413,classical,True,True
PT,PT,Lineage1,C1QC,3026,205,0.0053022889020348,0.0030916757724726,-0.0022106131295621,decreasing,6,9,True,3,0.0,,,False,2.90950164266723e-05,3.749562925756698e-05,0.106750398541014,0.1538188135104576,-1.54346929206413,classical,True,False
PT,PT,Lineage1,C1R,3026,205,0.0396371123004399,0.062719846069896,0.023082733769456,increasing,7,10,True,3,0.029277682421306,,,False,0.0,0.0,0.590180925551791,0.658017115492247,-0.271055148500284,classical,True,False
PT,PT,Lineage1,C1S,3026,205,0.1500155791663432,0.1365977955886005,-0.0134177835777427,decreasing,7,10,True,3,0.1107461578521149,,,False,0.0,0.0,0.0005437884648782,0.0013280622150242,-0.650030137054473,classical,True,True
PT,PT,Lineage1,C2,3026,205,0.1418011599367657,0.177813472763864,0.0360123128270982,increasing,10,7,True,3,-0.029964239918606,,,False,0.0,0.0,8.18482836728585e-07,3.1672362628407924e-06,1.02974791035803,classical,True,True
PT,PT,Lineage1,C4A,3026,205,0.0109924029037994,0.0048661823936394,-0.00612622051016,decreasing,2,8,True,3,-0.019150445648195,,,False,0.0008952562126751,0.001084961810227,0.975788985288385,0.9810588969298764,0.0196248749498373,classical,True,False
PT,PT,Lineage1,C4B,3026,205,0.0073452659961204,0.0031289630515179,-0.0042163029446024,decreasing,6,9,True,3,-0.0046459665190007,,,False,0.0420986129899881,0.0469374842299363,0.638605799982373,0.7022524959716848,-0.383822398773352,classical,True,False
PT,PT,Lineage1,MASP1,3026,205,0.1858535270694067,0.1435621551423631,-0.0422913719270436,decreasing,3,8,True,3,-0.159359613193261,,,False,0.0,0.0,5.61898092370505e-05,0.0001645895061052,1.11743797685055,lectin,True,True
PT,PT,Lineage1,C3,3026,205,0.1166811322091133,0.3195378440891236,0.2028567118800102,increasing,7,1,True,3,0.7624217511528185,,,False,0.0,0.0,0.014530791796353,0.0260556274908539,1.26263316726124,alternative,True,True
PT,PT,Lineage1,CFB,3026,205,0.0915418471383497,0.1861485684607068,0.0946067213223571,increasing,7,1,True,3,0.0724709359929506,,,False,0.0,0.0,0.0228969381784547,0.0391831833157319,0.869916392527654,alternative,True,True
PT,PT,Lineage1,CFD,3026,205,0.0094931372815627,0.0049842880929962,-0.0045088491885665,decreasing,6,10,True,3,0.008479306898337,,,False,7.11815968279517e-07,9.756516149662957e-07,0.0054736139938447,0.0108839434067365,-2.17533913417407,alternative,True,True
PT,PT,Lineage1,C5,3026,205,0.1795748840951471,0.0343534836328662,-0.1452214004622808,decreasing,2,9,True,3,-0.02123197369605,,,False,0.0,0.0,9.9512953433134e-11,6.338758674003566e-10,-1.73624416909969,terminal,True,True
PT,PT,Lineage1,C6,3026,205,0.0919267373260971,0.0262669813386361,-0.0656597559874609,decreasing,3,10,True,3,-0.0193700056610669,,,False,1.66533453693773e-15,2.900715329590918e-15,3.79265338046331e-06,1.3293654788899054e-05,-2.46414790347851,terminal,True,True
PT,PT,Lineage1,C7,3026,205,0.1301720173811037,0.0273217829825924,-0.1028502343985113,decreasing,6,10,True,3,-0.0034362217989757,,,False,0.0,0.0,0.0,0.0,-6.2062548213462,terminal,True,True
PT,PT,Lineage1,C8A,3026,205,0.0034206335615922,0.0131292454828546,0.0097086119212624,increasing,10,8,True,3,0.0,,,False,3.52978757334199e-10,5.36850763014605e-10,0.0009903826513126,0.0023015112122192,2.94375542755468,terminal,True,True
PT,PT,Lineage1,C9,3026,205,0.1752460732291779,0.0402185418031561,-0.1350275314260218,decreasing,2,10,True,3,-0.0851267368302429,,,False,0.0,0.0,3.3850700020821e-13,2.816991818168936e-12,-1.78628967455139,terminal,True,True
PT,PT,Lineage1,C5AR1,3026,205,0.196827968575291,0.4688678021814746,0.2720398336061836,increasing,10,1,True,3,-0.1245754218247965,,,False,0.0,0.0,4.44089209850063e-16,4.9656414744328505e-15,2.55059179094437,receptor,True,True
PT,PT,Lineage1,CR1,3026,205,0.0116823670060156,0.0003920150918007,-0.0112903519142149,decreasing,3,9,True,3,-0.0027883692868718,,,False,1.22854393325156e-10,1.8913432106821048e-10,7.23360800484185e-05,0.0002073991604457,-3.43782403760167,receptor,True,True
PT,PT,Lineage1,CR2,3026,205,0.0704235580398649,0.0033001269949072,-0.0671234310449577,decreasing,1,8,True,3,-0.0224712520470824,,,False,0.0,0.0,1.2222195477917801e-09,6.82615917542471e-09,-3.79650807353676,receptor,True,True
PT,PT,Lineage1,ITGAM,3026,205,0.0151858302144514,0.0081679754899696,-0.0070178547244817,decreasing,3,10,True,3,0.0143933544154358,,,False,0.0,0.0,0.971566960052502,0.9780663395121116,0.025329720938688,receptor,True,False
PT,PT,Lineage1,VSIG4,3026,205,0.002251294122755,0.0,-0.002251294122755,decreasing,7,8,True,3,-0.0035577166761569,,,False,0.0004567356971324,0.0005613033832506,0.257551205996724,0.3292092552637718,-1.48748375842551,receptor,True,False
PT,PT,Lineage1,CFH,3026,205,0.0494052756719971,0.0255298493915594,-0.0238754262804376,decreasing,7,10,True,3,0.0555460246944298,,,False,0.0,0.0,1.13344843510887e-08,5.6038849164520226e-08,-3.23743069834019,regulator,True,True
PT,PT,Lineage1,CFI,3026,205,1.0545161322507,0.4402802841640963,-0.6142358480866037,decreasing,2,10,True,3,-0.7372697683787354,,,False,0.0,0.0,0.0,0.0,-1.29884351510579,regulator,True,True
PT,PT,Lineage1,CD46,3026,205,0.7224653297007883,0.9217882725662384,0.1993229428654502,increasing,6,1,True,3,0.1786773085281475,,,False,0.0,0.0,5.50706500623832e-07,2.1864803716596627e-06,0.472312150563003,regulator,True,True
PT,PT,Lineage1,CD55,3026,205,0.0989570347920475,0.0902629208496411,-0.0086941139424064,decreasing,7,10,True,3,0.2204091378649404,,,False,0.0,0.0,3.7027834132175e-09,1.94850210209867e-08,-1.9186123529097,regulator,True,True
PT,PT,Lineage1,CD59,3026,205,0.4557728775459907,0.6905014180494866,0.2347285405034959,increasing,7,1,True,3,0.6398979640484082,,,False,0.0,0.0,0.68219402024899,0.7409726038191375,-0.072368519422326,regulator,True,False
PT,PT,Lineage1,SERPING1,3026,205,0.1206386366540973,0.1109802453229709,-0.0096583913311264,decreasing,6,10,True,3,0.6641863476884746,,,False,0.0,0.0,0.0,0.0,-4.1700112061881,regulator,True,True
PT,PT,Lineage2,C1R,2527,197,0.0337977493009674,0.057526752464057,0.0237290031630896,increasing,6,10,True,37,0.0,0.120659351522583,0.2134742373091853,False,1.16318066289978e-12,2.448931124028452e-12,0.887779890354155,0.9126276197331376,-0.109922308514154,classical,True,False
PT,PT,Lineage2,C1S,2527,197,0.136747510634168,0.0591622979161973,-0.0775852127179707,decreasing,5,10,True,37,-0.0896871186170638,0.000880575767951,0.0032487673480933,True,0.0,0.0,2.5249378143854504e-09,1.3689117447518817e-08,-2.83821460345483,classical,True,True
PT,PT,Lineage2,C2,2527,197,0.1374983108014699,0.0664548785374559,-0.0710434322640139,decreasing,3,10,True,37,-0.0926690063514023,6.170429385609796e-05,0.0004054853596257,True,0.0,0.0,1.57570254026851e-05,5.1759093599543145e-05,-2.01830673554135,classical,True,True
PT,PT,Lineage2,C8G,2527,197,0.0057003800785881,0.0176358588226251,0.0119354787440369,increasing,8,7,True,37,0.0,0.2491031097031559,0.3663929596039182,False,0.0106022122649702,0.0150073277870559,0.0049773089580413,0.010501244778576,3.40454682795451,terminal,True,True
PT,PT,Lineage2,C5AR1,2527,197,0.1503308784277239,0.0568178373692902,-0.0935130410584337,decreasing,4,8,True,37,-0.0790638719973157,8.218921720981598e-07,1.260234663883845e-05,True,0.0,0.0,0.0012661588157945,0.003023405948706,-2.20793394440447,receptor,True,True
PT,PT,Lineage2,CFH,2527,197,0.0279188827406829,0.0946015603988387,0.0666826776581558,increasing,5,1,True,37,0.0225786304809018,0.0008074799318267,0.0032487673480933,True,1.19549925514661e-11,2.4367048413833085e-11,0.199532136448972,0.2690474392912216,0.752583788968515,regulator,True,False
PT,PT,Lineage2,CD46,2527,197,0.6889898655455281,0.8532050312802493,0.1642151657347211,increasing,8,10,True,37,0.2353915796198452,0.0001753965334501,0.0008068240538705,True,0.0,0.0,3.58213458895307e-12,2.7902536499860897e-11,-1.05545731097791,regulator,True,True
PT,PT,Lineage2,CD55,2527,197,0.0973323271034251,0.1112488403079719,0.0139165132045467,increasing,8,10,True,37,-0.011596177925679,0.8751615065669858,0.8751615065669859,False,1.04069796114103e-07,1.885262393056575e-07,0.0002912868078016,0.0007804383191222,-2.13001596449489,regulator,True,True
PT,PT,Lineage2,CD59,2527,197,0.425199408184081,1.3242562694852047,0.8990568613011237,increasing,9,2,True,37,0.9478095418001736,1.4551915228366852e-11,6.693881005048752e-10,True,0.0,0.0,0.139893274887948,0.1980458134723873,0.318019189991733,regulator,True,False
PT,PT,Lineage3,C1QA,2613,197,0.017118017865355,0.1051846265045689,0.0880666086392138,increasing,8,2,True,26,0.0,0.0520334213607993,0.0997307242748654,False,2.53876919487084e-11,5.108228365130671e-11,0.273360033155524,0.3491313678599755,0.543962962265252,classical,True,False
PT,PT,Lineage3,C1QB,2613,197,0.0102428287272918,0.0855620390321073,0.0753192103048154,increasing,8,2,True,26,0.0456511474870107,0.0018439083987014,0.0084819786340264,True,7.075673380541049e-12,1.4462820764041868e-11,0.0615074633465191,0.0982577759468535,1.06018406141452,classical,True,False
PT,PT,Lineage3,C1R,2613,197,0.0334931075381312,0.1997660715282678,0.1662729639901365,increasing,10,2,True,26,0.0470611269006706,0.0018439083987014,0.0084819786340264,True,0.0,0.0,3.7583859169299e-07,2.212556990488208e-06,2.19084447115436,classical,True,True
PT,PT,Lineage3,FCN3,2613,197,0.0047676364603309,0.0310750765303473,0.0263074400700164,increasing,7,2,True,26,0.0,0.1676512708771409,0.2659296020809821,False,0.0003271278989216,0.0005058163124814,0.106925667363505,0.1574102725385294,0.987985580919544,lectin,True,False
PT,PT,Lineage3,MASP1,2613,197,0.1469427362909749,0.0952369313093029,-0.051705804981672,decreasing,5,8,True,26,-0.0931928130196013,0.0046893656253814,0.0165931399051959,True,0.0,0.0,0.0092922577886912,0.0191829309594111,0.710310727989832,lectin,True,True
PT,PT,Lineage3,C3,2613,197,0.0623331218166901,0.5709471460863748,0.5086140242696846,increasing,10,1,True,26,0.0537933970455652,0.0032159320975066,0.0123277397071086,True,0.0,0.0,0.0,0.0,5.58631010817289,alternative,True,True
PT,PT,Lineage3,CFB,2613,197,0.0788584412903738,0.695943350347126,0.6170849090567521,increasing,10,1,True,26,0.2309371962586,0.0001259557185277,0.0011587926104556,True,0.0,0.0,0.0,0.0,3.46405019690174,alternative,True,True
PT,PT,Lineage3,CFD,2613,197,0.0081767764320355,0.0553150240963447,0.0471382476643091,increasing,8,2,True,26,0.0,0.0495101673733431,0.0997307242748654,False,0.0,0.0,0.21651701416674,0.286880079302553,0.877177864735064,alternative,True,False
PT,PT,Lineage3,C5,2613,197,0.2034667700753321,0.1012944638902429,-0.1021723061850892,decreasing,2,8,True,26,-0.1135276159789213,0.0003636479377746,0.0023896864482334,True,0.0,0.0,0.966651832777104,0.9747031416071772,-0.01099143395644,terminal,True,False
PT,PT,Lineage3,C6,2613,197,0.083481776975107,0.056305884188265,-0.0271758927868419,decreasing,10,8,True,26,-0.0218523902153553,0.0298987911015436,0.0723865468774215,False,6.5686345251947395e-12,1.3431498190905667e-11,0.0400149745970525,0.0678235822853443,-1.09802594749371,terminal,True,False
PT,PT,Lineage3,C7,2613,197,0.1355828586838983,0.3272830385791582,0.1917001798952599,increasing,8,2,True,26,0.2113155379128561,9.450316429138184e-05,0.0010867863893508,True,2.24917640068156e-10,4.3987417713257046e-10,0.950627341562414,0.962441342349912,-0.026081185071557,terminal,True,False
PT,PT,Lineage3,C8G,2613,197,0.0056633280938531,0.0316912207780456,0.0260278926841924,increasing,9,1,True,26,-0.0007128416455632,0.2859791906640567,0.3869130226631356,False,1.83022561843771e-05,3.022624174305844e-05,0.025849407017328,0.0467615535575171,1.96200016646384,terminal,True,True
PT,PT,Lineage3,C9,2613,197,0.1964364987043436,0.0520583463634148,-0.1443781523409288,decreasing,3,9,True,26,-0.1658942274665052,2.694129943847656e-05,0.0006196498870849,True,0.0,0.0,0.0001285753112899,0.0004280576118685,-1.23516633344415,terminal,True,True
PT,PT,Lineage3,CR1,2613,197,0.0120597497838229,0.0182818613709527,0.0062221115871297,increasing,7,10,True,26,-0.0018540745665577,0.7938390455415016,0.8114799132202017,False,0.0081726111224494,0.0116173275172487,0.0081631141517487,0.0170912737843859,-2.16150640025259,receptor,True,True
PT,PT,Lineage3,ITGAM,2613,197,0.0061148301237144,0.0198715054941549,0.0137566753704405,increasing,7,1,True,26,-0.0008375903239933,0.6012127057398096,0.6627230365924894,False,1.56297821908291e-05,2.5883761445366608e-05,0.0746289365826643,0.1159539008924023,1.51384979250755,receptor,True,False
PT,PT,Lineage3,VSIG4,2613,197,0.0019564638077485,0.0178774540624822,0.0159209902547336,increasing,8,2,True,26,0.0,0.5014474714870738,0.6070153602211946,False,0.015844722604443,0.0220141330239461,0.059430139990518,0.095403447188275,1.68571678272962,receptor,True,False
PT,PT,Lineage3,CFH,2613,197,0.0279724292677622,0.1051647497325981,0.0771923204648359,increasing,8,1,True,26,0.002821496928264,0.0578362165685365,0.1064186384861073,False,5.55682237335375e-07,9.746961941847312e-07,0.0312580372002015,0.0550653409559139,1.01042855754712,regulator,True,False
PT,PT,Lineage3,CD46,2613,197,0.6887084778766636,1.0323874695923607,0.3436789917156971,increasing,10,6,True,26,0.373196566252267,8.156895637512207e-05,0.0010867863893508,True,0.0,0.0,2.2851387293521e-07,1.40879953884974e-06,0.510648161310417,regulator,True,True
PT,PT,Lineage4,C1R,2500,164,0.0323798663693848,0.0241028517108601,-0.0082770146585246,decreasing,5,8,True,49,-0.0044531742398863,0.0390631596756378,0.1542130773129457,False,0.0,0.0,0.0244643767993422,0.2192298033699276,1.1705560780294,classical,True,False
PT,PT,Lineage4,C2,2500,164,0.1398832479822305,0.1129647320806155,-0.0269185159016149,decreasing,5,9,True,49,-0.006065586614398,0.1532425021564769,0.335674052342759,False,0.0,0.0,0.212528150218641,0.5947165567197766,0.306990203090579,classical,True,False
PT,PT,Lineage4,C4B,2500,164,0.0079061884381634,0.0037387390039258,-0.0041674494342375,decreasing,4,9,True,49,-0.0026334811262387,0.0011701052431293,0.0179416137279837,True,1.4770560330390502e-09,4.767280405302037e-09,0.362469028966122,0.7307873006671566,-0.830023951391671,classical,True,False
PT,PT,Lineage4,C3,2500,164,0.063236901734556,0.0231271576170326,-0.0401097441175234,decreasing,5,10,True,49,-0.0044291606601215,0.0368201293030239,0.1542130773129457,False,0.0,0.0,0.295536724957789,0.6769137332031802,0.691292532367476,alternative,True,False
PT,PT,Lineage4,C7,2500,164,0.137777546058744,0.1455683888745865,0.0077908428158424,increasing,10,8,True,49,-0.0044085184166657,0.4119176755679902,0.5921316586289859,False,3.91598309779084e-07,1.0455098991234222e-06,0.0204423963176084,0.1998135896267812,1.0918961258789,terminal,True,False
PT,PT,Lineage4,C8A,2500,164,0.0035767941583548,0.0018470663979351,-0.0017297277604197,decreasing,5,9,True,49,0.0,0.0159094185460864,0.1219722088533296,False,0.0022028012081284,0.0040409419939613,0.430546747785928,0.7741261228391243,-0.913061281254648,terminal,True,False
PT,PT,Lineage4,C9,2500,164,0.1963505727508361,0.1837530537664889,-0.0125975189843471,decreasing,5,9,True,49,-0.0119729923263385,0.1288443730520398,0.3119390084417808,False,0.0,0.0,0.913937430870452,0.979311011279709,-0.0260625793936755,terminal,True,False
PT,PT,Lineage4,CR2,2500,164,0.086511244624378,0.089575810286473,0.0030645656620949,increasing,7,4,True,49,0.0045211763863303,0.2757297307591179,0.4373644005144628,False,4.88088724992508e-09,1.5212447729165637e-08,0.259183343389904,0.6459462968670754,-0.639302149202499,receptor,True,False
PT,PT,Lineage4,CD55,2500,164,0.0887949883801924,0.1345235462963367,0.0457285579161443,increasing,9,4,True,49,0.0350356597237179,6.172015834238209e-05,0.0014195636418747,True,0.0,0.0,0.0819363258957907,0.3993125829100053,-0.611884730391373,regulator,True,False
PT,PT,Lineage4,CD59,2500,164,0.4258566829859305,0.4142320224740401,-0.0116246605118904,decreasing,10,8,True,49,-0.0374090586767906,0.0062599000173833,0.0575910801599263,False,2.72991686378621e-06,6.750734255896295e-06,0.0297999638796508,0.2441930387378374,0.422805896985144,regulator,True,False
PT,PT,Lineage5,C1S,2085,175,0.1344717541519242,0.201562585302578,0.0670908311506538,increasing,9,2,True,14,0.0467277772540952,0.0052490234375,0.0431605747767857,True,9.72458650272401e-08,4.33127964627905e-07,0.0277710299759177,0.0928271200953473,0.550504034988863,classical,True,False
PT,PT,Lineage5,C4B,2085,175,0.0063937235596164,0.0049770570894809,-0.0014166664701355,decreasing,5,7,True,14,-0.0009294335497439,0.4445867389117455,0.5716115214579585,False,0.0126995777874662,0.0295323801188995,0.0832153184838249,0.2034840839025598,1.70355074812579,classical,True,False
PT,PT,Lineage5,MASP1,2085,175,0.1422598014379211,0.3097125301384207,0.1674527287004996,increasing,9,1,True,14,0.1630530198985846,0.0067138671875,0.0431605747767857,True,3.9057646006312997e-13,2.662507372815497e-12,0.0619777146166374,0.1660075495004291,0.664304715797556,lectin,True,False
PT,PT,Lineage5,CFB,2085,175,0.0640076296928498,0.1540101953036308,0.0900025656107809,increasing,10,1,True,14,0.0241617788449206,0.6697998046875,0.7225972202521005,False,0.0,0.0,8.2308682675003e-05,0.0010037305309889,2.06511755482987,alternative,True,True
PT,PT,Lineage5,C6,2085,175,0.0823091602140044,0.1544119820640663,0.0721028218500619,increasing,6,4,True,14,0.0110624223592895,0.11585149752593,0.2369689722121297,False,4.39173142297022e-11,2.6037895333121743e-10,0.0090980638270415,0.0405835823655803,1.84357285588926,terminal,True,True
PT,PT,Lineage5,C5AR1,2085,175,0.1209556021636356,0.2458747567213124,0.1249191545576768,increasing,6,1,True,14,0.0732355514749045,0.463134765625,0.5729682450713307,False,0.0,0.0,0.0016316217369379,0.0109499049363407,1.42108184271394,receptor,True,True
PT,PT,Lineage5,ITGAM,2085,175,0.0055228097033808,0.0249502605500091,0.0194274508466282,increasing,9,5,True,14,0.0205805379650966,0.0229090993543566,0.0859091225788372,False,0.000140344077838,0.0004465943158464,0.0321357677677548,0.1033957746340259,1.86768659926778,receptor,True,False
PT,PT,Lineage5,CFI,2085,175,0.9971300102589472,1.0134707758626358,0.0163407656036886,increasing,5,9,True,14,0.0098938444569148,0.7608642578125,0.7781566273082386,False,0.0,0.0,0.717756922074046,0.8314379116222836,0.0757877972592451,regulator,True,False
PT,PT,Lineage5,CD55,2085,175,0.104149540241404,0.1151666366993946,0.0110170964579905,increasing,1,5,True,14,0.0374282172420728,0.029541015625,0.0949532645089285,False,1.31493055000043e-07,5.801762817761572e-07,0.885505188008059,0.9370951518354562,0.064997937189817,regulator,True,False
PT,PT,Lineage5,CD59,2085,175,0.4096488916641383,0.4780160680266542,0.0683671763625158,increasing,10,8,True,14,0.0052769159088753,0.71484375,0.7480922965116279,False,5.31382549606718e-06,1.98960794239197e-05,0.0154662637267778,0.0600634292041711,0.592593373283442,regulator,True,False
PT,PT,Lineage5,SERPING1,2085,175,0.1010070677241862,0.1690172634992341,0.0680101957750479,increasing,10,3,True,14,0.0377850109494888,0.0166015625,0.0679154829545454,False,7.70527864080162e-06,2.838897218951127e-05,0.0089183695619661,0.0398887654092477,1.1313062761367,regulator,True,True
PT,PT,Lineage6,MASP1,1972,137,0.1223289610223405,0.1481905329730567,0.0258615719507162,increasing,6,1,True,31,0.0334301108619559,0.0003451099619269,0.0017638953609599,True,9.72374569028212e-05,0.0003893118434597,0.393064269954738,0.6539503055600132,0.240045706354575,lectin,True,False
PT,PT,Lineage6,CFB,1972,137,0.058003330509929,0.088281993786272,0.030278663276343,increasing,7,1,True,31,0.0278503759502875,2.2230669856071472e-05,0.0001460872590541,True,4.92771093818511e-07,2.696824601997083e-06,0.97924505861259,0.9924367614787284,0.0108262520396572,alternative,True,False
PT,PT,Lineage6,C8B,1972,137,0.0014156807614846,0.008115440687869,0.0066997599263843,increasing,7,1,True,31,0.0024604309316846,0.0002930525201924,0.0016850519911068,True,0.015639053451532,0.0417844424391987,0.0091086164266088,0.0577145374165534,2.67438592171793,terminal,True,False
PT,PT,Lineage6,CFI,1972,137,0.97430689467837,1.136707578407741,0.162400683729371,increasing,7,1,True,31,0.1785731485625685,2.3283064365386963e-08,3.570069869359334e-07,True,0.0059232548663588,0.0172812487338096,0.10243838647374,0.304204014836842,0.264802669779894,regulator,True,False
PT,PT,Lineage6,CD59,1972,137,0.4337163040229727,0.719531184289928,0.2858148802669553,increasing,10,2,True,31,0.2965603263278465,9.313225746154783e-10,2.142041921615601e-08,True,0.0,0.0,0.0001612508095215,0.0027003902954643,0.711376116945175,regulator,True,True
PT,PT,Lineage7,C1R,2346,144,0.0250418673698894,0.0177844349905166,-0.0072574323793727,decreasing,4,9,True,37,-0.0070613899401238,0.0040398244190993,0.0232289904098215,True,0.0088306269106768,0.0214845205758761,0.006098078943991,0.0411255226957346,-1.75053545201271,classical,True,True
PT,PT,Lineage7,C7,2346,144,0.1312227035604729,0.1084544092491743,-0.0227682943112985,decreasing,1,10,True,37,-0.0133847919289386,0.0062638480953786,0.0315566732431761,True,0.0002673600688066,0.0008388834278213,0.0014596938643317,0.0146306965957761,-1.71550567438971,terminal,True,True
PT,PT,Lineage7,C5AR1,2346,144,0.1250003893243118,0.1049859423308147,-0.020014446993497,decreasing,5,10,True,37,-0.0238325262419453,0.0007294246461242,0.006710706744343,True,0.0001602371865174,0.0005159373330449,0.464434734511633,0.6871899238936591,-0.298941133874134,receptor,True,False
PT,PT,Lineage7,CR2,2346,144,0.0788383366888752,0.1092724709380087,0.0304341342491334,increasing,10,4,True,37,0.0123903425033913,0.0016087972768151,0.0123341124555827,True,0.0,0.0,0.495236763979809,0.7099147102892412,0.41386479734238,receptor,True,False
PT,PT,Lineage7,CFI,2346,144,0.9778824135263748,0.965204035260703,-0.0126783782656718,decreasing,4,10,True,37,-0.0960365702767418,0.0001212289789691,0.0013941332581453,True,0.0176140472695516,0.040580183444128,0.314704616388096,0.5521535938086017,-0.188935835372712,regulator,True,False
PT,PT,Lineage7,CD55,2346,144,0.0888056713085012,0.1174398415292283,0.0286341702207271,increasing,9,5,True,37,0.0684603765769198,7.24394340068102e-08,3.3322139643132687e-06,True,0.0,0.0,0.0885213873575194,0.2507214580164235,-0.664844659060755,regulator,True,False
PT,PT,Lineage8,C1R,1530,173,0.0250753731143276,0.1200430379077695,0.0949676647934418,increasing,9,2,True,3,0.0262551966643984,,,False,1.28949073641138e-11,1.1270294741403415e-10,0.0534638947817747,0.1807429953074973,1.08232236883967,classical,True,False
PT,PT,Lineage8,C1S,1530,173,0.1317683553191284,0.1769181425413821,0.0451497872222536,increasing,9,3,True,3,0.0329206253340245,,,False,0.0117754737583554,0.0322990388371911,0.292382768087112,0.5182768576235351,0.239304890181858,classical,True,False
PT,PT,Lineage8,C2,1530,173,0.1271338750394577,0.1939541164475074,0.0668202414080497,increasing,7,1,True,3,0.0398513417864053,,,False,0.0014709833668333,0.0049134111287593,0.0590812465303475,0.1925538595747677,0.48543768731357,classical,True,False
PT,PT,Lineage8,CFB,1530,173,0.0605626483268769,0.1765273014110769,0.1159646530841999,increasing,10,1,True,3,-0.1189460036910286,,,False,2.2204460492503099e-16,2.7543196182510427e-15,0.0012678079314613,0.0134776673511319,1.53271785583627,alternative,True,True
PT,PT,Lineage8,C6,1530,173,0.1339423037270473,0.2114840943526031,0.0775417906255557,increasing,9,5,True,3,-0.1232235088586839,,,False,0.0024627292851676,0.0078646108608315,0.0268247646675789,0.1160959956753414,1.44089089405639,terminal,True,False
PT,PT,Lineage8,C7,1530,173,0.1313474475884402,0.1299001385368972,-0.001447309051543,decreasing,1,10,True,3,-0.0229792228269312,,,False,0.0042296397390785,0.0128047997580321,0.149992875639761,0.3464960800782183,-0.783356769657527,terminal,True,False
PT,PT,Lineage8,C9,1530,173,0.1888622840634823,0.3165338636494459,0.1276715795859636,increasing,9,1,True,3,-0.0309849629067341,,,False,1.44680303193478e-06,7.64637873734589e-06,0.0001468787930647,0.0026626043905555,1.00213589501079,terminal,True,True
PT,PT,Lineage8,CR2,1530,173,0.0755736524396965,0.0208622880478284,-0.054711364391868,decreasing,1,4,True,3,0.010618006931368,,,False,0.0003396421267535,0.0012574306292696,0.674182453542837,0.8214063740173889,-0.285803363295483,receptor,True,False
PT,PT,Lineage8,CD55,1530,173,0.080563038926785,0.0552130662227634,-0.0253499727040215,decreasing,1,4,True,3,0.0362824796061032,,,False,7.80028375224617e-09,5.2335361061384e-08,0.0754020409058413,0.2253741001971835,-0.741393856103561,regulator,True,False
PT,PT,Lineage8,CD59,1530,173,0.4533661491436101,0.549818890089904,0.0964527409462939,increasing,6,2,True,3,0.0584989467177505,,,False,1.07210581234973e-06,5.7789118177875685e-06,0.453837457506564,0.6635623577469295,0.167183159581065,regulator,True,False
PT,PT,Lineage9,CD59,1034,66,0.441992743593781,0.7269525358898653,0.2849597922960843,increasing,10,2,True,9,0.2695140406853266,0.00390625,0.0359375,True,1.82351468513975e-06,2.5796727207441073e-05,0.0005157318774176,0.0076254703501317,0.793706605536331,regulator,True,True
PT,PT,Lineage10,CFB,1003,151,0.0574476875102687,0.1372161688771307,0.079768481366862,increasing,6,1,True,2,-0.1013982847508616,,,False,2.99733860842366e-07,3.738657122390767e-06,0.0169230330785032,0.0611509299334941,1.1733495933796,alternative,True,False
PT,PT,Lineage10,C5,1003,151,0.1841468071485079,0.1308198231791068,-0.053326983969401,decreasing,4,10,True,2,-0.1274112749834809,,,False,0.0006679603377958,0.0041321860112661,0.753631331574637,0.856967904130834,0.107187439561788,terminal,True,False
PT,PT,Lineage10,CFI,1003,151,0.9629785302546794,1.2868625565869718,0.3238840263322924,increasing,9,1,True,2,0.0564228014061632,,,False,2.9914752897042304e-09,5.2605828578126694e-08,0.0283185899637378,0.0899568260852142,0.414785483461259,regulator,True,False
FIB,contractile,Lineage1,C3,340,138,0.0889080963248666,1.5052072114608988,1.4162991151360322,increasing,8,1,True,0,,,,False,0.0,0.0,3.25902468345518e-08,8.890076165685154e-06,6.874716800917,alternative,True,True
FIB,contractile,Lineage1,CFB,340,138,0.0985885712525927,0.3083763861979097,0.2097878149453169,increasing,10,2,True,0,,,,False,0.0003009131859746,0.0061673472326229,6.765299661593e-06,0.0005858606325994,2.46811459656471,alternative,True,True
FIB,contractile,Lineage1,CFI,340,138,0.2756796164629683,0.5715185065975796,0.2958388901346113,increasing,10,2,True,0,,,,False,2.84654586554245e-05,0.0008298542252855,0.00059409683091,0.0176975491003873,1.64334379176795,regulator,True,True
FIB,contractile,Lineage3,CD55,391,135,0.4229450626472383,0.7064424838164096,0.2834974211691712,increasing,10,3,True,0,,,,False,3.42070816117257e-12,2.7750494957512473e-10,0.0005344866517109,0.0133644120684206,1.18278551018039,regulator,True,True
FIB,contractile,Lineage3,SERPING1,391,135,0.6441216556820496,1.0450561797739384,0.4009345240918888,increasing,9,1,True,0,,,,False,0.0003622696194115,0.0036593460388803,0.0087834418198898,0.0791186528707409,0.839747221095981,regulator,True,False
FIB,contractile,Lineage4,C5,254,93,0.2057165745822923,0.3285721167029637,0.1228555421206714,increasing,6,1,True,2,0.0917498428869423,,,False,0.0008369341817616,0.0079552693636289,6.79340012943452e-06,0.0003607931683303,1.14663050441461,terminal,True,True
FIB,contractile,Lineage4,CFH,254,93,1.4138469596862957,0.6807973051386531,-0.7330496545476426,decreasing,2,10,True,2,-1.0634978744527577,,,False,6.73437183407177e-06,0.0001103786578679,1.24678934843026e-07,1.3695437091112795e-05,-1.19575788351355,regulator,True,True
FIB,contractile,Lineage4,CFI,254,93,0.2640025073212605,0.1632153126227042,-0.1007871946985562,decreasing,5,9,True,2,0.0173226515341995,,,False,0.0005408686059669,0.0054868190089743,0.145088399040033,0.3878898770153904,-0.525843608827392,regulator,True,False
FIB,outer_medullary,Lineage1,C1QB,262,57,0.0368582800860194,0.2299915499595622,0.1931332698735428,increasing,10,1,True,0,,,,False,7.88933949347204e-06,2.8899432523318704e-05,2.57411192472468e-07,2.140455231099892e-06,3.14550708152624,classical,True,True
FIB,outer_medullary,Lineage1,C1R,262,57,0.7548660802492866,1.7551401310148047,1.000274050765518,increasing,10,1,True,0,,,,False,0.0,0.0,2.7605895347449e-10,4.598345051983251e-09,1.56049743276925,classical,True,True
FIB,outer_medullary,Lineage1,CFD,262,57,0.1175637606741937,0.4487134718682634,0.3311497111940696,increasing,10,1,True,0,,,,False,6.57874867279196e-05,0.0002118114910111,3.73901724248782e-07,2.9756513584967244e-06,2.2001869676722,alternative,True,True
FIB,outer_medullary,Lineage1,C5AR1,262,57,0.0745643471165774,0.1526410605262713,0.0780767134096939,increasing,8,3,True,0,,,,False,0.0049474184556835,0.0117697425455244,0.567783975044845,0.6628300239884432,-0.277103570671308,receptor,True,False
FIB,outer_medullary,Lineage1,CD46,262,57,1.8013827554728383,1.38899779339967,-0.4123849620731685,decreasing,4,8,True,0,,,,False,0.0,0.0,5.47291921892956e-07,4.182931099085422e-06,-0.81348517831079,regulator,True,True
FIB,outer_medullary,Lineage1,SERPING1,262,57,0.58246494213107,1.665130058313467,1.082665116182397,increasing,10,2,True,0,,,,False,0.0,0.0,5.79186264504372e-08,5.687116192952504e-07,1.51638173968085,regulator,True,True
FIB,outer_medullary,Lineage2,CFD,145,32,0.0986878005910018,0.1260795350829712,0.0273917344919693,increasing,5,2,True,0,,,,False,0.0002322425662784,0.0022019620879954,0.0570071724288993,0.2227894253005875,1.13773974688743,alternative,True,False
Glomerular,podocyte_PEC,Lineage1,C1S,410,146,0.3197828501229953,0.3611259824310816,0.0413431323080862,increasing,9,5,True,8,-0.0337791710173334,0.3828125,0.6096643518518519,False,0.0216151335084839,0.0473361984912867,0.52976019176027,0.6892479230792816,0.120685467050647,classical,True,False
Glomerular,podocyte_PEC,Lineage1,C7,410,146,0.2013463105551723,0.2721453963351086,0.0707990857799362,increasing,4,10,True,8,0.0397872967180369,0.84375,1.0,False,2.31836102648764e-07,9.608744254409517e-07,0.197965028276645,0.354641002200647,-1.02788098081726,terminal,True,False
Glomerular,podocyte_PEC,Lineage1,CR1,410,146,1.6577703945625577,0.0843814842068398,-1.5733889103557177,decreasing,1,8,True,8,-1.710775797987727,0.0078125,0.0671875,False,0.0,0.0,0.0,0.0,-4.12639738906222,receptor,True,True
Glomerular,podocyte_PEC,Lineage1,CR2,410,146,0.026722920293456,0.0103546243034549,-0.0163682959900011,decreasing,6,3,True,8,-0.002037924482552,0.8125,1.0,False,0.0002334977958566,0.0006821309395461,0.0374428893861795,0.1040326242055402,-1.67396008239488,receptor,True,False
Glomerular,podocyte_PEC,Lineage1,SERPING1,410,146,0.1661914315087451,0.390392401607857,0.2242009700991118,increasing,9,2,True,8,0.11154525161753,0.1484375,0.3754595588235294,False,1.71417213756797e-10,9.260222552858207e-10,0.0262155597102716,0.0787967092654974,0.915214551721265,regulator,True,False
Glomerular,podocyte_PEC,Lineage2,C1QA,234,116,0.0161658576807125,0.0561269344877922,0.0399610768070797,increasing,5,10,True,1,0.0,,,False,0.0120066567230332,0.0342453408810847,0.106766694902154,0.2972918869277661,1.40082851490882,classical,True,False
Glomerular,podocyte_PEC,Lineage2,C1R,234,116,0.2838241863661155,0.7444175545521285,0.460593368186013,increasing,7,1,True,1,0.4706644350415326,,,False,5.55111512312578e-16,1.022416565948798e-14,0.0021026428328956,0.0207221950427055,1.5687447142486,classical,True,True
Glomerular,podocyte_PEC,Lineage2,MASP1,234,116,0.0066003535330288,0.0166362408420044,0.0100358873089755,increasing,10,2,True,1,0.0,,,False,0.0074571167211331,0.022120210187129,0.0226271748344651,0.1083834391145502,2.19120812931692,lectin,True,False
Glomerular,podocyte_PEC,Lineage2,C3,234,116,0.0411481532977116,0.1806441960181118,0.1394960427204002,increasing,6,1,True,1,-0.005776687556246,,,False,9.53843238837848e-08,6.257661838275439e-07,0.132636125406499,0.3413783931080791,1.5252121259598,alternative,True,False
Glomerular,podocyte_PEC,Lineage2,CFB,234,116,0.0198869282513091,0.0577154969278276,0.0378285686765184,increasing,6,3,True,1,0.0400549927957095,,,False,1.1535217225855399e-12,1.3999630619537468e-11,0.492756238124459,0.7228259629160051,0.599515009787336,alternative,True,False
Glomerular,podocyte_PEC,Lineage2,CR1,234,116,1.857068949819468,1.659133563037414,-0.1979353867820539,decreasing,4,6,True,1,-0.1682145286239937,,,False,5.12802563463755e-05,0.000226396605686,0.689410338050726,0.850252117312785,0.213560815446128,receptor,True,False
Glomerular,podocyte_PEC,Lineage2,CD46,234,116,0.890033602419773,1.2268380657855642,0.3368044633657912,increasing,7,1,True,1,0.3808461371233681,,,False,3.55490858972018e-10,3.156134412589892e-09,0.0015481307987291,0.016714009475759,0.761150451029573,regulator,True,True
Glomerular,podocyte_PEC,Lineage3,C1QB,253,141,0.0060020627639807,0.0358225928005581,0.0298205300365774,increasing,8,10,True,5,0.0,1.0,1.0,False,0.0031423173631948,0.0079825383244628,0.357287035577771,0.8561736763870152,-1.16277505145249,classical,True,False
Glomerular,podocyte_PEC,Lineage3,C1R,253,141,0.1816648208876868,0.3220327853342947,0.1403679644466079,increasing,9,6,True,5,0.2702136127628633,0.125,0.78125,False,6.16669161834782e-06,2.2600369589421415e-05,0.387172658230526,0.8692206748582377,0.375650347771246,classical,True,False
Glomerular,podocyte_PEC,Lineage3,CFB,253,141,0.0203699250368142,0.0774236326431396,0.0570537076063254,increasing,7,10,True,5,0.0140328577372619,0.125,0.78125,False,2.0340396034157497e-12,1.4968307310850467e-11,0.317240939101395,0.8391909349898724,-1.00468305081715,alternative,True,False
Glomerular,podocyte_PEC,Lineage3,CR1,253,141,1.735490232972423,1.2909486323342751,-0.4445416006381482,decreasing,1,6,True,5,0.0206779594105253,1.0,1.0,False,0.0,0.0,0.680361021694606,0.953851516401082,0.173769145615548,receptor,True,False
Glomerular,podocyte_PEC,Lineage3,CD55,253,141,0.2934892487978175,0.3207393501238732,0.0272501013260557,increasing,9,6,True,5,0.0452465196833809,0.3125,0.78125,False,0.0058854519026999,0.0142566316772222,0.0471163188962819,0.562780004368499,0.446442637483166,regulator,True,False
Glomerular,endothelial_mesangial,Lineage1,C5,187,94,0.0472021471986552,0.1895684007264715,0.1423662535278163,increasing,8,3,True,0,,,,False,0.0012292980902217,0.0072963989572997,2.69217717230319e-06,5.29587548810091e-05,2.51879657863899,terminal,True,True
Glomerular,endothelial_mesangial,Lineage2,FCN3,174,81,0.6247456836666399,1.4271971534492658,0.8024514697826259,increasing,10,4,True,1,0.2202278208991352,,,False,5.97723100378422e-05,0.0016023677350319,0.0003965672398182,0.0039617123829484,2.10199861115336,lectin,True,True
Glomerular,endothelial_mesangial,Lineage3,C7,197,117,0.3989581494582795,0.4918121003753969,0.0928539509171173,increasing,5,1,True,0,,,,False,0.0025270381807158,0.0252739410158632,0.0287879416429272,0.0983593819340149,1.48039246890255,terminal,True,False
Glomerular,endothelial_mesangial,Lineage3,CR1,197,117,0.030678363480978,0.3168029065652384,0.2861245430842604,increasing,8,2,True,0,,,,False,2.12355763907768e-05,0.0004888407540799,0.0005818450946974,0.0055399880328564,5.26627506559047,receptor,True,True
Glomerular,endothelial_mesangial,Lineage3,CFH,197,117,0.1123622338165919,0.8505709579057609,0.7382087240891689,increasing,9,1,True,0,,,,False,2.49011811170874e-10,2.9470547852072936e-08,3.57824880836688e-13,1.165510530464803e-10,4.52610218193538,regulator,True,True
Glomerular,endothelial_mesangial,Lineage3,SERPING1,197,117,0.3891531828313528,0.3966116903982354,0.0074585075668826,increasing,9,1,True,0,,,,False,0.0051484715069973,0.0453027214017197,0.0002575784611004,0.0029864602037849,1.99105906290764,regulator,True,True
Glomerular,endothelial_mesangial,Lineage4,CD55,78,32,0.1267461788686188,0.4749743250790503,0.3482281462104314,increasing,8,10,True,0,,,,False,4.73257744104671e-08,7.846335010347148e-06,0.613352193362184,0.830019190602177,0.473388886410951,regulator,True,False
