compartment,trajectory,lineage,endpoint,outcome,n_donors_analyzed,n_disease_groups_tested,disease_groups_tested,group_counts,group_medians,group_means,kruskal_statistic,pvalue,test_status,robustness_match_fraction,robustness_spearman_median,robustness_spearman_q05,pvalue_bh
FIB,contractile,Lineage5,occupancy,fraction_lineage_supported,200,5,Acute Kidney Injury|Chronic Kidney Disease|Diabetes Mellitus - Resilient|Healthy Reference|Reference,Acute Kidney Injury:37|Chronic Kidney Disease:77|Diabetes Mellitus - Resilient:11|Healthy Reference:59|Reference:16,Acute Kidney Injury:0|Chronic Kidney Disease:0|Diabetes Mellitus - Resilient:0|Healthy Reference:0|Reference:0.126984,Acute Kidney Injury:0.00337838|Chronic Kidney Disease:0.0194805|Diabetes Mellitus - Resilient:0|Healthy Reference:0.281151|Reference:0.325534,56.17427265470234,1.8433705590055597e-11,tested,0.96,0.9544057487278168,0.8380510317899472,4.792763453414456e-10
FIB,contractile,Lineage6,occupancy,fraction_lineage_supported,200,5,Acute Kidney Injury|Chronic Kidney Disease|Diabetes Mellitus - Resilient|Healthy Reference|Reference,Acute Kidney Injury:37|Chronic Kidney Disease:77|Diabetes Mellitus - Resilient:11|Healthy Reference:59|Reference:16,Acute Kidney Injury:0|Chronic Kidney Disease:0|Diabetes Mellitus - Resilient:0|Healthy Reference:0|Reference:0.1,Acute Kidney Injury:0|Chronic Kidney Disease:0.012987|Diabetes Mellitus - Resilient:0|Healthy Reference:0.223854|Reference:0.324157,51.842787106210054,1.4879192191508794e-10,tested,0.4,0.4794891752906818,-0.7654061170687154,1.6861091597139647e-09
PT,PT,Lineage9,occupancy,fraction_lineage_supported,222,5,Acute Kidney Injury|Chronic Kidney Disease|Diabetes Mellitus - Resilient|Healthy Reference|Reference,Acute Kidney Injury:40|Chronic Kidney Disease:84|Diabetes Mellitus - Resilient:11|Healthy Reference:71|Reference:16,Acute Kidney Injury:0|Chronic Kidney Disease:0|Diabetes Mellitus - Resilient:0.0909091|Healthy Reference:0.0416667|Reference:0.139272,Acute Kidney Injury:0.0128788|Chronic Kidney Disease:0.0260137|Diabetes Mellitus - Resilient:0.0838628|Healthy Reference:0.127011|Reference:0.195358,51.285694401798054,1.9455105689007287e-10,tested,0.8556701030927835,0.8889416692803775,0.3464183380628481,1.6861091597139647e-09
PT,PT,Lineage6,occupancy,fraction_lineage_supported,222,5,Acute Kidney Injury|Chronic Kidney Disease|Diabetes Mellitus - Resilient|Healthy Reference|Reference,Acute Kidney Injury:40|Chronic Kidney Disease:84|Diabetes Mellitus - Resilient:11|Healthy Reference:71|Reference:16,Acute Kidney Injury:0|Chronic Kidney Disease:0.127717|Diabetes Mellitus - Resilient:0.457143|Healthy Reference:0.375|Reference:0.302016,Acute Kidney Injury:0.0544474|Chronic Kidney Disease:0.185158|Diabetes Mellitus - Resilient:0.418742|Healthy Reference:0.343235|Reference:0.305711,46.55509160710548,1.887535321880546e-09,tested,1.0,0.9819600103586548,0.868584140640096,1.2268979592223552e-08
PT,PT,Lineage11,occupancy,fraction_lineage_supported,222,5,Acute Kidney Injury|Chronic Kidney Disease|Diabetes Mellitus - Resilient|Healthy Reference|Reference,Acute Kidney Injury:40|Chronic Kidney Disease:84|Diabetes Mellitus - Resilient:11|Healthy Reference:71|Reference:16,Acute Kidney Injury:0|Chronic Kidney Disease:0|Diabetes Mellitus - Resilient:0.151515|Healthy Reference:0.0588235|Reference:0.154259,Acute Kidney Injury:0.0143939|Chronic Kidney Disease:0.0541348|Diabetes Mellitus - Resilient:0.175256|Healthy Reference:0.118525|Reference:0.157904,45.28237636131969,3.473171345545364e-09,tested,0.7010309278350515,0.7567238080495372,-0.0802891173165392,1.8060490996835897e-08
PT,PT,Lineage7,occupancy,fraction_lineage_supported,222,5,Acute Kidney Injury|Chronic Kidney Disease|Diabetes Mellitus - Resilient|Healthy Reference|Reference,Acute Kidney Injury:40|Chronic Kidney Disease:84|Diabetes Mellitus - Resilient:11|Healthy Reference:71|Reference:16,Acute Kidney Injury:0|Chronic Kidney Disease:0.3|Diabetes Mellitus - Resilient:0.733333|Healthy Reference:0.4|Reference:0.309648,Acute Kidney Injury:0.0685608|Chronic Kidney Disease:0.314515|Diabetes Mellitus - Resilient:0.654342|Healthy Reference:0.365302|Reference:0.354589,44.82128943798898,4.331058370005498e-09,tested,0.845360824742268,0.9523749305690636,0.6766285461753472,1.8767919603357163e-08
FIB,outer_medullary,Lineage2,occupancy,fraction_lineage_supported,61,4,Acute Kidney Injury|Chronic Kidney Disease|Healthy Reference|Reference,Acute Kidney Injury:6|Chronic Kidney Disease:17|Healthy Reference:33|Reference:5,Acute Kidney Injury:0|Chronic Kidney Disease:0|Healthy Reference:1|Reference:1,Acute Kidney Injury:0.0909091|Chronic Kidney Disease:0.0588235|Healthy Reference:0.707194|Reference:0.6,25.636574114035103,1.1363277646595044e-05,tested,1.0,0.9918824215252988,0.94289838458206,4.2206459830210166e-05
Glomerular,endothelial_mesangial,Lineage4,occupancy,fraction_lineage_supported,133,5,Acute Kidney Injury|Chronic Kidney Disease|Diabetes Mellitus - Resilient|Healthy Reference|Reference,Acute Kidney Injury:16|Chronic Kidney Disease:56|Diabetes Mellitus - Resilient:5|Healthy Reference:43|Reference:13,Acute Kidney Injury:0|Chronic Kidney Disease:0|Diabetes Mellitus - Resilient:0|Healthy Reference:0|Reference:0.777778,Acute Kidney Injury:0.1875|Chronic Kidney Disease:0.116071|Diabetes Mellitus - Resilient:0|Healthy Reference:0.181617|Reference:0.601808,25.977300122580107,3.197987464417245e-05,tested,0.91,0.970035900614194,0.7130215094255472,0.0001039345925935
FIB,contractile,Lineage1,occupancy,fraction_lineage_supported,200,5,Acute Kidney Injury|Chronic Kidney Disease|Diabetes Mellitus - Resilient|Healthy Reference|Reference,Acute Kidney Injury:37|Chronic Kidney Disease:77|Diabetes Mellitus - Resilient:11|Healthy Reference:59|Reference:16,Acute Kidney Injury:1|Chronic Kidney Disease:0.75|Diabetes Mellitus - Resilient:1|Healthy Reference:0.0909091|Reference:0.471429,Acute Kidney Injury:0.731982|Chronic Kidney Disease:0.587637|Diabetes Mellitus - Resilient:0.818182|Healthy Reference:0.329721|Reference:0.529101,25.117569518038056,4.7644178850261146e-05,tested,1.0,0.967451832261534,0.888837486837857,0.0001238748650106
PT,PT,Lineage2,occupancy,fraction_lineage_supported,222,5,Acute Kidney Injury|Chronic Kidney Disease|Diabetes Mellitus - Resilient|Healthy Reference|Reference,Acute Kidney Injury:40|Chronic Kidney Disease:84|Diabetes Mellitus - Resilient:11|Healthy Reference:71|Reference:16,Acute Kidney Injury:0.262531|Chronic Kidney Disease:0.408249|Diabetes Mellitus - Resilient:0.575758|Healthy Reference:0.35|Reference:0.476923,Acute Kidney Injury:0.259161|Chronic Kidney Disease:0.431127|Diabetes Mellitus - Resilient:0.548179|Healthy Reference:0.338785|Reference:0.427245,25.237142530050512,4.507706985955366e-05,tested,0.9896907216494846,0.9662518525839936,0.5998290008876874,0.0001238748650106
Glomerular,endothelial_mesangial,Lineage2,occupancy,fraction_lineage_supported,133,5,Acute Kidney Injury|Chronic Kidney Disease|Diabetes Mellitus - Resilient|Healthy Reference|Reference,Acute Kidney Injury:16|Chronic Kidney Disease:56|Diabetes Mellitus - Resilient:5|Healthy Reference:43|Reference:13,Acute Kidney Injury:0.9|Chronic Kidney Disease:0|Diabetes Mellitus - Resilient:0|Healthy Reference:1|Reference:0,Acute Kidney Injury:0.657639|Chronic Kidney Disease:0.35744|Diabetes Mellitus - Resilient:0.3|Healthy Reference:0.737542|Reference:0.291444,23.609452532061884,9.564071650411925e-05,tested,0.55,0.2752385546078828,-0.0428032234094718,0.0002260598753733
FIB,contractile,Lineage4,occupancy,fraction_lineage_supported,200,5,Acute Kidney Injury|Chronic Kidney Disease|Diabetes Mellitus - Resilient|Healthy Reference|Reference,Acute Kidney Injury:37|Chronic Kidney Disease:77|Diabetes Mellitus - Resilient:11|Healthy Reference:59|Reference:16,Acute Kidney Injury:0|Chronic Kidney Disease:0|Diabetes Mellitus - Resilient:0|Healthy Reference:0.444444|Reference:0.357143,Acute Kidney Injury:0.142696|Chronic Kidney Disease:0.2468|Diabetes Mellitus - Resilient:0.454545|Healthy Reference:0.446646|Reference:0.425335,20.871939936192565,0.0003357289836601,tested,0.85,0.7171717523137352,0.03506441293431,0.0007274127979304
PT,PT,Lineage10,occupancy,fraction_lineage_supported,222,5,Acute Kidney Injury|Chronic Kidney Disease|Diabetes Mellitus - Resilient|Healthy Reference|Reference,Acute Kidney Injury:40|Chronic Kidney Disease:84|Diabetes Mellitus - Resilient:11|Healthy Reference:71|Reference:16,Acute Kidney Injury:0.0363757|Chronic Kidney Disease:0.0784615|Diabetes Mellitus - Resilient:0.2|Healthy Reference:0.12069|Reference:0.139316,Acute Kidney Injury:0.0675111|Chronic Kidney Disease:0.107774|Diabetes Mellitus - Resilient:0.212394|Healthy Reference:0.13|Reference:0.133939,19.10358413221235,0.0007499557474884,tested,0.9587628865979382,0.9591948756466192,0.7608870883095796,0.0014999114949768
PT,PT,Lineage4,occupancy,fraction_lineage_supported,222,5,Acute Kidney Injury|Chronic Kidney Disease|Diabetes Mellitus - Resilient|Healthy Reference|Reference,Acute Kidney Injury:40|Chronic Kidney Disease:84|Diabetes Mellitus - Resilient:11|Healthy Reference:71|Reference:16,Acute Kidney Injury:0.406593|Chronic Kidney Disease:0.172322|Diabetes Mellitus - Resilient:0.515152|Healthy Reference:0.275862|Reference:0.374609,Acute Kidney Injury:0.413448|Chronic Kidney Disease:0.23521|Diabetes Mellitus - Resilient:0.468358|Healthy Reference:0.255289|Reference:0.326578,15.866845873572997,0.0032031412573503,tested,0.5773195876288659,0.3338714361670214,-0.2446149238938639,0.0059486909065078
Glomerular,endothelial_mesangial,Lineage3,occupancy,fraction_lineage_supported,133,5,Acute Kidney Injury|Chronic Kidney Disease|Diabetes Mellitus - Resilient|Healthy Reference|Reference,Acute Kidney Injury:16|Chronic Kidney Disease:56|Diabetes Mellitus - Resilient:5|Healthy Reference:43|Reference:13,Acute Kidney Injury:1|Chronic Kidney Disease:1|Diabetes Mellitus - Resilient:1|Healthy Reference:1|Reference:0.333333,Acute Kidney Injury:0.855556|Chronic Kidney Disease:0.812798|Diabetes Mellitus - Resilient:0.8|Healthy Reference:0.783666|Reference:0.401615,15.270177376425458,0.0041724382330396,tested,1.0,0.9912040368614716,0.8566331659645343,0.0067802121286894
PT,PT,Lineage8,occupancy,fraction_lineage_supported,222,5,Acute Kidney Injury|Chronic Kidney Disease|Diabetes Mellitus - Resilient|Healthy Reference|Reference,Acute Kidney Injury:40|Chronic Kidney Disease:84|Diabetes Mellitus - Resilient:11|Healthy Reference:71|Reference:16,Acute Kidney Injury:0.0894737|Chronic Kidney Disease:0.173163|Diabetes Mellitus - Resilient:0.37931|Healthy Reference:0.241935|Reference:0.195941,Acute Kidney Injury:0.154391|Chronic Kidney Disease:0.202599|Diabetes Mellitus - Resilient:0.353181|Healthy Reference:0.2229|Reference:0.193252,15.305951739406431,0.0041069583850587,tested,0.9690721649484536,0.9719748802611602,0.8026658118423097,0.0067802121286894
Glomerular,podocyte_PEC,Lineage1,occupancy,fraction_lineage_supported,200,5,Acute Kidney Injury|Chronic Kidney Disease|Diabetes Mellitus - Resilient|Healthy Reference|Reference,Acute Kidney Injury:37|Chronic Kidney Disease:69|Diabetes Mellitus - Resilient:11|Healthy Reference:68|Reference:15,Acute Kidney Injury:0.5|Chronic Kidney Disease:0.5|Diabetes Mellitus - Resilient:1|Healthy Reference:0.822917|Reference:0.666667,Acute Kidney Injury:0.472651|Chronic Kidney Disease:0.494651|Diabetes Mellitus - Resilient:0.787879|Healthy Reference:0.694004|Reference:0.648831,14.280739859378292,0.0064509085037448,tested,1.0,0.9569013558235862,0.7722847563799451,0.0098660953586686
PT,PT,Lineage1,occupancy,fraction_lineage_supported,222,5,Acute Kidney Injury|Chronic Kidney Disease|Diabetes Mellitus - Resilient|Healthy Reference|Reference,Acute Kidney Injury:40|Chronic Kidney Disease:84|Diabetes Mellitus - Resilient:11|Healthy Reference:71|Reference:16,Acute Kidney Injury:0.366029|Chronic Kidney Disease:0.579832|Diabetes Mellitus - Resilient:0.545455|Healthy Reference:0.416667|Reference:0.681357,Acute Kidney Injury:0.36721|Chronic Kidney Disease:0.529824|Diabetes Mellitus - Resilient:0.573869|Healthy Reference:0.450961|Reference:0.552795,12.462047993490057,0.0142265784936427,tested,1.0,0.9934969350742048,0.8919259487233593,0.0205495022685951
Glomerular,endothelial_mesangial,Lineage1,occupancy,fraction_lineage_supported,133,5,Acute Kidney Injury|Chronic Kidney Disease|Diabetes Mellitus - Resilient|Healthy Reference|Reference,Acute Kidney Injury:16|Chronic Kidney Disease:56|Diabetes Mellitus - Resilient:5|Healthy Reference:43|Reference:13,Acute Kidney Injury:1|Chronic Kidney Disease:0.625|Diabetes Mellitus - Resilient:0|Healthy Reference:1|Reference:0.222222,Acute Kidney Injury:0.747917|Chronic Kidney Disease:0.549107|Diabetes Mellitus - Resilient:0.3|Healthy Reference:0.698948|Reference:0.376862,10.301215370161032,0.0356481938228374,tested,1.0,0.9697396603885624,0.7901658372333197,0.0463426519696886
PT,PT,Lineage3,occupancy,fraction_lineage_supported,222,5,Acute Kidney Injury|Chronic Kidney Disease|Diabetes Mellitus - Resilient|Healthy Reference|Reference,Acute Kidney Injury:40|Chronic Kidney Disease:84|Diabetes Mellitus - Resilient:11|Healthy Reference:71|Reference:16,Acute Kidney Injury:0.308608|Chronic Kidney Disease:0.372685|Diabetes Mellitus - Resilient:0.571429|Healthy Reference:0.36|Reference:0.483333,Acute Kidney Injury:0.334658|Chronic Kidney Disease:0.401103|Diabetes Mellitus - Resilient:0.538118|Healthy Reference:0.334826|Reference:0.443458,10.313216816205689,0.0354694908286999,tested,0.9896907216494846,0.9669525812952102,0.6552198918576664,0.0463426519696886
PT,PT,Lineage5,occupancy,fraction_lineage_supported,222,5,Acute Kidney Injury|Chronic Kidney Disease|Diabetes Mellitus - Resilient|Healthy Reference|Reference,Acute Kidney Injury:40|Chronic Kidney Disease:84|Diabetes Mellitus - Resilient:11|Healthy Reference:71|Reference:16,Acute Kidney Injury:0.236772|Chronic Kidney Disease:0.228355|Diabetes Mellitus - Resilient:0.515152|Healthy Reference:0.222222|Reference:0.334402,Acute Kidney Injury:0.266657|Chronic Kidney Disease:0.272779|Diabetes Mellitus - Resilient:0.482344|Healthy Reference:0.227068|Reference:0.319945,10.110399726509923,0.0386085131529262,tested,0.9896907216494846,0.9826330785116726,0.5923228819609154,0.0478010162845753
PT,PT,Lineage10,position,weighted_mean_pseudotime,151,5,Acute Kidney Injury|Chronic Kidney Disease|Diabetes Mellitus - Resilient|Healthy Reference|Reference,Acute Kidney Injury:22|Chronic Kidney Disease:53|Diabetes Mellitus - Resilient:11|Healthy Reference:54|Reference:11,Acute Kidney Injury:0.645744|Chronic Kidney Disease:0.455411|Diabetes Mellitus - Resilient:0.305216|Healthy Reference:0.281916|Reference:0.246144,Acute Kidney Injury:0.640767|Chronic Kidney Disease:0.455757|Diabetes Mellitus - Resilient:0.344089|Healthy Reference:0.321584|Reference:0.255879,52.2002462294343,1.2526559861680072e-10,tested,0.9587628865979382,0.9591948756466192,0.7608870883095796,1.5658199827100091e-09
PT,PT,Lineage8,position,weighted_mean_pseudotime,173,5,Acute Kidney Injury|Chronic Kidney Disease|Diabetes Mellitus - Resilient|Healthy Reference|Reference,Acute Kidney Injury:28|Chronic Kidney Disease:64|Diabetes Mellitus - Resilient:11|Healthy Reference:57|Reference:13,Acute Kidney Injury:0.636669|Chronic Kidney Disease:0.369262|Diabetes Mellitus - Resilient:0.22535|Healthy Reference:0.239458|Reference:0.218561,Acute Kidney Injury:0.629524|Chronic Kidney Disease:0.391923|Diabetes Mellitus - Resilient:0.24636|Healthy Reference:0.303564|Reference:0.300919,52.315360325238544,1.1851041400403163e-10,tested,0.9690721649484536,0.9719748802611602,0.8026658118423097,1.5658199827100091e-09
PT,PT,Lineage5,position,weighted_mean_pseudotime,175,5,Acute Kidney Injury|Chronic Kidney Disease|Diabetes Mellitus - Resilient|Healthy Reference|Reference,Acute Kidney Injury:32|Chronic Kidney Disease:65|Diabetes Mellitus - Resilient:10|Healthy Reference:56|Reference:12,Acute Kidney Injury:0.459014|Chronic Kidney Disease:0.282263|Diabetes Mellitus - Resilient:0.215081|Healthy Reference:0.188849|Reference:0.249212,Acute Kidney Injury:0.467794|Chronic Kidney Disease:0.402313|Diabetes Mellitus - Resilient:0.259957|Healthy Reference:0.214365|Reference:0.260195,51.069021656914515,2.1593047235582075e-10,tested,0.9896907216494846,0.9826330785116726,0.5923228819609154,1.799420602965173e-09
FIB,contractile,Lineage1,position,weighted_mean_pseudotime,138,5,Acute Kidney Injury|Chronic Kidney Disease|Diabetes Mellitus - Resilient|Healthy Reference|Reference,Acute Kidney Injury:29|Chronic Kidney Disease:55|Diabetes Mellitus - Resilient:9|Healthy Reference:31|Reference:14,Acute Kidney Injury:0.424694|Chronic Kidney Disease:0.354292|Diabetes Mellitus - Resilient:0.316681|Healthy Reference:0.126305|Reference:0.138852,Acute Kidney Injury:0.447358|Chronic Kidney Disease:0.374613|Diabetes Mellitus - Resilient:0.36018|Healthy Reference:0.171481|Reference:0.249986,49.41247644646273,4.789118673927186e-10,tested,1.0,0.967451832261534,0.888837486837857,2.993199171204491e-09
FIB,contractile,Lineage3,position,weighted_mean_pseudotime,135,5,Acute Kidney Injury|Chronic Kidney Disease|Diabetes Mellitus - Resilient|Healthy Reference|Reference,Acute Kidney Injury:23|Chronic Kidney Disease:56|Diabetes Mellitus - Resilient:7|Healthy Reference:36|Reference:13,Acute Kidney Injury:0.469006|Chronic Kidney Disease:0.483303|Diabetes Mellitus - Resilient:0.351631|Healthy Reference:0.188692|Reference:0.147283,Acute Kidney Injury:0.499918|Chronic Kidney Disease:0.500817|Diabetes Mellitus - Resilient:0.378214|Healthy Reference:0.306709|Reference:0.276119,29.55087055322565,6.040756679785597e-06,tested,0.99,0.9279245769920388,0.7713670679086668,2.9724424700273768e-05
PT,PT,Lineage1,position,weighted_mean_pseudotime,205,5,Acute Kidney Injury|Chronic Kidney Disease|Diabetes Mellitus - Resilient|Healthy Reference|Reference,Acute Kidney Injury:34|Chronic Kidney Disease:78|Diabetes Mellitus - Resilient:11|Healthy Reference:68|Reference:14,Acute Kidney Injury:0.317261|Chronic Kidney Disease:0.255537|Diabetes Mellitus - Resilient:0.0986737|Healthy Reference:0.160542|Reference:0.178349,Acute Kidney Injury:0.297852|Chronic Kidney Disease:0.252333|Diabetes Mellitus - Resilient:0.126157|Healthy Reference:0.20649|Reference:0.253354,29.19557372326381,7.133861928065704e-06,tested,1.0,0.9934969350742048,0.8919259487233593,2.9724424700273768e-05
FIB,outer_medullary,Lineage1,position,weighted_mean_pseudotime,57,4,Acute Kidney Injury|Chronic Kidney Disease|Healthy Reference|Reference,Acute Kidney Injury:6|Chronic Kidney Disease:17|Healthy Reference:29|Reference:5,Acute Kidney Injury:0.601133|Chronic Kidney Disease:0.594845|Healthy Reference:0.352853|Reference:0.169199,Acute Kidney Injury:0.624155|Chronic Kidney Disease:0.637146|Healthy Reference:0.324667|Reference:0.34838,21.733764536542452,7.410323109119172e-05,tested,1.0,0.9869294180465916,0.9589790451392668,0.0002646543967542
PT,PT,Lineage7,position,weighted_mean_pseudotime,144,5,Acute Kidney Injury|Chronic Kidney Disease|Diabetes Mellitus - Resilient|Healthy Reference|Reference,Acute Kidney Injury:12|Chronic Kidney Disease:57|Diabetes Mellitus - Resilient:11|Healthy Reference:52|Reference:12,Acute Kidney Injury:0.390329|Chronic Kidney Disease:0.514255|Diabetes Mellitus - Resilient:0.528417|Healthy Reference:0.401291|Reference:0.490213,Acute Kidney Injury:0.425947|Chronic Kidney Disease:0.514367|Diabetes Mellitus - Resilient:0.529805|Healthy Reference:0.385524|Reference:0.459162,23.813562241301163,8.704996627852909e-05,tested,0.845360824742268,0.9523749305690636,0.6766285461753472,0.0002720311446204
PT,PT,Lineage3,position,weighted_mean_pseudotime,197,5,Acute Kidney Injury|Chronic Kidney Disease|Diabetes Mellitus - Resilient|Healthy Reference|Reference,Acute Kidney Injury:35|Chronic Kidney Disease:75|Diabetes Mellitus - Resilient:11|Healthy Reference:62|Reference:14,Acute Kidney Injury:0.426504|Chronic Kidney Disease:0.32609|Diabetes Mellitus - Resilient:0.171688|Healthy Reference:0.23585|Reference:0.244818,Acute Kidney Injury:0.435769|Chronic Kidney Disease:0.328425|Diabetes Mellitus - Resilient:0.23398|Healthy Reference:0.288026|Reference:0.328111,22.4365256438158,0.0001640513553353,tested,0.9896907216494846,0.9669525812952102,0.6552198918576664,0.0004556982092649
FIB,contractile,Lineage2,position,weighted_mean_pseudotime,141,5,Acute Kidney Injury|Chronic Kidney Disease|Diabetes Mellitus - Resilient|Healthy Reference|Reference,Acute Kidney Injury:23|Chronic Kidney Disease:53|Diabetes Mellitus - Resilient:7|Healthy Reference:45|Reference:13,Acute Kidney Injury:0.431628|Chronic Kidney Disease:0.427066|Diabetes Mellitus - Resilient:0.330929|Healthy Reference:0.530746|Reference:0.507991,Acute Kidney Injury:0.437544|Chronic Kidney Disease:0.436309|Diabetes Mellitus - Resilient:0.345499|Healthy Reference:0.528374|Reference:0.504472,14.457065436513515,0.0059704976057763,tested,0.41,0.3326610664085115,-0.4711735185450718,0.0149262440144409
PT,PT,Lineage4,position,weighted_mean_pseudotime,164,5,Acute Kidney Injury|Chronic Kidney Disease|Diabetes Mellitus - Resilient|Healthy Reference|Reference,Acute Kidney Injury:32|Chronic Kidney Disease:56|Diabetes Mellitus - Resilient:9|Healthy Reference:55|Reference:12,Acute Kidney Injury:0.440111|Chronic Kidney Disease:0.300204|Diabetes Mellitus - Resilient:0.390927|Healthy Reference:0.377586|Reference:0.422997,Acute Kidney Injury:0.419465|Chronic Kidney Disease:0.336069|Diabetes Mellitus - Resilient:0.370395|Healthy Reference:0.367632|Reference:0.440352,11.563354794218103,0.0209115650359205,tested,0.5773195876288659,0.3338714361670214,-0.2446149238938639,0.0475262841725467
