compartment,trajectory,lineage,endpoint,outcome,disease_1,disease_2,n_disease_1,n_disease_2,median_disease_1,median_disease_2,median_difference,mean_disease_1,mean_disease_2,mannwhitney_u,rank_biserial,pvalue,robustness_match_fraction,robustness_spearman_median,robustness_spearman_q05,pvalue_bh
FIB,contractile,Lineage5,occupancy,fraction_lineage_supported,Chronic Kidney Disease,Reference,77,16,0.0,0.1269841269841269,-0.1269841269841269,0.0194805194805194,0.325534188034188,287.5,-0.5332792207792207,2.623245317807693e-09,0.96,0.9544057487278168,0.8380510317899472,4.739692680374615e-07
FIB,contractile,Lineage6,occupancy,fraction_lineage_supported,Chronic Kidney Disease,Reference,77,16,0.0,0.1,-0.1,0.0129870129870129,0.324156746031746,318.5,-0.4829545454545454,3.7616608574401714e-09,0.4,0.4794891752906818,-0.7654061170687154,4.739692680374615e-07
FIB,contractile,Lineage5,occupancy,fraction_lineage_supported,Chronic Kidney Disease,Healthy Reference,77,59,0.0,0.0,0.0,0.0194805194805194,0.2811514950099197,1409.0,-0.3797050407219898,3.40857351486794e-08,0.96,0.9544057487278168,0.8380510317899472,2.8632017524890696e-06
PT,PT,Lineage6,occupancy,fraction_lineage_supported,Acute Kidney Injury,Healthy Reference,40,71,0.0,0.375,-0.375,0.0544474186830003,0.3432346223408849,581.0,-0.5908450704225352,7.157085590247626e-08,1.0,0.9819600103586548,0.868584140640096,4.508963921856004e-06
PT,PT,Lineage11,occupancy,fraction_lineage_supported,Acute Kidney Injury,Healthy Reference,40,71,0.0,0.0588235294117647,-0.0588235294117647,0.0143939393939393,0.1185251554968653,675.5,-0.5242957746478873,1.294541489402576e-07,0.7010309278350515,0.7567238080495372,-0.0802891173165392,4.660349361849274e-06
PT,PT,Lineage7,occupancy,fraction_lineage_supported,Acute Kidney Injury,Diabetes Mellitus - Resilient,40,11,0.0,0.7333333333333333,-0.7333333333333333,0.0685608023787438,0.6543417039452444,8.0,-0.9636363636363636,1.1461695851360393e-07,0.845360824742268,0.9523749305690636,0.6766285461753472,4.660349361849274e-06
PT,PT,Lineage7,occupancy,fraction_lineage_supported,Acute Kidney Injury,Healthy Reference,40,71,0.0,0.4,-0.4,0.0685608023787438,0.3653016437782613,587.0,-0.5866197183098592,1.0416142934364829e-07,0.845360824742268,0.9523749305690636,0.6766285461753472,4.660349361849274e-06
PT,PT,Lineage11,occupancy,fraction_lineage_supported,Acute Kidney Injury,Diabetes Mellitus - Resilient,40,11,0.0,0.1515151515151515,-0.1515151515151515,0.0143939393939393,0.1752559178891466,69.5,-0.6840909090909091,2.347389221853699e-07,0.7010309278350515,0.7567238080495372,-0.0802891173165392,7.394276048839151e-06
FIB,contractile,Lineage6,occupancy,fraction_lineage_supported,Chronic Kidney Disease,Healthy Reference,77,59,0.0,0.0,0.0,0.0129870129870129,0.2238544467607279,1537.0,-0.3233546114902047,2.935750606482493e-07,0.4,0.4794891752906818,-0.7654061170687154,8.22010169815098e-06
PT,PT,Lineage9,occupancy,fraction_lineage_supported,Chronic Kidney Disease,Healthy Reference,84,71,0.0,0.0416666666666666,-0.0416666666666666,0.0260137240007992,0.1270107645933113,1818.0,-0.3903420523138833,4.048417285561019e-07,0.8556701030927835,0.8889416692803775,0.3464183380628481,1.0202011559613769e-05
PT,PT,Lineage6,occupancy,fraction_lineage_supported,Acute Kidney Injury,Diabetes Mellitus - Resilient,40,11,0.0,0.4571428571428571,-0.4571428571428571,0.0544474186830003,0.4187421732691878,25.0,-0.8863636363636364,8.21092555533849e-07,1.0,0.9819600103586548,0.868584140640096,1.7405711516846293e-05
PT,PT,Lineage9,occupancy,fraction_lineage_supported,Acute Kidney Injury,Reference,40,16,0.0,0.139271590764128,-0.139271590764128,0.0128787878787878,0.1953579917878846,131.0,-0.590625,8.288434055641091e-07,0.8556701030927835,0.8889416692803775,0.3464183380628481,1.7405711516846293e-05
PT,PT,Lineage9,occupancy,fraction_lineage_supported,Acute Kidney Injury,Healthy Reference,40,71,0.0,0.0416666666666666,-0.0416666666666666,0.0128787878787878,0.1270107645933113,750.5,-0.4714788732394366,9.663745080332942e-07,0.8556701030927835,0.8889416692803775,0.3464183380628481,1.8732798155722317e-05
PT,PT,Lineage11,occupancy,fraction_lineage_supported,Acute Kidney Injury,Reference,40,16,0.0,0.1542591918456498,-0.1542591918456498,0.0143939393939393,0.1579038982539597,133.0,-0.584375,1.0817131008395547e-06,0.7010309278350515,0.7567238080495372,-0.0802891173165392,1.9470835815111988e-05
Glomerular,endothelial_mesangial,Lineage4,occupancy,fraction_lineage_supported,Chronic Kidney Disease,Reference,56,13,0.0,0.7777777777777778,-0.7777777777777778,0.1160714285714285,0.6018081918081918,120.5,-0.668956043956044,2.0993962596575443e-06,0.91,0.970035900614194,0.7130215094255472,3.5269857162246744e-05
PT,PT,Lineage7,occupancy,fraction_lineage_supported,Acute Kidney Injury,Chronic Kidney Disease,40,84,0.0,0.3,-0.3,0.0685608023787438,0.3145150321024189,849.0,-0.4946428571428571,3.3721697032345654e-06,0.845360824742268,0.9523749305690636,0.6766285461753472,5.311167282594441e-05
FIB,contractile,Lineage5,occupancy,fraction_lineage_supported,Acute Kidney Injury,Reference,37,16,0.0,0.1269841269841269,-0.1269841269841269,0.0033783783783783,0.325534188034188,134.0,-0.5472972972972974,4.5661777226468315e-06,0.96,0.9544057487278168,0.8380510317899472,6.392648811705564e-05
FIB,contractile,Lineage6,occupancy,fraction_lineage_supported,Acute Kidney Injury,Reference,37,16,0.0,0.1,-0.1,0.0,0.324156746031746,148.0,-0.5,4.458214631725542e-06,0.4,0.4794891752906818,-0.7654061170687154,6.392648811705564e-05
FIB,outer_medullary,Lineage2,occupancy,fraction_lineage_supported,Chronic Kidney Disease,Healthy Reference,17,33,0.0,1.0,-1.0,0.0588235294117647,0.7071941402823756,72.5,-0.7415329768270944,5.100382624514697e-06,1.0,0.9918824215252988,0.94289838458206,6.764718007251072e-05
PT,PT,Lineage9,occupancy,fraction_lineage_supported,Chronic Kidney Disease,Reference,84,16,0.0,0.139271590764128,-0.139271590764128,0.0260137240007992,0.1953579917878846,320.0,-0.5238095238095238,7.362738865058675e-06,0.8556701030927835,0.8889416692803775,0.3464183380628481,9.27705096997393e-05
PT,PT,Lineage9,occupancy,fraction_lineage_supported,Acute Kidney Injury,Diabetes Mellitus - Resilient,40,11,0.0,0.0909090909090909,-0.0909090909090909,0.0128787878787878,0.0838628108220584,108.5,-0.5068181818181818,2.1466357838287065e-05,0.8556701030927835,0.8889416692803775,0.3464183380628481,0.0002575962940594
PT,PT,Lineage2,occupancy,fraction_lineage_supported,Acute Kidney Injury,Chronic Kidney Disease,40,84,0.262531328320802,0.4082491582491582,-0.1457178299283562,0.259161194700352,0.4311271162195127,892.5,-0.46875,2.546451831721124e-05,0.9896907216494846,0.9662518525839936,0.5998290008876874,0.0002916844825426
FIB,contractile,Lineage5,occupancy,fraction_lineage_supported,Acute Kidney Injury,Healthy Reference,37,59,0.0,0.0,0.0,0.0033783783783783,0.2811514950099197,666.5,-0.3893724232707284,3.393942908920402e-05,0.96,0.9544057487278168,0.8380510317899472,0.0003608791339812
PT,PT,Lineage6,occupancy,fraction_lineage_supported,Acute Kidney Injury,Reference,40,16,0.0,0.302015563209593,-0.302015563209593,0.0544474186830003,0.3057113469830297,113.5,-0.6453125,3.436944133154324e-05,1.0,0.9819600103586548,0.868584140640096,0.0003608791339812
Glomerular,endothelial_mesangial,Lineage2,occupancy,fraction_lineage_supported,Chronic Kidney Disease,Healthy Reference,56,43,0.0,1.0,-1.0,0.3574404761904762,0.7375415282392027,654.5,-0.4563953488372093,4.004541208882961e-05,0.55,0.2752385546078828,-0.0428032234094718,0.0004036577538554
FIB,contractile,Lineage1,occupancy,fraction_lineage_supported,Acute Kidney Injury,Healthy Reference,37,59,1.0,0.0909090909090909,0.9090909090909092,0.7319819819819819,0.3297210858500672,1600.5,0.4663307375171781,4.945703873779191e-05,1.0,0.967451832261534,0.888837486837857,0.000479352836997
FIB,contractile,Lineage4,occupancy,fraction_lineage_supported,Acute Kidney Injury,Healthy Reference,37,59,0.0,0.4444444444444444,-0.4444444444444444,0.1426962676962676,0.4466455289709212,609.0,-0.4420522217132386,7.595928177188844e-05,0.85,0.7171717523137352,0.03506441293431,0.0007089532965376
FIB,contractile,Lineage6,occupancy,fraction_lineage_supported,Acute Kidney Injury,Healthy Reference,37,59,0.0,0.0,0.0,0.0,0.2238544467607279,721.5,-0.3389830508474576,8.812996967714211e-05,0.4,0.4794891752906818,-0.7654061170687154,0.0007931697270942
PT,PT,Lineage10,occupancy,fraction_lineage_supported,Acute Kidney Injury,Diabetes Mellitus - Resilient,40,11,0.0363756613756613,0.2,-0.1636243386243386,0.0675111192776784,0.2123939432624662,52.5,-0.7613636363636364,9.171544583899284e-05,0.9587628865979382,0.9591948756466192,0.7608870883095796,0.000796975598325
PT,PT,Lineage6,occupancy,fraction_lineage_supported,Acute Kidney Injury,Chronic Kidney Disease,40,84,0.0,0.1277173913043477,-0.1277173913043477,0.0544474186830003,0.1851584106656972,1014.0,-0.3964285714285714,0.0001429489769698,1.0,0.9819600103586548,0.868584140640096,0.0012007714065467
PT,PT,Lineage11,occupancy,fraction_lineage_supported,Chronic Kidney Disease,Healthy Reference,84,71,0.0,0.0588235294117647,-0.0588235294117647,0.0541347773337771,0.1185251554968653,2054.5,-0.3110328638497652,0.0002176327784733,0.7010309278350515,0.7567238080495372,-0.0802891173165392,0.001766341425625
PT,PT,Lineage7,occupancy,fraction_lineage_supported,Acute Kidney Injury,Reference,40,16,0.0,0.3096476025418833,-0.3096476025418833,0.0685608023787438,0.354589097916559,136.0,-0.575,0.0002242973238889,0.845360824742268,0.9523749305690636,0.6766285461753472,0.001766341425625
PT,PT,Lineage6,occupancy,fraction_lineage_supported,Chronic Kidney Disease,Healthy Reference,84,71,0.1277173913043477,0.375,-0.2472826086956522,0.1851584106656972,0.3432346223408849,1995.5,-0.3308182427900737,0.0003012659051841,1.0,0.9819600103586548,0.868584140640096,0.0023005760032246
Glomerular,endothelial_mesangial,Lineage3,occupancy,fraction_lineage_supported,Chronic Kidney Disease,Reference,56,13,1.0,0.3333333333333333,0.6666666666666667,0.812797619047619,0.4016150516150516,575.5,0.581043956043956,0.0003313973896742,1.0,0.9912040368614716,0.8566331659645343,0.0024562394764091
Glomerular,endothelial_mesangial,Lineage4,occupancy,fraction_lineage_supported,Healthy Reference,Reference,43,13,0.0,0.7777777777777778,-0.7777777777777778,0.1816168327796234,0.6018081918081918,123.5,-0.5581395348837209,0.000494131116937,0.91,0.970035900614194,0.7130215094255472,0.0035577440419469
PT,PT,Lineage11,occupancy,fraction_lineage_supported,Acute Kidney Injury,Chronic Kidney Disease,40,84,0.0,0.0,0.0,0.0143939393939393,0.0541347773337771,1214.0,-0.2773809523809524,0.0005687026960332,0.7010309278350515,0.7567238080495372,-0.0802891173165392,0.0039809188722324
PT,PT,Lineage7,occupancy,fraction_lineage_supported,Chronic Kidney Disease,Diabetes Mellitus - Resilient,84,11,0.3,0.7333333333333333,-0.4333333333333333,0.3145150321024189,0.6543417039452444,172.5,-0.6266233766233766,0.0006716693044407,0.845360824742268,0.9523749305690636,0.6766285461753472,0.0045746125599747
PT,PT,Lineage6,occupancy,fraction_lineage_supported,Chronic Kidney Disease,Diabetes Mellitus - Resilient,84,11,0.1277173913043477,0.4571428571428571,-0.3294254658385093,0.1851584106656972,0.4187421732691878,177.0,-0.6168831168831168,0.0007222821657853,1.0,0.9819600103586548,0.868584140640096,0.0047898712046817
Glomerular,endothelial_mesangial,Lineage2,occupancy,fraction_lineage_supported,Healthy Reference,Reference,43,13,1.0,0.0,1.0,0.7375415282392027,0.2914441114441114,443.0,0.5849731663685152,0.0008260772264377,0.55,0.2752385546078828,-0.0428032234094718,0.0053377297708282
PT,PT,Lineage11,occupancy,fraction_lineage_supported,Chronic Kidney Disease,Diabetes Mellitus - Resilient,84,11,0.0,0.1515151515151515,-0.1515151515151515,0.0541347773337771,0.1752559178891466,218.5,-0.527056277056277,0.0009804204237191,0.7010309278350515,0.7567238080495372,-0.0802891173165392,0.0061766486694309
FIB,contractile,Lineage1,occupancy,fraction_lineage_supported,Chronic Kidney Disease,Healthy Reference,77,59,0.75,0.0909090909090909,0.6590909090909091,0.5876368729309907,0.3297210858500672,2981.0,0.3123486682808716,0.0010916586702819,1.0,0.967451832261534,0.888837486837857,0.0067097069490498
PT,PT,Lineage9,occupancy,fraction_lineage_supported,Chronic Kidney Disease,Diabetes Mellitus - Resilient,84,11,0.0,0.0909090909090909,-0.0909090909090909,0.0260137240007992,0.0838628108220584,266.0,-0.4242424242424242,0.0011341094414218,0.8556701030927835,0.8889416692803775,0.3464183380628481,0.0068046566485309
PT,PT,Lineage7,occupancy,fraction_lineage_supported,Diabetes Mellitus - Resilient,Healthy Reference,11,71,0.7333333333333333,0.4,0.3333333333333332,0.6543417039452444,0.3653016437782613,620.5,0.58898847631242,0.0016768195965269,0.845360824742268,0.9523749305690636,0.6766285461753472,0.009826942751739
PT,PT,Lineage2,occupancy,fraction_lineage_supported,Acute Kidney Injury,Diabetes Mellitus - Resilient,40,11,0.262531328320802,0.5757575757575758,-0.3132262474367738,0.259161194700352,0.548179134570431,83.0,-0.6227272727272728,0.0017606860502093,0.9896907216494846,0.9662518525839936,0.5998290008876874,0.0100839291966538
Glomerular,endothelial_mesangial,Lineage3,occupancy,fraction_lineage_supported,Healthy Reference,Reference,43,13,1.0,0.3333333333333333,0.6666666666666667,0.7836655592469547,0.4016150516150516,428.0,0.5313059033989267,0.0018967164636262,1.0,0.9912040368614716,0.8566331659645343,0.010621612196307
Glomerular,endothelial_mesangial,Lineage3,occupancy,fraction_lineage_supported,Acute Kidney Injury,Reference,16,13,1.0,0.3333333333333333,0.6666666666666667,0.8555555555555556,0.4016150516150516,171.5,0.6490384615384615,0.0019683990249709,1.0,0.9912040368614716,0.8566331659645343,0.0107834033541886
FIB,contractile,Lineage1,occupancy,fraction_lineage_supported,Diabetes Mellitus - Resilient,Healthy Reference,11,59,1.0,0.0909090909090909,0.9090909090909092,0.8181818181818182,0.3297210858500672,505.0,0.5562403697996918,0.0021257275390666,1.0,0.967451832261534,0.888837486837857,0.0108595346527169
FIB,contractile,Lineage4,occupancy,fraction_lineage_supported,Acute Kidney Injury,Reference,37,16,0.0,0.3571428571428571,-0.3571428571428571,0.1426962676962676,0.4253345034595034,162.0,-0.4527027027027027,0.0021546695739517,0.85,0.7171717523137352,0.03506441293431,0.0108595346527169
PT,PT,Lineage10,occupancy,fraction_lineage_supported,Chronic Kidney Disease,Diabetes Mellitus - Resilient,84,11,0.0784615384615384,0.2,-0.1215384615384615,0.1077737422619783,0.2123939432624662,202.0,-0.5627705627705628,0.0021241071754693,0.9587628865979382,0.9591948756466192,0.7608870883095796,0.0108595346527169
PT,PT,Lineage5,occupancy,fraction_lineage_supported,Diabetes Mellitus - Resilient,Healthy Reference,11,71,0.5151515151515151,0.2222222222222222,0.2929292929292929,0.4823444488390089,0.2270683520788519,616.5,0.5787451984635084,0.0020708651854833,0.9896907216494846,0.9826330785116726,0.5923228819609154,0.0108595346527169
PT,PT,Lineage8,occupancy,fraction_lineage_supported,Acute Kidney Injury,Diabetes Mellitus - Resilient,40,11,0.0894736842105263,0.3793103448275862,-0.2898366606170598,0.1543911291231436,0.353181053789573,87.0,-0.6045454545454545,0.0022545340708237,0.9690721649484536,0.9719748802611602,0.8026658118423097,0.0111400507028938
FIB,outer_medullary,Lineage2,occupancy,fraction_lineage_supported,Acute Kidney Injury,Healthy Reference,6,33,0.0,1.0,-1.0,0.0909090909090909,0.7071941402823756,25.0,-0.7474747474747474,0.0024896350996614,1.0,0.9918824215252988,0.94289838458206,0.0120651547137437
PT,PT,Lineage4,occupancy,fraction_lineage_supported,Acute Kidney Injury,Chronic Kidney Disease,40,84,0.4065934065934065,0.1723223753976669,0.2342710311957395,0.4134483600749717,0.2352099703699485,2233.5,0.3294642857142857,0.0027623059361645,0.5773195876288659,0.3338714361670214,-0.2446149238938639,0.0131339829417635
PT,PT,Lineage11,occupancy,fraction_lineage_supported,Chronic Kidney Disease,Reference,84,16,0.0,0.1542591918456498,-0.1542591918456498,0.0541347773337771,0.1579038982539597,399.0,-0.40625,0.0028575740656806,0.7010309278350515,0.7567238080495372,-0.0802891173165392,0.0133353456398428
FIB,contractile,Lineage4,occupancy,fraction_lineage_supported,Chronic Kidney Disease,Healthy Reference,77,59,0.0,0.4444444444444444,-0.4444444444444444,0.246799628942486,0.4466455289709212,1635.5,-0.2799911952454325,0.0029270649237472,0.85,0.7171717523137352,0.03506441293431,0.0134112792869875
PT,PT,Lineage10,occupancy,fraction_lineage_supported,Acute Kidney Injury,Healthy Reference,40,71,0.0363756613756613,0.1206896551724138,-0.0843139937967524,0.0675111192776784,0.1300004033829948,956.0,-0.3267605633802817,0.0038197932849761,0.9587628865979382,0.9591948756466192,0.7608870883095796,0.0171890697823926
FIB,contractile,Lineage5,occupancy,fraction_lineage_supported,Diabetes Mellitus - Resilient,Reference,11,16,0.0,0.1269841269841269,-0.1269841269841269,0.0,0.325534188034188,38.5,-0.5625,0.0039437923370014,0.96,0.9544057487278168,0.8380510317899472,0.0174357134899011
Glomerular,podocyte_PEC,Lineage1,occupancy,fraction_lineage_supported,Acute Kidney Injury,Healthy Reference,37,68,0.5,0.8229166666666667,-0.3229166666666667,0.4726512226512227,0.6940038515406163,850.5,-0.3239268680445151,0.0044169051299512,1.0,0.9569013558235862,0.7722847563799451,0.0191906912542711
PT,PT,Lineage1,occupancy,fraction_lineage_supported,Acute Kidney Injury,Chronic Kidney Disease,40,84,0.3660287081339712,0.5798319327731092,-0.2138032246391379,0.3672098366047559,0.5298237060829655,1149.5,-0.3157738095238095,0.0045752711957925,1.0,0.9934969350742048,0.8919259487233593,0.0192161390223287
PT,PT,Lineage3,occupancy,fraction_lineage_supported,Diabetes Mellitus - Resilient,Healthy Reference,11,71,0.5714285714285714,0.36,0.2114285714285714,0.5381179314057795,0.3348256175843875,599.5,0.5352112676056338,0.0045149693345772,0.9896907216494846,0.9669525812952102,0.6552198918576664,0.0192161390223287
PT,PT,Lineage8,occupancy,fraction_lineage_supported,Chronic Kidney Disease,Diabetes Mellitus - Resilient,84,11,0.1731634182908545,0.3793103448275862,-0.2061469265367316,0.2025992623197479,0.353181053789573,221.5,-0.5205627705627706,0.0050324019752502,0.9690721649484536,0.9719748802611602,0.8026658118423097,0.0207895950452962
PT,PT,Lineage2,occupancy,fraction_lineage_supported,Diabetes Mellitus - Resilient,Healthy Reference,11,71,0.5757575757575758,0.35,0.2257575757575758,0.548179134570431,0.3387852776563345,595.5,0.5249679897567221,0.0053228793986716,0.9896907216494846,0.9662518525839936,0.5998290008876874,0.0216349291687944
Glomerular,podocyte_PEC,Lineage1,occupancy,fraction_lineage_supported,Chronic Kidney Disease,Healthy Reference,69,68,0.5,0.8229166666666667,-0.3229166666666667,0.4946514837819185,0.6940038515406163,1731.5,-0.2619352088661552,0.0057964842173092,1.0,0.9569013558235862,0.7722847563799451,0.0231859368692371
Glomerular,endothelial_mesangial,Lineage4,occupancy,fraction_lineage_supported,Diabetes Mellitus - Resilient,Reference,5,13,0.0,0.7777777777777778,-0.7777777777777778,0.0,0.6018081918081918,5.0,-0.8461538461538461,0.0059702235213634,0.91,0.970035900614194,0.7130215094255472,0.0235077551153684
FIB,contractile,Lineage6,occupancy,fraction_lineage_supported,Diabetes Mellitus - Resilient,Reference,11,16,0.0,0.1,-0.1,0.0,0.324156746031746,44.0,-0.5,0.0077940149178409,0.4,0.4794891752906818,-0.7654061170687154,0.0299557247847148
Glomerular,endothelial_mesangial,Lineage4,occupancy,fraction_lineage_supported,Acute Kidney Injury,Reference,16,13,0.0,0.7777777777777778,-0.7777777777777778,0.1875,0.6018081918081918,47.5,-0.5432692307692308,0.0078455469674253,0.91,0.970035900614194,0.7130215094255472,0.0299557247847148
PT,PT,Lineage8,occupancy,fraction_lineage_supported,Diabetes Mellitus - Resilient,Reference,11,16,0.3793103448275862,0.1959410265744448,0.1833693182531414,0.353181053789573,0.19325211784098,142.0,0.6136363636363635,0.0082406337045062,0.9690721649484536,0.9719748802611602,0.8026658118423097,0.0309946222915759
FIB,outer_medullary,Lineage2,occupancy,fraction_lineage_supported,Chronic Kidney Disease,Reference,17,5,0.0,1.0,-1.0,0.0588235294117647,0.6,19.5,-0.5411764705882354,0.0083888164731295,1.0,0.9918824215252988,0.94289838458206,0.031087966929833
PT,PT,Lineage5,occupancy,fraction_lineage_supported,Acute Kidney Injury,Diabetes Mellitus - Resilient,40,11,0.2367724867724867,0.5151515151515151,-0.2783790283790284,0.2666570849620564,0.4823444488390089,106.5,-0.5159090909090909,0.0094451544145668,0.9896907216494846,0.9826330785116726,0.5923228819609154,0.0344953465575485
PT,PT,Lineage4,occupancy,fraction_lineage_supported,Chronic Kidney Disease,Diabetes Mellitus - Resilient,84,11,0.1723223753976669,0.5151515151515151,-0.3428291397538482,0.2352099703699485,0.4683584348529951,244.0,-0.4718614718614718,0.0101504992384038,0.5773195876288659,0.3338714361670214,-0.2446149238938639,0.0365417972582537
PT,PT,Lineage4,occupancy,fraction_lineage_supported,Diabetes Mellitus - Resilient,Healthy Reference,11,71,0.5151515151515151,0.2758620689655172,0.2392894461859979,0.4683584348529951,0.2552886582827097,577.5,0.4788732394366197,0.0107368436802739,0.5773195876288659,0.3338714361670214,-0.2446149238938639,0.0381082339074513
PT,PT,Lineage5,occupancy,fraction_lineage_supported,Chronic Kidney Disease,Diabetes Mellitus - Resilient,84,11,0.2283549783549783,0.5151515151515151,-0.2867965367965368,0.2727794207165667,0.4823444488390089,244.0,-0.4718614718614718,0.0110223938410605,0.9896907216494846,0.9826330785116726,0.5923228819609154,0.0385783784437118
PT,PT,Lineage3,occupancy,fraction_lineage_supported,Acute Kidney Injury,Diabetes Mellitus - Resilient,40,11,0.3086080586080586,0.5714285714285714,-0.2628205128205128,0.3346583369041712,0.5381179314057795,109.0,-0.5045454545454545,0.0113233972749317,0.9896907216494846,0.9669525812952102,0.6552198918576664,0.0390889878531889
FIB,contractile,Lineage5,occupancy,fraction_lineage_supported,Diabetes Mellitus - Resilient,Healthy Reference,11,59,0.0,0.0,0.0,0.0,0.2811514950099197,192.5,-0.4067796610169492,0.0119785766734348,0.96,0.9544057487278168,0.8380510317899472,0.0400664483071631
Glomerular,podocyte_PEC,Lineage2,occupancy,fraction_lineage_supported,Diabetes Mellitus - Resilient,Reference,11,15,0.0,0.4,-0.4,0.1666666666666666,0.4650887021475257,35.0,-0.5757575757575757,0.0118175768657325,1.0,0.9706090425661436,0.854659611666671,0.0400664483071631
PT,PT,Lineage4,occupancy,fraction_lineage_supported,Acute Kidney Injury,Healthy Reference,40,71,0.4065934065934065,0.2758620689655172,0.1307313376278893,0.4134483600749717,0.2552886582827097,1827.0,0.2866197183098591,0.0120835320291444,0.5773195876288659,0.3338714361670214,-0.2446149238938639,0.0400664483071631
PT,PT,Lineage8,occupancy,fraction_lineage_supported,Diabetes Mellitus - Resilient,Healthy Reference,11,71,0.3793103448275862,0.2419354838709677,0.1373748609566185,0.353181053789573,0.2228997980078627,574.0,0.4699103713188219,0.0125503787749675,0.9690721649484536,0.9719748802611602,0.8026658118423097,0.0410739668998938
Glomerular,endothelial_mesangial,Lineage1,occupancy,fraction_lineage_supported,Healthy Reference,Reference,43,13,1.0,0.2222222222222222,0.7777777777777778,0.6989479512735326,0.3768620268620269,399.0,0.4275491949910555,0.0131557502674888,1.0,0.9697396603885624,0.7901658372333197,0.0425031931718871
PT,PT,Lineage5,position,weighted_mean_pseudotime,Acute Kidney Injury,Healthy Reference,32,56,0.4590139730795572,0.1888490789745769,0.2701648941049803,0.4677941889844349,0.2143652679322568,1611.0,0.7979910714285714,5.730304210644814e-10,0.9896907216494846,0.9826330785116726,0.5923228819609154,1.1288699294970286e-07
FIB,contractile,Lineage1,position,weighted_mean_pseudotime,Acute Kidney Injury,Healthy Reference,29,31,0.4246942384141887,0.126304787650167,0.2983894507640217,0.4473583100524645,0.1714805693233286,832.0,0.8509454949944382,1.5971145167590056e-08,1.0,0.967451832261534,0.888837486837857,1.0487718660050803e-06
FIB,contractile,Lineage1,position,weighted_mean_pseudotime,Chronic Kidney Disease,Healthy Reference,55,31,0.3542920135467029,0.126304787650167,0.2279872258965359,0.3746126653535006,0.1714805693233286,1484.0,0.7407624633431085,1.3834711967131034e-08,1.0,0.967451832261534,0.888837486837857,1.0487718660050803e-06
PT,PT,Lineage8,position,weighted_mean_pseudotime,Acute Kidney Injury,Healthy Reference,28,57,0.6366689494966126,0.2394580562047878,0.3972108932918248,0.6295236707845112,0.3035643236180269,1389.0,0.7406015037593985,3.3641520537788104e-08,0.9690721649484536,0.9719748802611602,0.8026658118423097,1.6568448864860645e-06
PT,PT,Lineage10,position,weighted_mean_pseudotime,Acute Kidney Injury,Healthy Reference,22,54,0.6457438677313424,0.2819160335009862,0.3638278342303561,0.6407670925209513,0.3215839307423268,1039.0,0.7491582491582491,3.5605433207763036e-07,0.9587628865979382,0.9591948756466192,0.7608870883095796,1.4028540683858636e-05
PT,PT,Lineage8,position,weighted_mean_pseudotime,Acute Kidney Injury,Chronic Kidney Disease,28,64,0.6366689494966126,0.3692623626449061,0.2674065868517065,0.6295236707845112,0.3919232527255983,1473.0,0.6439732142857142,9.985639734261771e-07,0.9690721649484536,0.9719748802611602,0.8026658118423097,3.278618379415948e-05
PT,PT,Lineage5,position,weighted_mean_pseudotime,Chronic Kidney Disease,Healthy Reference,65,56,0.2822632701045754,0.1888490789745769,0.0934141911299985,0.4023129205140959,0.2143652679322568,2754.0,0.5131868131868131,1.218543752526308e-06,0.9896907216494846,0.9826330785116726,0.5923228819609154,3.429330274966895e-05
FIB,outer_medullary,Lineage1,position,weighted_mean_pseudotime,Chronic Kidney Disease,Healthy Reference,17,29,0.5948445447935685,0.3528532253823003,0.2419913194112682,0.6371461577429648,0.3246672208323039,437.0,0.7728194726166329,1.5332115042093044e-05,1.0,0.9869294180465916,0.9589790451392668,0.0002745842421174
PT,PT,Lineage10,position,weighted_mean_pseudotime,Acute Kidney Injury,Chronic Kidney Disease,22,53,0.6457438677313424,0.455410950333939,0.1903329173974033,0.6407670925209513,0.455756679669255,956.0,0.6397941680960548,1.4594722907582248e-05,0.9587628865979382,0.9591948756466192,0.7608870883095796,0.0002745842421174
PT,PT,Lineage10,position,weighted_mean_pseudotime,Chronic Kidney Disease,Healthy Reference,53,54,0.455410950333939,0.2819160335009862,0.1734949168329527,0.455756679669255,0.3215839307423268,2136.0,0.4926624737945493,1.1355945031843549e-05,0.9587628865979382,0.9591948756466192,0.7608870883095796,0.0002745842421174
PT,PT,Lineage7,position,weighted_mean_pseudotime,Chronic Kidney Disease,Healthy Reference,57,52,0.5142546008904262,0.4012912207879374,0.1129633801024887,0.514366737208664,0.3855238871299254,2195.5,0.4814439946018893,1.5212163742493923e-05,0.845360824742268,0.9523749305690636,0.6766285461753472,0.0002745842421174
FIB,contractile,Lineage3,position,weighted_mean_pseudotime,Chronic Kidney Disease,Healthy Reference,56,36,0.4833032344452894,0.1886915455277349,0.2946116889175545,0.500816568750051,0.3067088803387668,1539.0,0.5267857142857142,2.1943742621331707e-05,0.99,0.9279245769920388,0.7713670679086668,0.0003325320997232
PT,PT,Lineage8,position,weighted_mean_pseudotime,Acute Kidney Injury,Diabetes Mellitus - Resilient,28,11,0.6366689494966126,0.2253504616500933,0.4113184878465192,0.6295236707845112,0.2463596476424885,291.0,0.8896103896103895,2.04352260818113e-05,0.9690721649484536,0.9719748802611602,0.8026658118423097,0.0003325320997232
PT,PT,Lineage10,position,weighted_mean_pseudotime,Acute Kidney Injury,Reference,22,11,0.6457438677313424,0.2461437880103786,0.3996000797209638,0.6407670925209513,0.2558785637427413,230.0,0.9008264462809918,3.419614176302023e-05,0.9587628865979382,0.9591948756466192,0.7608870883095796,0.0004811885662367
PT,PT,Lineage1,position,weighted_mean_pseudotime,Acute Kidney Injury,Diabetes Mellitus - Resilient,34,11,0.317260997381752,0.0986737157045253,0.2185872816772267,0.2978522584588582,0.1261570822561215,340.0,0.8181818181818181,5.6350397527923856e-05,1.0,0.9934969350742048,0.8919259487233593,0.0006938142695625
PT,PT,Lineage3,position,weighted_mean_pseudotime,Acute Kidney Injury,Healthy Reference,35,62,0.4265035451423326,0.2358500134441802,0.1906535316981523,0.4357689487407171,0.2880262473204713,1622.0,0.4949308755760369,5.574955896640291e-05,0.9896907216494846,0.9669525812952102,0.6552198918576664,0.0006938142695625
PT,PT,Lineage10,position,weighted_mean_pseudotime,Chronic Kidney Disease,Reference,53,11,0.455410950333939,0.2461437880103786,0.2092671623235604,0.455756679669255,0.2558785637427413,513.0,0.7598627787307033,8.399348767339728e-05,0.9587628865979382,0.9591948756466192,0.7608870883095796,0.0009733362983328
PT,PT,Lineage1,position,weighted_mean_pseudotime,Acute Kidney Injury,Healthy Reference,34,68,0.317260997381752,0.1605415148741945,0.1567194825075575,0.2978522584588582,0.206490347899807,1703.0,0.4731833910034602,0.0001047002100477,1.0,0.9934969350742048,0.8919259487233593,0.0011458856321889
PT,PT,Lineage8,position,weighted_mean_pseudotime,Chronic Kidney Disease,Healthy Reference,64,57,0.3692623626449061,0.2394580562047878,0.1298043064401182,0.3919232527255983,0.3035643236180269,2569.0,0.4084429824561404,0.0001106908667268,0.9690721649484536,0.9719748802611602,0.8026658118423097,0.0011476895129049
PT,PT,Lineage10,position,weighted_mean_pseudotime,Acute Kidney Injury,Diabetes Mellitus - Resilient,22,11,0.6457438677313424,0.3052160364922344,0.340527831239108,0.6407670925209513,0.3440891236503042,217.0,0.7933884297520661,0.0002652238170337,0.9587628865979382,0.9591948756466192,0.7608870883095796,0.0024880519978879
PT,PT,Lineage5,position,weighted_mean_pseudotime,Acute Kidney Injury,Reference,32,12,0.4590139730795572,0.24921173735866,0.2098022357208972,0.4677941889844349,0.2601953065975625,331.0,0.7239583333333333,0.0002624492015769,0.9896907216494846,0.9826330785116726,0.5923228819609154,0.0024880519978879
PT,PT,Lineage8,position,weighted_mean_pseudotime,Acute Kidney Injury,Reference,28,13,0.6366689494966126,0.2185606375165802,0.4181083119800324,0.6295236707845112,0.3009191465471944,311.0,0.7087912087912087,0.0003180557875012,0.9690721649484536,0.9719748802611602,0.8026658118423097,0.002848045006261
PT,PT,Lineage5,position,weighted_mean_pseudotime,Acute Kidney Injury,Diabetes Mellitus - Resilient,32,10,0.4590139730795572,0.2150813224369516,0.2439326506426056,0.4677941889844349,0.2599570896748708,281.0,0.7562500000000001,0.0003729615413821,0.9896907216494846,0.9826330785116726,0.5923228819609154,0.0031944966805342
PT,PT,Lineage8,position,weighted_mean_pseudotime,Chronic Kidney Disease,Diabetes Mellitus - Resilient,64,11,0.3692623626449061,0.2253504616500933,0.1439119009948128,0.3919232527255983,0.2463596476424885,586.0,0.6647727272727273,0.0004706816317031,0.9690721649484536,0.9719748802611602,0.8026658118423097,0.0038635117268967
FIB,contractile,Lineage3,position,weighted_mean_pseudotime,Chronic Kidney Disease,Reference,56,13,0.4833032344452894,0.1472834249512567,0.3360198094940327,0.500816568750051,0.2761192507282812,587.0,0.6126373626373627,0.0006393827898295,0.99,0.9279245769920388,0.7713670679086668,0.0050383363838565
PT,PT,Lineage1,position,weighted_mean_pseudotime,Chronic Kidney Disease,Diabetes Mellitus - Resilient,78,11,0.2555370850554235,0.0986737157045253,0.1568633693508982,0.2523328192867593,0.1261570822561215,701.0,0.6340326340326341,0.00071305914023,1.0,0.9934969350742048,0.8919259487233593,0.0054027942548196
FIB,contractile,Lineage3,position,weighted_mean_pseudotime,Acute Kidney Injury,Healthy Reference,23,36,0.4690056836267625,0.1886915455277349,0.2803141380990276,0.4999177906499819,0.3067088803387668,629.0,0.5193236714975846,0.0008569759055835,0.99,0.9279245769920388,0.7713670679086668,0.006252750125924
PT,PT,Lineage4,position,weighted_mean_pseudotime,Acute Kidney Injury,Chronic Kidney Disease,32,56,0.4401105438139699,0.300203877296471,0.1399066665174989,0.4194648682494862,0.3360691300899396,1278.0,0.4263392857142858,0.0009356283343418,0.5773195876288659,0.3338714361670214,-0.2446149238938639,0.0065828136380477
FIB,outer_medullary,Lineage1,position,weighted_mean_pseudotime,Acute Kidney Injury,Healthy Reference,6,29,0.6011333776992693,0.3528532253823003,0.248280152316969,0.6241553375395826,0.3246672208323039,157.0,0.8045977011494252,0.0009820350427561,1.0,0.9869294180465916,0.9589790451392668,0.0066710656352742
PT,PT,Lineage3,position,weighted_mean_pseudotime,Acute Kidney Injury,Diabetes Mellitus - Resilient,35,11,0.4265035451423326,0.171688490651153,0.2548150544911796,0.4357689487407171,0.2339803416269533,319.0,0.6571428571428573,0.0011755182550536,0.9896907216494846,0.9669525812952102,0.6552198918576664,0.0077192365415191
FIB,contractile,Lineage1,position,weighted_mean_pseudotime,Acute Kidney Injury,Reference,29,14,0.4246942384141887,0.1388522882134409,0.2858419502007477,0.4473583100524645,0.2499861726691782,326.0,0.6059113300492611,0.001498605608442,1.0,0.967451832261534,0.888837486837857,0.0095233969310671
PT,PT,Lineage1,position,weighted_mean_pseudotime,Chronic Kidney Disease,Healthy Reference,78,68,0.2555370850554235,0.1605415148741945,0.094995570181229,0.2523328192867593,0.206490347899807,3443.0,0.2982654600301659,0.0019272738645291,1.0,0.9934969350742048,0.8919259487233593,0.0118647797285074
FIB,contractile,Lineage1,position,weighted_mean_pseudotime,Chronic Kidney Disease,Reference,55,14,0.3542920135467029,0.1388522882134409,0.215439725333262,0.3746126653535006,0.2499861726691782,590.0,0.5324675324675325,0.0022782802924449,1.0,0.967451832261534,0.888837486837857,0.0132275310374154
PT,PT,Lineage7,position,weighted_mean_pseudotime,Diabetes Mellitus - Resilient,Healthy Reference,11,52,0.528417181934092,0.4012912207879374,0.1271259611461546,0.5298051831138566,0.3855238871299254,455.0,0.5909090909090908,0.0022829241384371,0.845360824742268,0.9523749305690636,0.6766285461753472,0.0132275310374154
FIB,contractile,Lineage1,position,weighted_mean_pseudotime,Diabetes Mellitus - Resilient,Healthy Reference,9,31,0.3166809281063512,0.126304787650167,0.1903761404561841,0.360180486749812,0.1714805693233286,233.0,0.6702508960573477,0.00259386918414,1.0,0.967451832261534,0.888837486837857,0.0145997779793027
FIB,contractile,Lineage3,position,weighted_mean_pseudotime,Acute Kidney Injury,Reference,23,13,0.4690056836267625,0.1472834249512567,0.3217222586755057,0.4999177906499819,0.2761192507282812,240.0,0.6053511705685619,0.0030354386698138,0.99,0.9279245769920388,0.7713670679086668,0.0166105949431482
PT,PT,Lineage3,position,weighted_mean_pseudotime,Acute Kidney Injury,Chronic Kidney Disease,35,75,0.4265035451423326,0.3260895945647704,0.1004139505775622,0.4357689487407171,0.3284248154606569,1760.0,0.3409523809523809,0.0041227555033853,0.9896907216494846,0.9669525812952102,0.6552198918576664,0.0219508874099164
FIB,contractile,Lineage2,position,weighted_mean_pseudotime,Chronic Kidney Disease,Healthy Reference,53,45,0.427065844816061,0.5307460905710858,-0.1036802457550247,0.4363092826077502,0.5283739151663891,796.0,-0.3324947589098532,0.0047563896305816,0.41,0.3326610664085115,-0.4711735185450718,0.0234252189306147
Glomerular,endothelial_mesangial,Lineage3,position,weighted_mean_pseudotime,Chronic Kidney Disease,Healthy Reference,51,39,0.3968996765632294,0.265289375519622,0.1316103010436073,0.4367519779492876,0.3011980338541898,1342.0,0.3494218200100554,0.0047219641084724,1.0,0.9912040368614716,0.8566331659645343,0.0234252189306147
PT,PT,Lineage10,position,weighted_mean_pseudotime,Chronic Kidney Disease,Diabetes Mellitus - Resilient,53,11,0.455410950333939,0.3052160364922344,0.1501949138417046,0.455756679669255,0.3440891236503042,451.0,0.5471698113207548,0.004663305259164,0.9587628865979382,0.9591948756466192,0.7608870883095796,0.0234252189306147
PT,PT,Lineage2,position,weighted_mean_pseudotime,Acute Kidney Injury,Diabetes Mellitus - Resilient,35,11,0.3267147144623085,0.1932929780402889,0.1334217364220196,0.3651100151944919,0.2442777874798099,294.0,0.5272727272727273,0.0092964867205093,0.9896907216494846,0.9662518525839936,0.5998290008876874,0.0436049496176271
PT,PT,Lineage8,position,weighted_mean_pseudotime,Chronic Kidney Disease,Reference,64,13,0.3692623626449061,0.2185606375165802,0.1507017251283259,0.3919232527255983,0.3009191465471944,608.0,0.4615384615384614,0.0092127513291028,0.9690721649484536,0.9719748802611602,0.8026658118423097,0.0436049496176271
FIB,contractile,Lineage1,position,weighted_mean_pseudotime,Acute Kidney Injury,Chronic Kidney Disease,29,55,0.4246942384141887,0.3542920135467029,0.0704022248674857,0.4473583100524645,0.3746126653535006,1069.0,0.3404388714733541,0.0107850105295533,1.0,0.967451832261534,0.888837486837857,0.0494103970772558
