compartment,trajectory,lineage,gene,n_supported_metacells,n_supported_donors,early_mean_log1p_cp10k,late_mean_log1p_cp10k,late_minus_early,direction_descriptive,peak_bin,trough_bin,transient_shape_descriptive,n_donors_with_early_late,donor_median_late_minus_early,donor_wilcoxon_p,donor_wilcoxon_q,donor_supported_fdr_0_05
PT,PT,Lineage2,C1QA,2527,197,0.0171334011656887,0.0787164046049328,0.0615830034392441,increasing,10,2,True,37,0.0372948513216832,0.000918129902722,0.0032487673480933,True
PT,PT,Lineage5,C1QA,2085,175,0.0165476039314415,0.0212260374135381,0.0046784334820966,increasing,10,8,True,14,-0.0090179722220686,0.0028734139278525,0.034332275390625,True
PT,PT,Lineage3,C1QB,2613,197,0.0102428287272918,0.0855620390321073,0.0753192103048154,increasing,8,2,True,26,0.0456511474870107,0.0018439083987014,0.0084819786340264,True
PT,PT,Lineage3,C1R,2613,197,0.0334931075381312,0.1997660715282678,0.1662729639901365,increasing,10,2,True,26,0.0470611269006706,0.0018439083987014,0.0084819786340264,True
PT,PT,Lineage7,C1R,2346,144,0.0250418673698894,0.0177844349905166,-0.0072574323793727,decreasing,4,9,True,37,-0.0070613899401238,0.0040398244190993,0.0232289904098215,True
PT,PT,Lineage2,C1S,2527,197,0.136747510634168,0.0591622979161973,-0.0775852127179707,decreasing,5,10,True,37,-0.0896871186170638,0.000880575767951,0.0032487673480933,True
PT,PT,Lineage5,C1S,2085,175,0.1344717541519242,0.201562585302578,0.0670908311506538,increasing,9,2,True,14,0.0467277772540952,0.0052490234375,0.0431605747767857,True
PT,PT,Lineage2,C2,2527,197,0.1374983108014699,0.0664548785374559,-0.0710434322640139,decreasing,3,10,True,37,-0.0926690063514023,6.170429385609796e-05,0.0004054853596257,True
PT,PT,Lineage3,C4B,2613,197,0.0076276020347448,0.0116060286903741,0.0039784266556293,increasing,9,8,True,26,-0.0032292050318436,0.0071891683913754,0.0206688591252045,True
PT,PT,Lineage4,C4B,2500,164,0.0079061884381634,0.0037387390039258,-0.0041674494342375,decreasing,4,9,True,49,-0.0026334811262387,0.0011701052431293,0.0179416137279837,True
PT,PT,Lineage2,FCN1,2527,197,0.0040361649717484,0.0022509816099001,-0.0017851833618483,decreasing,7,10,True,37,0.0,0.0048532308513795,0.0148832412775638,True
PT,PT,Lineage3,MASP1,2613,197,0.1469427362909749,0.0952369313093029,-0.051705804981672,decreasing,5,8,True,26,-0.0931928130196013,0.0046893656253814,0.0165931399051959,True
PT,PT,Lineage5,MASP1,2085,175,0.1422598014379211,0.3097125301384207,0.1674527287004996,increasing,9,1,True,14,0.1630530198985846,0.0067138671875,0.0431605747767857,True
PT,PT,Lineage6,MASP1,1972,137,0.1223289610223405,0.1481905329730567,0.0258615719507162,increasing,6,1,True,31,0.0334301108619559,0.0003451099619269,0.0017638953609599,True
PT,PT,Lineage3,MASP2,2613,197,0.0053994572699658,0.002894504628896,-0.0025049526410697,decreasing,6,8,True,26,-0.0027125186655414,0.0002930525201924,0.0022467359881424,True
PT,PT,Lineage2,C3,2527,197,0.0635626214416882,0.102226428754658,0.0386638073129697,increasing,6,1,True,37,0.0550782579065735,0.0018664834985776,0.0061327314953266,True
PT,PT,Lineage3,C3,2613,197,0.0623331218166901,0.5709471460863748,0.5086140242696846,increasing,10,1,True,26,0.0537933970455652,0.0032159320975066,0.0123277397071086,True
PT,PT,Lineage5,C3,2085,175,0.0422661056512948,0.4050086847286756,0.3627425790773808,increasing,10,1,True,14,0.1073410116148447,0.0001220703125,0.0054931640625,True
PT,PT,Lineage2,CFB,2527,197,0.079614321927905,0.215902606962194,0.136288285034289,increasing,7,1,True,37,0.1325974827605533,0.0001042096700984,0.0005490321920227,True
PT,PT,Lineage3,CFB,2613,197,0.0788584412903738,0.695943350347126,0.6170849090567521,increasing,10,1,True,26,0.2309371962586,0.0001259557185277,0.0011587926104556,True
PT,PT,Lineage6,CFB,1972,137,0.058003330509929,0.088281993786272,0.030278663276343,increasing,7,1,True,31,0.0278503759502875,2.2230669856071472e-05,0.0001460872590541,True
PT,PT,Lineage7,CFB,2346,144,0.0567577573149565,0.0427319950862183,-0.0140257622287382,decreasing,5,10,True,37,-0.0134200362342461,0.0039125580660765,0.0232289904098215,True
PT,PT,Lineage2,CFP,2527,197,0.0042973863759217,0.0006451896593432,-0.0036521967165785,decreasing,4,9,True,37,-0.0038054926739897,0.0001074193419174,0.0005490321920227,True
PT,PT,Lineage3,CFP,2613,197,0.0042784383170396,0.0053184298810415,0.0010399915640019,increasing,7,8,True,26,-0.0026384248717224,0.002225180116411,0.009305298668628,True
PT,PT,Lineage5,CFP,2085,175,0.0046295698218253,0.0025237939113302,-0.002105775910495,decreasing,3,5,True,14,-0.0032638243882402,0.0076857940552132,0.0432325915605746,True
PT,PT,Lineage2,C5,2527,197,0.2030365509675912,0.0794180413616375,-0.1236185096059536,decreasing,2,10,True,37,-0.1157778239269625,7.41510302759707e-06,5.6849123211577535e-05,True
PT,PT,Lineage3,C5,2613,197,0.2034667700753321,0.1012944638902429,-0.1021723061850892,decreasing,2,8,True,26,-0.1135276159789213,0.0003636479377746,0.0023896864482334,True
PT,PT,Lineage4,C5,2500,164,0.2137507631865703,0.1857654365030611,-0.0279853266835092,decreasing,7,10,True,49,0.0185196937083551,0.0024204537811058,0.0278352184827177,True
PT,PT,Lineage6,C5,1972,137,0.1763371814483474,0.0553093409728243,-0.121027840475523,decreasing,3,9,True,31,-0.0991109524038489,9.313225746154783e-10,2.142041921615601e-08,True
PT,PT,Lineage9,C5,1034,66,0.1657763173729578,0.0581195229526744,-0.1076567944202834,decreasing,2,9,True,9,-0.1126341853609406,0.00390625,0.0359375,True
PT,PT,Lineage2,C6,2527,197,0.0834492382131923,0.0411752362797853,-0.0422740019334069,decreasing,6,10,True,37,-0.0090887863734774,0.016251272933164,0.0467224096828466,True
PT,PT,Lineage6,C6,1972,137,0.1247425880848746,0.2929110343741585,0.1681684462892838,increasing,10,1,True,31,0.1392923212421936,1.0244548320770265e-07,1.1781230568885803e-06,True
PT,PT,Lineage7,C6,2346,144,0.1428196914793373,0.0605114912671594,-0.0823082002121779,decreasing,3,10,True,37,-0.0324864920734302,4.1184102883562446e-06,6.314895775479575e-05,True
PT,PT,Lineage9,C6,1034,66,0.11655436979712,0.3340903125749145,0.2175359427777945,increasing,9,3,True,9,0.2135176784028128,0.00390625,0.0359375,True
PT,PT,Lineage2,C7,2527,197,0.1356944877976107,0.410722863431938,0.2750283756343272,increasing,8,2,True,37,0.2060181879682509,7.466049750713404e-07,1.260234663883845e-05,True
PT,PT,Lineage3,C7,2613,197,0.1355828586838983,0.3272830385791582,0.1917001798952599,increasing,8,2,True,26,0.2113155379128561,9.450316429138184e-05,0.0010867863893508,True
PT,PT,Lineage7,C7,2346,144,0.1312227035604729,0.1084544092491743,-0.0227682943112985,decreasing,1,10,True,37,-0.0133847919289386,0.0062638480953786,0.0315566732431761,True
PT,PT,Lineage3,C8A,2613,197,0.0032541728086666,0.007984741071363,0.0047305682626963,increasing,10,7,True,26,-0.0007231265075017,0.0105935390886894,0.0286648704752774,True
PT,PT,Lineage6,C8A,1972,137,0.0028005939505966,0.0087324585401601,0.0059318645895634,increasing,6,1,True,31,0.0040417823766407,0.0015692533679152,0.0072185654924103,True
PT,PT,Lineage3,C8B,2613,197,0.0011691618841083,0.0,-0.0011691618841083,decreasing,5,6,True,26,0.0,0.0050620321262678,0.0166323912720229,True
PT,PT,Lineage6,C8B,1972,137,0.0014156807614846,0.008115440687869,0.0066997599263843,increasing,7,1,True,31,0.0024604309316846,0.0002930525201924,0.0016850519911068,True
PT,PT,Lineage2,C9,2527,197,0.1966577598496882,0.0432454078901247,-0.1534123519595635,decreasing,3,9,True,37,-0.1360563252269336,1.528783915447347e-06,1.4064812022115592e-05,True
PT,PT,Lineage3,C9,2613,197,0.1964364987043436,0.0520583463634148,-0.1443781523409288,decreasing,3,9,True,26,-0.1658942274665052,2.694129943847656e-05,0.0006196498870849,True
PT,PT,Lineage7,C9,2346,144,0.1841736390975888,0.207433356289877,0.0232597171922882,increasing,10,1,True,37,-0.0178896965697155,0.0068601463572122,0.0315566732431761,True
PT,PT,Lineage2,C5AR1,2527,197,0.1503308784277239,0.0568178373692902,-0.0935130410584337,decreasing,4,8,True,37,-0.0790638719973157,8.218921720981598e-07,1.260234663883845e-05,True
PT,PT,Lineage3,C5AR1,2613,197,0.1486868303223393,0.051066287385871,-0.0976205429364683,decreasing,4,8,True,26,-0.1013815502543896,0.0068480475049255,0.0206688591252045,True
PT,PT,Lineage6,C5AR1,1972,137,0.1208059423141638,0.0827945135900534,-0.0380114287241104,decreasing,5,10,True,31,-0.0252504080785364,0.0117049710825085,0.0489480608904903,True
PT,PT,Lineage7,C5AR1,2346,144,0.1250003893243118,0.1049859423308147,-0.020014446993497,decreasing,5,10,True,37,-0.0238325262419453,0.0007294246461242,0.006710706744343,True
PT,PT,Lineage5,CR2,2085,175,0.0945399330010308,0.0244557012635319,-0.0700842317374988,decreasing,3,9,True,14,-0.060149125772972,0.0057715890441035,0.0431605747767857,True
PT,PT,Lineage6,CR2,1972,137,0.0830522201572753,0.0272210802412192,-0.0558311399160561,decreasing,2,6,True,31,-0.0464425114778089,1.0809064248240006e-05,8.286949256984005e-05,True
PT,PT,Lineage7,CR2,2346,144,0.0788383366888752,0.1092724709380087,0.0304341342491334,increasing,10,4,True,37,0.0123903425033913,0.0016087972768151,0.0123341124555827,True
PT,PT,Lineage2,CFH,2527,197,0.0279188827406829,0.0946015603988387,0.0666826776581558,increasing,5,1,True,37,0.0225786304809018,0.0008074799318267,0.0032487673480933,True
PT,PT,Lineage5,CFH,2085,175,0.0262390069283664,0.1448564305127229,0.1186174235843564,increasing,9,5,True,14,0.0828867748027716,0.001871432910247,0.034332275390625,True
PT,PT,Lineage2,CFI,2527,197,1.0443867040574968,0.9773680988330484,-0.0670186052244483,decreasing,3,10,True,37,0.1865171058476938,0.0188939924846636,0.048284647460807,True
PT,PT,Lineage4,CFI,2500,164,1.058620586054675,0.9152033962532662,-0.1434171898014085,decreasing,5,9,True,49,-0.0636286535531257,2.6497433829320016e-06,0.0001218881956148,True
PT,PT,Lineage6,CFI,1972,137,0.97430689467837,1.136707578407741,0.162400683729371,increasing,7,1,True,31,0.1785731485625685,2.3283064365386963e-08,3.570069869359334e-07,True
PT,PT,Lineage7,CFI,2346,144,0.9778824135263748,0.965204035260703,-0.0126783782656718,decreasing,4,10,True,37,-0.0960365702767418,0.0001212289789691,0.0013941332581453,True
PT,PT,Lineage9,CFI,1034,66,0.9337494828668184,1.0936306989740845,0.1598812161072659,increasing,9,1,True,9,0.213188959321651,0.00390625,0.0359375,True
PT,PT,Lineage11,CFI,856,85,0.924793760545054,0.8368699984735175,-0.0879237620715365,decreasing,5,9,True,16,-0.0708257880444221,0.000152587890625,0.00701904296875,True
PT,PT,Lineage2,CD46,2527,197,0.6889898655455281,0.8532050312802493,0.1642151657347211,increasing,8,10,True,37,0.2353915796198452,0.0001753965334501,0.0008068240538705,True
PT,PT,Lineage3,CD46,2613,197,0.6887084778766636,1.0323874695923607,0.3436789917156971,increasing,10,6,True,26,0.373196566252267,8.156895637512207e-05,0.0010867863893508,True
PT,PT,Lineage5,CD46,2085,175,0.6874144468922446,0.7524657880611247,0.0650513411688801,increasing,10,2,True,14,0.1152899432501166,0.0030517578125,0.034332275390625,True
PT,PT,Lineage4,CD55,2500,164,0.0887949883801924,0.1345235462963367,0.0457285579161443,increasing,9,4,True,49,0.0350356597237179,6.172015834238209e-05,0.0014195636418747,True
PT,PT,Lineage6,CD55,1972,137,0.0937399397209581,0.032346747557475,-0.061393192163483,decreasing,1,9,True,31,-0.0583393185725862,1.573935151100159e-07,1.448020339012146e-06,True
PT,PT,Lineage7,CD55,2346,144,0.0888056713085012,0.1174398415292283,0.0286341702207271,increasing,9,5,True,37,0.0684603765769198,7.24394340068102e-08,3.3322139643132687e-06,True
PT,PT,Lineage9,CD55,1034,66,0.1167386720271615,0.0241781399451018,-0.0925605320820597,decreasing,1,10,True,9,-0.1229655647388069,0.00390625,0.0359375,True
PT,PT,Lineage2,CD59,2527,197,0.425199408184081,1.3242562694852047,0.8990568613011237,increasing,9,2,True,37,0.9478095418001736,1.4551915228366852e-11,6.693881005048752e-10,True
PT,PT,Lineage3,CD59,2613,197,0.4241739509087822,1.5481973718798254,1.1240234209710431,increasing,10,2,True,26,0.8394923343430285,8.940696716308595e-08,4.112720489501953e-06,True
PT,PT,Lineage6,CD59,1972,137,0.4337163040229727,0.719531184289928,0.2858148802669553,increasing,10,2,True,31,0.2965603263278465,9.313225746154783e-10,2.142041921615601e-08,True
PT,PT,Lineage7,CD59,2346,144,0.4477920835620959,0.3497496203379683,-0.0980424632241275,decreasing,4,10,True,37,-0.1119290069906136,3.147870302200318e-07,7.24010169506073e-06,True
PT,PT,Lineage9,CD59,1034,66,0.441992743593781,0.7269525358898653,0.2849597922960843,increasing,10,2,True,9,0.2695140406853266,0.00390625,0.0359375,True
PT,PT,Lineage2,SERPING1,2527,197,0.1044090712143269,0.2409803549810508,0.1365712837667239,increasing,8,2,True,37,0.1887752134305843,1.3058790772288792e-06,1.4064812022115592e-05,True
PT,PT,Lineage3,SERPING1,2613,197,0.1044405259871028,0.500267899971853,0.3958273739847501,increasing,10,2,True,26,0.3553337354416366,0.0004458336600815,0.0025635435454689,True
